
hobbyos.elf:	file format elf64-littleaarch64

Disassembly of section .text:

0000000040080000 <_start>:
40080000: d53800a0     	mrs	x0, MPIDR_EL1
40080004: 92401c00     	and	x0, x0, #0xff
40080008: d2a00021     	mov	x1, #0x10000            // =65536
4008000c: 9b017c01     	mul	x1, x0, x1
40080010: 5800a7c2     	ldr	x2, 0x40081508 <execute_trap_frame+0x58>
40080014: cb21605f     	sub	sp, x2, x1
40080018: 5800a7c1     	ldr	x1, 0x40081510 <execute_trap_frame+0x60>
4008001c: d518c001     	msr	VBAR_EL1, x1
40080020: b5000100     	cbnz	x0, 0x40080040 <halt>
40080024: 5800a7a1     	ldr	x1, 0x40081518 <execute_trap_frame+0x68>
40080028: 5800a7c2     	ldr	x2, 0x40081520 <execute_trap_frame+0x70>

000000004008002c <clear_bss>:
4008002c: eb02003f     	cmp	x1, x2
40080030: 5400006a     	b.ge	0x4008003c <run_main>
40080034: f800843f     	str	xzr, [x1], #0x8
40080038: 17fffffd     	b	0x4008002c <clear_bss>

000000004008003c <run_main>:
4008003c: 94001559     	bl	0x400855a0 <main>

0000000040080040 <halt>:
40080040: d10043ff     	sub	sp, sp, #0x10
40080044: d28004c1     	mov	x1, #0x26               // =38
40080048: b26f0021     	orr	x1, x1, #0x20000
4008004c: f90003e1     	str	x1, [sp]
40080050: f90007ff     	str	xzr, [sp, #0x8]
40080054: d2800300     	mov	x0, #0x18               // =24
40080058: 910003e1     	mov	x1, sp
4008005c: d45e0000     	hlt	#0xf000
40080060: 5800a640     	ldr	x0, 0x40081528 <execute_trap_frame+0x78>
40080064: d2800001     	mov	x1, #0x0                // =0
40080068: d2800002     	mov	x2, #0x0                // =0
4008006c: d2800003     	mov	x3, #0x0                // =0
40080070: d4000002     	hvc	#0
40080074: d4000003     	smc	#0
40080078: d503207f     	wfi
4008007c: 17fffff1     	b	0x40080040 <halt>

0000000040080080 <secondary_entry>:
40080080: d53800a0     	mrs	x0, MPIDR_EL1
40080084: 92401c00     	and	x0, x0, #0xff
40080088: d2a00021     	mov	x1, #0x10000            // =65536
4008008c: 9b017c01     	mul	x1, x0, x1
40080090: 5800a3c2     	ldr	x2, 0x40081508 <execute_trap_frame+0x58>
40080094: cb21605f     	sub	sp, x2, x1
40080098: 5800a3c1     	ldr	x1, 0x40081510 <execute_trap_frame+0x60>
4008009c: d518c001     	msr	VBAR_EL1, x1
400800a0: 940015a0     	bl	0x40085720 <secondary_main>

00000000400800a4 <secondary_halt>:
400800a4: d503207f     	wfi
400800a8: 17ffffff     	b	0x400800a4 <secondary_halt>
400800ac: d503201f     	nop
400800b0: d503201f     	nop
400800b4: d503201f     	nop
400800b8: d503201f     	nop
400800bc: d503201f     	nop
400800c0: d503201f     	nop
400800c4: d503201f     	nop
400800c8: d503201f     	nop
400800cc: d503201f     	nop
400800d0: d503201f     	nop
400800d4: d503201f     	nop
400800d8: d503201f     	nop
400800dc: d503201f     	nop
400800e0: d503201f     	nop
400800e4: d503201f     	nop
400800e8: d503201f     	nop
400800ec: d503201f     	nop
400800f0: d503201f     	nop
400800f4: d503201f     	nop
400800f8: d503201f     	nop
400800fc: d503201f     	nop
40080100: d503201f     	nop
40080104: d503201f     	nop
40080108: d503201f     	nop
4008010c: d503201f     	nop
40080110: d503201f     	nop
40080114: d503201f     	nop
40080118: d503201f     	nop
4008011c: d503201f     	nop
40080120: d503201f     	nop
40080124: d503201f     	nop
40080128: d503201f     	nop
4008012c: d503201f     	nop
40080130: d503201f     	nop
40080134: d503201f     	nop
40080138: d503201f     	nop
4008013c: d503201f     	nop
40080140: d503201f     	nop
40080144: d503201f     	nop
40080148: d503201f     	nop
4008014c: d503201f     	nop
40080150: d503201f     	nop
40080154: d503201f     	nop
40080158: d503201f     	nop
4008015c: d503201f     	nop
40080160: d503201f     	nop
40080164: d503201f     	nop
40080168: d503201f     	nop
4008016c: d503201f     	nop
40080170: d503201f     	nop
40080174: d503201f     	nop
40080178: d503201f     	nop
4008017c: d503201f     	nop
40080180: d503201f     	nop
40080184: d503201f     	nop
40080188: d503201f     	nop
4008018c: d503201f     	nop
40080190: d503201f     	nop
40080194: d503201f     	nop
40080198: d503201f     	nop
4008019c: d503201f     	nop
400801a0: d503201f     	nop
400801a4: d503201f     	nop
400801a8: d503201f     	nop
400801ac: d503201f     	nop
400801b0: d503201f     	nop
400801b4: d503201f     	nop
400801b8: d503201f     	nop
400801bc: d503201f     	nop
400801c0: d503201f     	nop
400801c4: d503201f     	nop
400801c8: d503201f     	nop
400801cc: d503201f     	nop
400801d0: d503201f     	nop
400801d4: d503201f     	nop
400801d8: d503201f     	nop
400801dc: d503201f     	nop
400801e0: d503201f     	nop
400801e4: d503201f     	nop
400801e8: d503201f     	nop
400801ec: d503201f     	nop
400801f0: d503201f     	nop
400801f4: d503201f     	nop
400801f8: d503201f     	nop
400801fc: d503201f     	nop
40080200: d503201f     	nop
40080204: d503201f     	nop
40080208: d503201f     	nop
4008020c: d503201f     	nop
40080210: d503201f     	nop
40080214: d503201f     	nop
40080218: d503201f     	nop
4008021c: d503201f     	nop
40080220: d503201f     	nop
40080224: d503201f     	nop
40080228: d503201f     	nop
4008022c: d503201f     	nop
40080230: d503201f     	nop
40080234: d503201f     	nop
40080238: d503201f     	nop
4008023c: d503201f     	nop
40080240: d503201f     	nop
40080244: d503201f     	nop
40080248: d503201f     	nop
4008024c: d503201f     	nop
40080250: d503201f     	nop
40080254: d503201f     	nop
40080258: d503201f     	nop
4008025c: d503201f     	nop
40080260: d503201f     	nop
40080264: d503201f     	nop
40080268: d503201f     	nop
4008026c: d503201f     	nop
40080270: d503201f     	nop
40080274: d503201f     	nop
40080278: d503201f     	nop
4008027c: d503201f     	nop
40080280: d503201f     	nop
40080284: d503201f     	nop
40080288: d503201f     	nop
4008028c: d503201f     	nop
40080290: d503201f     	nop
40080294: d503201f     	nop
40080298: d503201f     	nop
4008029c: d503201f     	nop
400802a0: d503201f     	nop
400802a4: d503201f     	nop
400802a8: d503201f     	nop
400802ac: d503201f     	nop
400802b0: d503201f     	nop
400802b4: d503201f     	nop
400802b8: d503201f     	nop
400802bc: d503201f     	nop
400802c0: d503201f     	nop
400802c4: d503201f     	nop
400802c8: d503201f     	nop
400802cc: d503201f     	nop
400802d0: d503201f     	nop
400802d4: d503201f     	nop
400802d8: d503201f     	nop
400802dc: d503201f     	nop
400802e0: d503201f     	nop
400802e4: d503201f     	nop
400802e8: d503201f     	nop
400802ec: d503201f     	nop
400802f0: d503201f     	nop
400802f4: d503201f     	nop
400802f8: d503201f     	nop
400802fc: d503201f     	nop
40080300: d503201f     	nop
40080304: d503201f     	nop
40080308: d503201f     	nop
4008030c: d503201f     	nop
40080310: d503201f     	nop
40080314: d503201f     	nop
40080318: d503201f     	nop
4008031c: d503201f     	nop
40080320: d503201f     	nop
40080324: d503201f     	nop
40080328: d503201f     	nop
4008032c: d503201f     	nop
40080330: d503201f     	nop
40080334: d503201f     	nop
40080338: d503201f     	nop
4008033c: d503201f     	nop
40080340: d503201f     	nop
40080344: d503201f     	nop
40080348: d503201f     	nop
4008034c: d503201f     	nop
40080350: d503201f     	nop
40080354: d503201f     	nop
40080358: d503201f     	nop
4008035c: d503201f     	nop
40080360: d503201f     	nop
40080364: d503201f     	nop
40080368: d503201f     	nop
4008036c: d503201f     	nop
40080370: d503201f     	nop
40080374: d503201f     	nop
40080378: d503201f     	nop
4008037c: d503201f     	nop
40080380: d503201f     	nop
40080384: d503201f     	nop
40080388: d503201f     	nop
4008038c: d503201f     	nop
40080390: d503201f     	nop
40080394: d503201f     	nop
40080398: d503201f     	nop
4008039c: d503201f     	nop
400803a0: d503201f     	nop
400803a4: d503201f     	nop
400803a8: d503201f     	nop
400803ac: d503201f     	nop
400803b0: d503201f     	nop
400803b4: d503201f     	nop
400803b8: d503201f     	nop
400803bc: d503201f     	nop
400803c0: d503201f     	nop
400803c4: d503201f     	nop
400803c8: d503201f     	nop
400803cc: d503201f     	nop
400803d0: d503201f     	nop
400803d4: d503201f     	nop
400803d8: d503201f     	nop
400803dc: d503201f     	nop
400803e0: d503201f     	nop
400803e4: d503201f     	nop
400803e8: d503201f     	nop
400803ec: d503201f     	nop
400803f0: d503201f     	nop
400803f4: d503201f     	nop
400803f8: d503201f     	nop
400803fc: d503201f     	nop
40080400: d503201f     	nop
40080404: d503201f     	nop
40080408: d503201f     	nop
4008040c: d503201f     	nop
40080410: d503201f     	nop
40080414: d503201f     	nop
40080418: d503201f     	nop
4008041c: d503201f     	nop
40080420: d503201f     	nop
40080424: d503201f     	nop
40080428: d503201f     	nop
4008042c: d503201f     	nop
40080430: d503201f     	nop
40080434: d503201f     	nop
40080438: d503201f     	nop
4008043c: d503201f     	nop
40080440: d503201f     	nop
40080444: d503201f     	nop
40080448: d503201f     	nop
4008044c: d503201f     	nop
40080450: d503201f     	nop
40080454: d503201f     	nop
40080458: d503201f     	nop
4008045c: d503201f     	nop
40080460: d503201f     	nop
40080464: d503201f     	nop
40080468: d503201f     	nop
4008046c: d503201f     	nop
40080470: d503201f     	nop
40080474: d503201f     	nop
40080478: d503201f     	nop
4008047c: d503201f     	nop
40080480: d503201f     	nop
40080484: d503201f     	nop
40080488: d503201f     	nop
4008048c: d503201f     	nop
40080490: d503201f     	nop
40080494: d503201f     	nop
40080498: d503201f     	nop
4008049c: d503201f     	nop
400804a0: d503201f     	nop
400804a4: d503201f     	nop
400804a8: d503201f     	nop
400804ac: d503201f     	nop
400804b0: d503201f     	nop
400804b4: d503201f     	nop
400804b8: d503201f     	nop
400804bc: d503201f     	nop
400804c0: d503201f     	nop
400804c4: d503201f     	nop
400804c8: d503201f     	nop
400804cc: d503201f     	nop
400804d0: d503201f     	nop
400804d4: d503201f     	nop
400804d8: d503201f     	nop
400804dc: d503201f     	nop
400804e0: d503201f     	nop
400804e4: d503201f     	nop
400804e8: d503201f     	nop
400804ec: d503201f     	nop
400804f0: d503201f     	nop
400804f4: d503201f     	nop
400804f8: d503201f     	nop
400804fc: d503201f     	nop
40080500: d503201f     	nop
40080504: d503201f     	nop
40080508: d503201f     	nop
4008050c: d503201f     	nop
40080510: d503201f     	nop
40080514: d503201f     	nop
40080518: d503201f     	nop
4008051c: d503201f     	nop
40080520: d503201f     	nop
40080524: d503201f     	nop
40080528: d503201f     	nop
4008052c: d503201f     	nop
40080530: d503201f     	nop
40080534: d503201f     	nop
40080538: d503201f     	nop
4008053c: d503201f     	nop
40080540: d503201f     	nop
40080544: d503201f     	nop
40080548: d503201f     	nop
4008054c: d503201f     	nop
40080550: d503201f     	nop
40080554: d503201f     	nop
40080558: d503201f     	nop
4008055c: d503201f     	nop
40080560: d503201f     	nop
40080564: d503201f     	nop
40080568: d503201f     	nop
4008056c: d503201f     	nop
40080570: d503201f     	nop
40080574: d503201f     	nop
40080578: d503201f     	nop
4008057c: d503201f     	nop
40080580: d503201f     	nop
40080584: d503201f     	nop
40080588: d503201f     	nop
4008058c: d503201f     	nop
40080590: d503201f     	nop
40080594: d503201f     	nop
40080598: d503201f     	nop
4008059c: d503201f     	nop
400805a0: d503201f     	nop
400805a4: d503201f     	nop
400805a8: d503201f     	nop
400805ac: d503201f     	nop
400805b0: d503201f     	nop
400805b4: d503201f     	nop
400805b8: d503201f     	nop
400805bc: d503201f     	nop
400805c0: d503201f     	nop
400805c4: d503201f     	nop
400805c8: d503201f     	nop
400805cc: d503201f     	nop
400805d0: d503201f     	nop
400805d4: d503201f     	nop
400805d8: d503201f     	nop
400805dc: d503201f     	nop
400805e0: d503201f     	nop
400805e4: d503201f     	nop
400805e8: d503201f     	nop
400805ec: d503201f     	nop
400805f0: d503201f     	nop
400805f4: d503201f     	nop
400805f8: d503201f     	nop
400805fc: d503201f     	nop
40080600: d503201f     	nop
40080604: d503201f     	nop
40080608: d503201f     	nop
4008060c: d503201f     	nop
40080610: d503201f     	nop
40080614: d503201f     	nop
40080618: d503201f     	nop
4008061c: d503201f     	nop
40080620: d503201f     	nop
40080624: d503201f     	nop
40080628: d503201f     	nop
4008062c: d503201f     	nop
40080630: d503201f     	nop
40080634: d503201f     	nop
40080638: d503201f     	nop
4008063c: d503201f     	nop
40080640: d503201f     	nop
40080644: d503201f     	nop
40080648: d503201f     	nop
4008064c: d503201f     	nop
40080650: d503201f     	nop
40080654: d503201f     	nop
40080658: d503201f     	nop
4008065c: d503201f     	nop
40080660: d503201f     	nop
40080664: d503201f     	nop
40080668: d503201f     	nop
4008066c: d503201f     	nop
40080670: d503201f     	nop
40080674: d503201f     	nop
40080678: d503201f     	nop
4008067c: d503201f     	nop
40080680: d503201f     	nop
40080684: d503201f     	nop
40080688: d503201f     	nop
4008068c: d503201f     	nop
40080690: d503201f     	nop
40080694: d503201f     	nop
40080698: d503201f     	nop
4008069c: d503201f     	nop
400806a0: d503201f     	nop
400806a4: d503201f     	nop
400806a8: d503201f     	nop
400806ac: d503201f     	nop
400806b0: d503201f     	nop
400806b4: d503201f     	nop
400806b8: d503201f     	nop
400806bc: d503201f     	nop
400806c0: d503201f     	nop
400806c4: d503201f     	nop
400806c8: d503201f     	nop
400806cc: d503201f     	nop
400806d0: d503201f     	nop
400806d4: d503201f     	nop
400806d8: d503201f     	nop
400806dc: d503201f     	nop
400806e0: d503201f     	nop
400806e4: d503201f     	nop
400806e8: d503201f     	nop
400806ec: d503201f     	nop
400806f0: d503201f     	nop
400806f4: d503201f     	nop
400806f8: d503201f     	nop
400806fc: d503201f     	nop
40080700: d503201f     	nop
40080704: d503201f     	nop
40080708: d503201f     	nop
4008070c: d503201f     	nop
40080710: d503201f     	nop
40080714: d503201f     	nop
40080718: d503201f     	nop
4008071c: d503201f     	nop
40080720: d503201f     	nop
40080724: d503201f     	nop
40080728: d503201f     	nop
4008072c: d503201f     	nop
40080730: d503201f     	nop
40080734: d503201f     	nop
40080738: d503201f     	nop
4008073c: d503201f     	nop
40080740: d503201f     	nop
40080744: d503201f     	nop
40080748: d503201f     	nop
4008074c: d503201f     	nop
40080750: d503201f     	nop
40080754: d503201f     	nop
40080758: d503201f     	nop
4008075c: d503201f     	nop
40080760: d503201f     	nop
40080764: d503201f     	nop
40080768: d503201f     	nop
4008076c: d503201f     	nop
40080770: d503201f     	nop
40080774: d503201f     	nop
40080778: d503201f     	nop
4008077c: d503201f     	nop
40080780: d503201f     	nop
40080784: d503201f     	nop
40080788: d503201f     	nop
4008078c: d503201f     	nop
40080790: d503201f     	nop
40080794: d503201f     	nop
40080798: d503201f     	nop
4008079c: d503201f     	nop
400807a0: d503201f     	nop
400807a4: d503201f     	nop
400807a8: d503201f     	nop
400807ac: d503201f     	nop
400807b0: d503201f     	nop
400807b4: d503201f     	nop
400807b8: d503201f     	nop
400807bc: d503201f     	nop
400807c0: d503201f     	nop
400807c4: d503201f     	nop
400807c8: d503201f     	nop
400807cc: d503201f     	nop
400807d0: d503201f     	nop
400807d4: d503201f     	nop
400807d8: d503201f     	nop
400807dc: d503201f     	nop
400807e0: d503201f     	nop
400807e4: d503201f     	nop
400807e8: d503201f     	nop
400807ec: d503201f     	nop
400807f0: d503201f     	nop
400807f4: d503201f     	nop
400807f8: d503201f     	nop
400807fc: d503201f     	nop

0000000040080800 <vectors>:
40080800: 14000000     	b	0x40080800 <vectors>
40080804: d503201f     	nop
40080808: d503201f     	nop
4008080c: d503201f     	nop
40080810: d503201f     	nop
40080814: d503201f     	nop
40080818: d503201f     	nop
4008081c: d503201f     	nop
40080820: d503201f     	nop
40080824: d503201f     	nop
40080828: d503201f     	nop
4008082c: d503201f     	nop
40080830: d503201f     	nop
40080834: d503201f     	nop
40080838: d503201f     	nop
4008083c: d503201f     	nop
40080840: d503201f     	nop
40080844: d503201f     	nop
40080848: d503201f     	nop
4008084c: d503201f     	nop
40080850: d503201f     	nop
40080854: d503201f     	nop
40080858: d503201f     	nop
4008085c: d503201f     	nop
40080860: d503201f     	nop
40080864: d503201f     	nop
40080868: d503201f     	nop
4008086c: d503201f     	nop
40080870: d503201f     	nop
40080874: d503201f     	nop
40080878: d503201f     	nop
4008087c: d503201f     	nop
40080880: 14000000     	b	0x40080880 <vectors+0x80>
40080884: d503201f     	nop
40080888: d503201f     	nop
4008088c: d503201f     	nop
40080890: d503201f     	nop
40080894: d503201f     	nop
40080898: d503201f     	nop
4008089c: d503201f     	nop
400808a0: d503201f     	nop
400808a4: d503201f     	nop
400808a8: d503201f     	nop
400808ac: d503201f     	nop
400808b0: d503201f     	nop
400808b4: d503201f     	nop
400808b8: d503201f     	nop
400808bc: d503201f     	nop
400808c0: d503201f     	nop
400808c4: d503201f     	nop
400808c8: d503201f     	nop
400808cc: d503201f     	nop
400808d0: d503201f     	nop
400808d4: d503201f     	nop
400808d8: d503201f     	nop
400808dc: d503201f     	nop
400808e0: d503201f     	nop
400808e4: d503201f     	nop
400808e8: d503201f     	nop
400808ec: d503201f     	nop
400808f0: d503201f     	nop
400808f4: d503201f     	nop
400808f8: d503201f     	nop
400808fc: d503201f     	nop
40080900: 14000000     	b	0x40080900 <vectors+0x100>
40080904: d503201f     	nop
40080908: d503201f     	nop
4008090c: d503201f     	nop
40080910: d503201f     	nop
40080914: d503201f     	nop
40080918: d503201f     	nop
4008091c: d503201f     	nop
40080920: d503201f     	nop
40080924: d503201f     	nop
40080928: d503201f     	nop
4008092c: d503201f     	nop
40080930: d503201f     	nop
40080934: d503201f     	nop
40080938: d503201f     	nop
4008093c: d503201f     	nop
40080940: d503201f     	nop
40080944: d503201f     	nop
40080948: d503201f     	nop
4008094c: d503201f     	nop
40080950: d503201f     	nop
40080954: d503201f     	nop
40080958: d503201f     	nop
4008095c: d503201f     	nop
40080960: d503201f     	nop
40080964: d503201f     	nop
40080968: d503201f     	nop
4008096c: d503201f     	nop
40080970: d503201f     	nop
40080974: d503201f     	nop
40080978: d503201f     	nop
4008097c: d503201f     	nop
40080980: 14000000     	b	0x40080980 <vectors+0x180>
40080984: d503201f     	nop
40080988: d503201f     	nop
4008098c: d503201f     	nop
40080990: d503201f     	nop
40080994: d503201f     	nop
40080998: d503201f     	nop
4008099c: d503201f     	nop
400809a0: d503201f     	nop
400809a4: d503201f     	nop
400809a8: d503201f     	nop
400809ac: d503201f     	nop
400809b0: d503201f     	nop
400809b4: d503201f     	nop
400809b8: d503201f     	nop
400809bc: d503201f     	nop
400809c0: d503201f     	nop
400809c4: d503201f     	nop
400809c8: d503201f     	nop
400809cc: d503201f     	nop
400809d0: d503201f     	nop
400809d4: d503201f     	nop
400809d8: d503201f     	nop
400809dc: d503201f     	nop
400809e0: d503201f     	nop
400809e4: d503201f     	nop
400809e8: d503201f     	nop
400809ec: d503201f     	nop
400809f0: d503201f     	nop
400809f4: d503201f     	nop
400809f8: d503201f     	nop
400809fc: d503201f     	nop
40080a00: 14000281     	b	0x40081404 <kernel_sync_wrapper>
40080a04: d503201f     	nop
40080a08: d503201f     	nop
40080a0c: d503201f     	nop
40080a10: d503201f     	nop
40080a14: d503201f     	nop
40080a18: d503201f     	nop
40080a1c: d503201f     	nop
40080a20: d503201f     	nop
40080a24: d503201f     	nop
40080a28: d503201f     	nop
40080a2c: d503201f     	nop
40080a30: d503201f     	nop
40080a34: d503201f     	nop
40080a38: d503201f     	nop
40080a3c: d503201f     	nop
40080a40: d503201f     	nop
40080a44: d503201f     	nop
40080a48: d503201f     	nop
40080a4c: d503201f     	nop
40080a50: d503201f     	nop
40080a54: d503201f     	nop
40080a58: d503201f     	nop
40080a5c: d503201f     	nop
40080a60: d503201f     	nop
40080a64: d503201f     	nop
40080a68: d503201f     	nop
40080a6c: d503201f     	nop
40080a70: d503201f     	nop
40080a74: d503201f     	nop
40080a78: d503201f     	nop
40080a7c: d503201f     	nop
40080a80: 14000141     	b	0x40080f84 <irq_wrapper>
40080a84: d503201f     	nop
40080a88: d503201f     	nop
40080a8c: d503201f     	nop
40080a90: d503201f     	nop
40080a94: d503201f     	nop
40080a98: d503201f     	nop
40080a9c: d503201f     	nop
40080aa0: d503201f     	nop
40080aa4: d503201f     	nop
40080aa8: d503201f     	nop
40080aac: d503201f     	nop
40080ab0: d503201f     	nop
40080ab4: d503201f     	nop
40080ab8: d503201f     	nop
40080abc: d503201f     	nop
40080ac0: d503201f     	nop
40080ac4: d503201f     	nop
40080ac8: d503201f     	nop
40080acc: d503201f     	nop
40080ad0: d503201f     	nop
40080ad4: d503201f     	nop
40080ad8: d503201f     	nop
40080adc: d503201f     	nop
40080ae0: d503201f     	nop
40080ae4: d503201f     	nop
40080ae8: d503201f     	nop
40080aec: d503201f     	nop
40080af0: d503201f     	nop
40080af4: d503201f     	nop
40080af8: d503201f     	nop
40080afc: d503201f     	nop
40080b00: 14000000     	b	0x40080b00 <vectors+0x300>
40080b04: d503201f     	nop
40080b08: d503201f     	nop
40080b0c: d503201f     	nop
40080b10: d503201f     	nop
40080b14: d503201f     	nop
40080b18: d503201f     	nop
40080b1c: d503201f     	nop
40080b20: d503201f     	nop
40080b24: d503201f     	nop
40080b28: d503201f     	nop
40080b2c: d503201f     	nop
40080b30: d503201f     	nop
40080b34: d503201f     	nop
40080b38: d503201f     	nop
40080b3c: d503201f     	nop
40080b40: d503201f     	nop
40080b44: d503201f     	nop
40080b48: d503201f     	nop
40080b4c: d503201f     	nop
40080b50: d503201f     	nop
40080b54: d503201f     	nop
40080b58: d503201f     	nop
40080b5c: d503201f     	nop
40080b60: d503201f     	nop
40080b64: d503201f     	nop
40080b68: d503201f     	nop
40080b6c: d503201f     	nop
40080b70: d503201f     	nop
40080b74: d503201f     	nop
40080b78: d503201f     	nop
40080b7c: d503201f     	nop
40080b80: 14000000     	b	0x40080b80 <vectors+0x380>
40080b84: d503201f     	nop
40080b88: d503201f     	nop
40080b8c: d503201f     	nop
40080b90: d503201f     	nop
40080b94: d503201f     	nop
40080b98: d503201f     	nop
40080b9c: d503201f     	nop
40080ba0: d503201f     	nop
40080ba4: d503201f     	nop
40080ba8: d503201f     	nop
40080bac: d503201f     	nop
40080bb0: d503201f     	nop
40080bb4: d503201f     	nop
40080bb8: d503201f     	nop
40080bbc: d503201f     	nop
40080bc0: d503201f     	nop
40080bc4: d503201f     	nop
40080bc8: d503201f     	nop
40080bcc: d503201f     	nop
40080bd0: d503201f     	nop
40080bd4: d503201f     	nop
40080bd8: d503201f     	nop
40080bdc: d503201f     	nop
40080be0: d503201f     	nop
40080be4: d503201f     	nop
40080be8: d503201f     	nop
40080bec: d503201f     	nop
40080bf0: d503201f     	nop
40080bf4: d503201f     	nop
40080bf8: d503201f     	nop
40080bfc: d503201f     	nop
40080c00: 1400010c     	b	0x40081030 <sync_lower_wrapper>
40080c04: d503201f     	nop
40080c08: d503201f     	nop
40080c0c: d503201f     	nop
40080c10: d503201f     	nop
40080c14: d503201f     	nop
40080c18: d503201f     	nop
40080c1c: d503201f     	nop
40080c20: d503201f     	nop
40080c24: d503201f     	nop
40080c28: d503201f     	nop
40080c2c: d503201f     	nop
40080c30: d503201f     	nop
40080c34: d503201f     	nop
40080c38: d503201f     	nop
40080c3c: d503201f     	nop
40080c40: d503201f     	nop
40080c44: d503201f     	nop
40080c48: d503201f     	nop
40080c4c: d503201f     	nop
40080c50: d503201f     	nop
40080c54: d503201f     	nop
40080c58: d503201f     	nop
40080c5c: d503201f     	nop
40080c60: d503201f     	nop
40080c64: d503201f     	nop
40080c68: d503201f     	nop
40080c6c: d503201f     	nop
40080c70: d503201f     	nop
40080c74: d503201f     	nop
40080c78: d503201f     	nop
40080c7c: d503201f     	nop
40080c80: 14000119     	b	0x400810e4 <irq_lower_wrapper>
40080c84: d503201f     	nop
40080c88: d503201f     	nop
40080c8c: d503201f     	nop
40080c90: d503201f     	nop
40080c94: d503201f     	nop
40080c98: d503201f     	nop
40080c9c: d503201f     	nop
40080ca0: d503201f     	nop
40080ca4: d503201f     	nop
40080ca8: d503201f     	nop
40080cac: d503201f     	nop
40080cb0: d503201f     	nop
40080cb4: d503201f     	nop
40080cb8: d503201f     	nop
40080cbc: d503201f     	nop
40080cc0: d503201f     	nop
40080cc4: d503201f     	nop
40080cc8: d503201f     	nop
40080ccc: d503201f     	nop
40080cd0: d503201f     	nop
40080cd4: d503201f     	nop
40080cd8: d503201f     	nop
40080cdc: d503201f     	nop
40080ce0: d503201f     	nop
40080ce4: d503201f     	nop
40080ce8: d503201f     	nop
40080cec: d503201f     	nop
40080cf0: d503201f     	nop
40080cf4: d503201f     	nop
40080cf8: d503201f     	nop
40080cfc: d503201f     	nop
40080d00: 14000000     	b	0x40080d00 <vectors+0x500>
40080d04: d503201f     	nop
40080d08: d503201f     	nop
40080d0c: d503201f     	nop
40080d10: d503201f     	nop
40080d14: d503201f     	nop
40080d18: d503201f     	nop
40080d1c: d503201f     	nop
40080d20: d503201f     	nop
40080d24: d503201f     	nop
40080d28: d503201f     	nop
40080d2c: d503201f     	nop
40080d30: d503201f     	nop
40080d34: d503201f     	nop
40080d38: d503201f     	nop
40080d3c: d503201f     	nop
40080d40: d503201f     	nop
40080d44: d503201f     	nop
40080d48: d503201f     	nop
40080d4c: d503201f     	nop
40080d50: d503201f     	nop
40080d54: d503201f     	nop
40080d58: d503201f     	nop
40080d5c: d503201f     	nop
40080d60: d503201f     	nop
40080d64: d503201f     	nop
40080d68: d503201f     	nop
40080d6c: d503201f     	nop
40080d70: d503201f     	nop
40080d74: d503201f     	nop
40080d78: d503201f     	nop
40080d7c: d503201f     	nop
40080d80: 14000000     	b	0x40080d80 <vectors+0x580>
40080d84: d503201f     	nop
40080d88: d503201f     	nop
40080d8c: d503201f     	nop
40080d90: d503201f     	nop
40080d94: d503201f     	nop
40080d98: d503201f     	nop
40080d9c: d503201f     	nop
40080da0: d503201f     	nop
40080da4: d503201f     	nop
40080da8: d503201f     	nop
40080dac: d503201f     	nop
40080db0: d503201f     	nop
40080db4: d503201f     	nop
40080db8: d503201f     	nop
40080dbc: d503201f     	nop
40080dc0: d503201f     	nop
40080dc4: d503201f     	nop
40080dc8: d503201f     	nop
40080dcc: d503201f     	nop
40080dd0: d503201f     	nop
40080dd4: d503201f     	nop
40080dd8: d503201f     	nop
40080ddc: d503201f     	nop
40080de0: d503201f     	nop
40080de4: d503201f     	nop
40080de8: d503201f     	nop
40080dec: d503201f     	nop
40080df0: d503201f     	nop
40080df4: d503201f     	nop
40080df8: d503201f     	nop
40080dfc: d503201f     	nop
40080e00: 14000000     	b	0x40080e00 <vectors+0x600>
40080e04: d503201f     	nop
40080e08: d503201f     	nop
40080e0c: d503201f     	nop
40080e10: d503201f     	nop
40080e14: d503201f     	nop
40080e18: d503201f     	nop
40080e1c: d503201f     	nop
40080e20: d503201f     	nop
40080e24: d503201f     	nop
40080e28: d503201f     	nop
40080e2c: d503201f     	nop
40080e30: d503201f     	nop
40080e34: d503201f     	nop
40080e38: d503201f     	nop
40080e3c: d503201f     	nop
40080e40: d503201f     	nop
40080e44: d503201f     	nop
40080e48: d503201f     	nop
40080e4c: d503201f     	nop
40080e50: d503201f     	nop
40080e54: d503201f     	nop
40080e58: d503201f     	nop
40080e5c: d503201f     	nop
40080e60: d503201f     	nop
40080e64: d503201f     	nop
40080e68: d503201f     	nop
40080e6c: d503201f     	nop
40080e70: d503201f     	nop
40080e74: d503201f     	nop
40080e78: d503201f     	nop
40080e7c: d503201f     	nop
40080e80: 14000000     	b	0x40080e80 <vectors+0x680>
40080e84: d503201f     	nop
40080e88: d503201f     	nop
40080e8c: d503201f     	nop
40080e90: d503201f     	nop
40080e94: d503201f     	nop
40080e98: d503201f     	nop
40080e9c: d503201f     	nop
40080ea0: d503201f     	nop
40080ea4: d503201f     	nop
40080ea8: d503201f     	nop
40080eac: d503201f     	nop
40080eb0: d503201f     	nop
40080eb4: d503201f     	nop
40080eb8: d503201f     	nop
40080ebc: d503201f     	nop
40080ec0: d503201f     	nop
40080ec4: d503201f     	nop
40080ec8: d503201f     	nop
40080ecc: d503201f     	nop
40080ed0: d503201f     	nop
40080ed4: d503201f     	nop
40080ed8: d503201f     	nop
40080edc: d503201f     	nop
40080ee0: d503201f     	nop
40080ee4: d503201f     	nop
40080ee8: d503201f     	nop
40080eec: d503201f     	nop
40080ef0: d503201f     	nop
40080ef4: d503201f     	nop
40080ef8: d503201f     	nop
40080efc: d503201f     	nop
40080f00: 14000000     	b	0x40080f00 <vectors+0x700>
40080f04: d503201f     	nop
40080f08: d503201f     	nop
40080f0c: d503201f     	nop
40080f10: d503201f     	nop
40080f14: d503201f     	nop
40080f18: d503201f     	nop
40080f1c: d503201f     	nop
40080f20: d503201f     	nop
40080f24: d503201f     	nop
40080f28: d503201f     	nop
40080f2c: d503201f     	nop
40080f30: d503201f     	nop
40080f34: d503201f     	nop
40080f38: d503201f     	nop
40080f3c: d503201f     	nop
40080f40: d503201f     	nop
40080f44: d503201f     	nop
40080f48: d503201f     	nop
40080f4c: d503201f     	nop
40080f50: d503201f     	nop
40080f54: d503201f     	nop
40080f58: d503201f     	nop
40080f5c: d503201f     	nop
40080f60: d503201f     	nop
40080f64: d503201f     	nop
40080f68: d503201f     	nop
40080f6c: d503201f     	nop
40080f70: d503201f     	nop
40080f74: d503201f     	nop
40080f78: d503201f     	nop
40080f7c: d503201f     	nop
40080f80: 14000000     	b	0x40080f80 <vectors+0x780>

0000000040080f84 <irq_wrapper>:
40080f84: d10443ff     	sub	sp, sp, #0x110
40080f88: a90007e0     	stp	x0, x1, [sp]
40080f8c: a9010fe2     	stp	x2, x3, [sp, #0x10]
40080f90: a90217e4     	stp	x4, x5, [sp, #0x20]
40080f94: a9031fe6     	stp	x6, x7, [sp, #0x30]
40080f98: a90427e8     	stp	x8, x9, [sp, #0x40]
40080f9c: a9052fea     	stp	x10, x11, [sp, #0x50]
40080fa0: a90637ec     	stp	x12, x13, [sp, #0x60]
40080fa4: a9073fee     	stp	x14, x15, [sp, #0x70]
40080fa8: a90847f0     	stp	x16, x17, [sp, #0x80]
40080fac: a9094ff2     	stp	x18, x19, [sp, #0x90]
40080fb0: a90a57f4     	stp	x20, x21, [sp, #0xa0]
40080fb4: a90b5ff6     	stp	x22, x23, [sp, #0xb0]
40080fb8: a90c67f8     	stp	x24, x25, [sp, #0xc0]
40080fbc: a90d6ffa     	stp	x26, x27, [sp, #0xd0]
40080fc0: a90e77fc     	stp	x28, x29, [sp, #0xe0]
40080fc4: f9007bfe     	str	x30, [sp, #0xf0]
40080fc8: d5384020     	mrs	x0, ELR_EL1
40080fcc: d5384001     	mrs	x1, SPSR_EL1
40080fd0: a90f87e0     	stp	x0, x1, [sp, #0xf8]
40080fd4: 910003e0     	mov	x0, sp
40080fd8: 94001082     	bl	0x400851e0 <irq_handler_c>
40080fdc: a94f87e0     	ldp	x0, x1, [sp, #0xf8]
40080fe0: d5184020     	msr	ELR_EL1, x0
40080fe4: d5184001     	msr	SPSR_EL1, x1
40080fe8: f9407bfe     	ldr	x30, [sp, #0xf0]
40080fec: a94e77fc     	ldp	x28, x29, [sp, #0xe0]
40080ff0: a94d6ffa     	ldp	x26, x27, [sp, #0xd0]
40080ff4: a94c67f8     	ldp	x24, x25, [sp, #0xc0]
40080ff8: a94b5ff6     	ldp	x22, x23, [sp, #0xb0]
40080ffc: a94a57f4     	ldp	x20, x21, [sp, #0xa0]
40081000: a9494ff2     	ldp	x18, x19, [sp, #0x90]
40081004: a94847f0     	ldp	x16, x17, [sp, #0x80]
40081008: a9473fee     	ldp	x14, x15, [sp, #0x70]
4008100c: a94637ec     	ldp	x12, x13, [sp, #0x60]
40081010: a9452fea     	ldp	x10, x11, [sp, #0x50]
40081014: a94427e8     	ldp	x8, x9, [sp, #0x40]
40081018: a9431fe6     	ldp	x6, x7, [sp, #0x30]
4008101c: a94217e4     	ldp	x4, x5, [sp, #0x20]
40081020: a9410fe2     	ldp	x2, x3, [sp, #0x10]
40081024: a94007e0     	ldp	x0, x1, [sp]
40081028: 910443ff     	add	sp, sp, #0x110
4008102c: d69f03e0     	eret

0000000040081030 <sync_lower_wrapper>:
40081030: d10443ff     	sub	sp, sp, #0x110
40081034: a90007e0     	stp	x0, x1, [sp]
40081038: a9010fe2     	stp	x2, x3, [sp, #0x10]
4008103c: a90217e4     	stp	x4, x5, [sp, #0x20]
40081040: a9031fe6     	stp	x6, x7, [sp, #0x30]
40081044: a90427e8     	stp	x8, x9, [sp, #0x40]
40081048: a9052fea     	stp	x10, x11, [sp, #0x50]
4008104c: a90637ec     	stp	x12, x13, [sp, #0x60]
40081050: a9073fee     	stp	x14, x15, [sp, #0x70]
40081054: a90847f0     	stp	x16, x17, [sp, #0x80]
40081058: a9094ff2     	stp	x18, x19, [sp, #0x90]
4008105c: a90a57f4     	stp	x20, x21, [sp, #0xa0]
40081060: a90b5ff6     	stp	x22, x23, [sp, #0xb0]
40081064: a90c67f8     	stp	x24, x25, [sp, #0xc0]
40081068: a90d6ffa     	stp	x26, x27, [sp, #0xd0]
4008106c: a90e77fc     	stp	x28, x29, [sp, #0xe0]
40081070: f9007bfe     	str	x30, [sp, #0xf0]
40081074: d5384020     	mrs	x0, ELR_EL1
40081078: d5384001     	mrs	x1, SPSR_EL1
4008107c: a90f87e0     	stp	x0, x1, [sp, #0xf8]
40081080: 910003e0     	mov	x0, sp
40081084: 94002ff7     	bl	0x4008d060 <sync_lower_handler_c>
40081088: 910003e0     	mov	x0, sp
4008108c: 94002e7d     	bl	0x4008ca80 <debug_print_tf>
40081090: a94f87e0     	ldp	x0, x1, [sp, #0xf8]
40081094: d5184020     	msr	ELR_EL1, x0
40081098: d5184001     	msr	SPSR_EL1, x1
4008109c: f9407bfe     	ldr	x30, [sp, #0xf0]
400810a0: a94e77fc     	ldp	x28, x29, [sp, #0xe0]
400810a4: a94d6ffa     	ldp	x26, x27, [sp, #0xd0]
400810a8: a94c67f8     	ldp	x24, x25, [sp, #0xc0]
400810ac: a94b5ff6     	ldp	x22, x23, [sp, #0xb0]
400810b0: a94a57f4     	ldp	x20, x21, [sp, #0xa0]
400810b4: a9494ff2     	ldp	x18, x19, [sp, #0x90]
400810b8: a94847f0     	ldp	x16, x17, [sp, #0x80]
400810bc: a9473fee     	ldp	x14, x15, [sp, #0x70]
400810c0: a94637ec     	ldp	x12, x13, [sp, #0x60]
400810c4: a9452fea     	ldp	x10, x11, [sp, #0x50]
400810c8: a94427e8     	ldp	x8, x9, [sp, #0x40]
400810cc: a9431fe6     	ldp	x6, x7, [sp, #0x30]
400810d0: a94217e4     	ldp	x4, x5, [sp, #0x20]
400810d4: a9410fe2     	ldp	x2, x3, [sp, #0x10]
400810d8: a94007e0     	ldp	x0, x1, [sp]
400810dc: 910443ff     	add	sp, sp, #0x110
400810e0: d69f03e0     	eret

00000000400810e4 <irq_lower_wrapper>:
400810e4: d10443ff     	sub	sp, sp, #0x110
400810e8: a90007e0     	stp	x0, x1, [sp]
400810ec: a9010fe2     	stp	x2, x3, [sp, #0x10]
400810f0: a90217e4     	stp	x4, x5, [sp, #0x20]
400810f4: a9031fe6     	stp	x6, x7, [sp, #0x30]
400810f8: a90427e8     	stp	x8, x9, [sp, #0x40]
400810fc: a9052fea     	stp	x10, x11, [sp, #0x50]
40081100: a90637ec     	stp	x12, x13, [sp, #0x60]
40081104: a9073fee     	stp	x14, x15, [sp, #0x70]
40081108: a90847f0     	stp	x16, x17, [sp, #0x80]
4008110c: a9094ff2     	stp	x18, x19, [sp, #0x90]
40081110: a90a57f4     	stp	x20, x21, [sp, #0xa0]
40081114: a90b5ff6     	stp	x22, x23, [sp, #0xb0]
40081118: a90c67f8     	stp	x24, x25, [sp, #0xc0]
4008111c: a90d6ffa     	stp	x26, x27, [sp, #0xd0]
40081120: a90e77fc     	stp	x28, x29, [sp, #0xe0]
40081124: f9007bfe     	str	x30, [sp, #0xf0]
40081128: d5384020     	mrs	x0, ELR_EL1
4008112c: d5384001     	mrs	x1, SPSR_EL1
40081130: a90f87e0     	stp	x0, x1, [sp, #0xf8]
40081134: 910003e0     	mov	x0, sp
40081138: 94003266     	bl	0x4008dad0 <irq_lower_handler_c>
4008113c: a94f87e0     	ldp	x0, x1, [sp, #0xf8]
40081140: d5184020     	msr	ELR_EL1, x0
40081144: d5184001     	msr	SPSR_EL1, x1
40081148: f9407bfe     	ldr	x30, [sp, #0xf0]
4008114c: a94e77fc     	ldp	x28, x29, [sp, #0xe0]
40081150: a94d6ffa     	ldp	x26, x27, [sp, #0xd0]
40081154: a94c67f8     	ldp	x24, x25, [sp, #0xc0]
40081158: a94b5ff6     	ldp	x22, x23, [sp, #0xb0]
4008115c: a94a57f4     	ldp	x20, x21, [sp, #0xa0]
40081160: a9494ff2     	ldp	x18, x19, [sp, #0x90]
40081164: a94847f0     	ldp	x16, x17, [sp, #0x80]
40081168: a9473fee     	ldp	x14, x15, [sp, #0x70]
4008116c: a94637ec     	ldp	x12, x13, [sp, #0x60]
40081170: a9452fea     	ldp	x10, x11, [sp, #0x50]
40081174: a94427e8     	ldp	x8, x9, [sp, #0x40]
40081178: a9431fe6     	ldp	x6, x7, [sp, #0x30]
4008117c: a94217e4     	ldp	x4, x5, [sp, #0x20]
40081180: a9410fe2     	ldp	x2, x3, [sp, #0x10]
40081184: a94007e0     	ldp	x0, x1, [sp]
40081188: 910443ff     	add	sp, sp, #0x110
4008118c: d69f03e0     	eret
40081190: d503201f     	nop
40081194: d503201f     	nop
40081198: d503201f     	nop
4008119c: d503201f     	nop
400811a0: d503201f     	nop
400811a4: d503201f     	nop
400811a8: d503201f     	nop
400811ac: d503201f     	nop
400811b0: d503201f     	nop
400811b4: d503201f     	nop
400811b8: d503201f     	nop
400811bc: d503201f     	nop
400811c0: d503201f     	nop
400811c4: d503201f     	nop
400811c8: d503201f     	nop
400811cc: d503201f     	nop
400811d0: d503201f     	nop
400811d4: d503201f     	nop
400811d8: d503201f     	nop
400811dc: d503201f     	nop
400811e0: d503201f     	nop
400811e4: d503201f     	nop
400811e8: d503201f     	nop
400811ec: d503201f     	nop
400811f0: d503201f     	nop
400811f4: d503201f     	nop
400811f8: d503201f     	nop
400811fc: d503201f     	nop
40081200: 14000000     	b	0x40081200 <irq_lower_wrapper+0x11c>
40081204: d503201f     	nop
40081208: d503201f     	nop
4008120c: d503201f     	nop
40081210: d503201f     	nop
40081214: d503201f     	nop
40081218: d503201f     	nop
4008121c: d503201f     	nop
40081220: d503201f     	nop
40081224: d503201f     	nop
40081228: d503201f     	nop
4008122c: d503201f     	nop
40081230: d503201f     	nop
40081234: d503201f     	nop
40081238: d503201f     	nop
4008123c: d503201f     	nop
40081240: d503201f     	nop
40081244: d503201f     	nop
40081248: d503201f     	nop
4008124c: d503201f     	nop
40081250: d503201f     	nop
40081254: d503201f     	nop
40081258: d503201f     	nop
4008125c: d503201f     	nop
40081260: d503201f     	nop
40081264: d503201f     	nop
40081268: d503201f     	nop
4008126c: d503201f     	nop
40081270: d503201f     	nop
40081274: d503201f     	nop
40081278: d503201f     	nop
4008127c: d503201f     	nop
40081280: 14000000     	b	0x40081280 <irq_lower_wrapper+0x19c>
40081284: d503201f     	nop
40081288: d503201f     	nop
4008128c: d503201f     	nop
40081290: d503201f     	nop
40081294: d503201f     	nop
40081298: d503201f     	nop
4008129c: d503201f     	nop
400812a0: d503201f     	nop
400812a4: d503201f     	nop
400812a8: d503201f     	nop
400812ac: d503201f     	nop
400812b0: d503201f     	nop
400812b4: d503201f     	nop
400812b8: d503201f     	nop
400812bc: d503201f     	nop
400812c0: d503201f     	nop
400812c4: d503201f     	nop
400812c8: d503201f     	nop
400812cc: d503201f     	nop
400812d0: d503201f     	nop
400812d4: d503201f     	nop
400812d8: d503201f     	nop
400812dc: d503201f     	nop
400812e0: d503201f     	nop
400812e4: d503201f     	nop
400812e8: d503201f     	nop
400812ec: d503201f     	nop
400812f0: d503201f     	nop
400812f4: d503201f     	nop
400812f8: d503201f     	nop
400812fc: d503201f     	nop
40081300: 14000000     	b	0x40081300 <irq_lower_wrapper+0x21c>
40081304: d503201f     	nop
40081308: d503201f     	nop
4008130c: d503201f     	nop
40081310: d503201f     	nop
40081314: d503201f     	nop
40081318: d503201f     	nop
4008131c: d503201f     	nop
40081320: d503201f     	nop
40081324: d503201f     	nop
40081328: d503201f     	nop
4008132c: d503201f     	nop
40081330: d503201f     	nop
40081334: d503201f     	nop
40081338: d503201f     	nop
4008133c: d503201f     	nop
40081340: d503201f     	nop
40081344: d503201f     	nop
40081348: d503201f     	nop
4008134c: d503201f     	nop
40081350: d503201f     	nop
40081354: d503201f     	nop
40081358: d503201f     	nop
4008135c: d503201f     	nop
40081360: d503201f     	nop
40081364: d503201f     	nop
40081368: d503201f     	nop
4008136c: d503201f     	nop
40081370: d503201f     	nop
40081374: d503201f     	nop
40081378: d503201f     	nop
4008137c: d503201f     	nop
40081380: 14000000     	b	0x40081380 <irq_lower_wrapper+0x29c>
40081384: d503201f     	nop
40081388: d503201f     	nop
4008138c: d503201f     	nop
40081390: d503201f     	nop
40081394: d503201f     	nop
40081398: d503201f     	nop
4008139c: d503201f     	nop
400813a0: d503201f     	nop
400813a4: d503201f     	nop
400813a8: d503201f     	nop
400813ac: d503201f     	nop
400813b0: d503201f     	nop
400813b4: d503201f     	nop
400813b8: d503201f     	nop
400813bc: d503201f     	nop
400813c0: d503201f     	nop
400813c4: d503201f     	nop
400813c8: d503201f     	nop
400813cc: d503201f     	nop
400813d0: d503201f     	nop
400813d4: d503201f     	nop
400813d8: d503201f     	nop
400813dc: d503201f     	nop
400813e0: d503201f     	nop
400813e4: d503201f     	nop
400813e8: d503201f     	nop
400813ec: d503201f     	nop
400813f0: d503201f     	nop
400813f4: d503201f     	nop
400813f8: d503201f     	nop
400813fc: d503201f     	nop
40081400: 14000000     	b	0x40081400 <irq_lower_wrapper+0x31c>

0000000040081404 <kernel_sync_wrapper>:
40081404: d10443ff     	sub	sp, sp, #0x110
40081408: a90007e0     	stp	x0, x1, [sp]
4008140c: a9010fe2     	stp	x2, x3, [sp, #0x10]
40081410: a90217e4     	stp	x4, x5, [sp, #0x20]
40081414: a9031fe6     	stp	x6, x7, [sp, #0x30]
40081418: a90427e8     	stp	x8, x9, [sp, #0x40]
4008141c: a9052fea     	stp	x10, x11, [sp, #0x50]
40081420: a90637ec     	stp	x12, x13, [sp, #0x60]
40081424: a9073fee     	stp	x14, x15, [sp, #0x70]
40081428: a90847f0     	stp	x16, x17, [sp, #0x80]
4008142c: a9094ff2     	stp	x18, x19, [sp, #0x90]
40081430: a90a57f4     	stp	x20, x21, [sp, #0xa0]
40081434: a90b5ff6     	stp	x22, x23, [sp, #0xb0]
40081438: a90c67f8     	stp	x24, x25, [sp, #0xc0]
4008143c: a90d6ffa     	stp	x26, x27, [sp, #0xd0]
40081440: a90e77fc     	stp	x28, x29, [sp, #0xe0]
40081444: f9007bfe     	str	x30, [sp, #0xf0]
40081448: d5384020     	mrs	x0, ELR_EL1
4008144c: d5384001     	mrs	x1, SPSR_EL1
40081450: a90f87e0     	stp	x0, x1, [sp, #0xf8]
40081454: 910003e0     	mov	x0, sp
40081458: 94002da6     	bl	0x4008caf0 <sync_handler_c>
4008145c: a94f87e0     	ldp	x0, x1, [sp, #0xf8]
40081460: d5184020     	msr	ELR_EL1, x0
40081464: d5184001     	msr	SPSR_EL1, x1
40081468: f9407bfe     	ldr	x30, [sp, #0xf0]
4008146c: a94e77fc     	ldp	x28, x29, [sp, #0xe0]
40081470: a94d6ffa     	ldp	x26, x27, [sp, #0xd0]
40081474: a94c67f8     	ldp	x24, x25, [sp, #0xc0]
40081478: a94b5ff6     	ldp	x22, x23, [sp, #0xb0]
4008147c: a94a57f4     	ldp	x20, x21, [sp, #0xa0]
40081480: a9494ff2     	ldp	x18, x19, [sp, #0x90]
40081484: a94847f0     	ldp	x16, x17, [sp, #0x80]
40081488: a9473fee     	ldp	x14, x15, [sp, #0x70]
4008148c: a94637ec     	ldp	x12, x13, [sp, #0x60]
40081490: a9452fea     	ldp	x10, x11, [sp, #0x50]
40081494: a94427e8     	ldp	x8, x9, [sp, #0x40]
40081498: a9431fe6     	ldp	x6, x7, [sp, #0x30]
4008149c: a94217e4     	ldp	x4, x5, [sp, #0x20]
400814a0: a9410fe2     	ldp	x2, x3, [sp, #0x10]
400814a4: a94007e0     	ldp	x0, x1, [sp]
400814a8: 910443ff     	add	sp, sp, #0x110
400814ac: d69f03e0     	eret

00000000400814b0 <execute_trap_frame>:
400814b0: 9100001f     	mov	sp, x0
400814b4: a94f8be1     	ldp	x1, x2, [sp, #0xf8]
400814b8: d5184021     	msr	ELR_EL1, x1
400814bc: d5184002     	msr	SPSR_EL1, x2
400814c0: f9407bfe     	ldr	x30, [sp, #0xf0]
400814c4: a94e77fc     	ldp	x28, x29, [sp, #0xe0]
400814c8: a94d6ffa     	ldp	x26, x27, [sp, #0xd0]
400814cc: a94c67f8     	ldp	x24, x25, [sp, #0xc0]
400814d0: a94b5ff6     	ldp	x22, x23, [sp, #0xb0]
400814d4: a94a57f4     	ldp	x20, x21, [sp, #0xa0]
400814d8: a9494ff2     	ldp	x18, x19, [sp, #0x90]
400814dc: a94847f0     	ldp	x16, x17, [sp, #0x80]
400814e0: a9473fee     	ldp	x14, x15, [sp, #0x70]
400814e4: a94637ec     	ldp	x12, x13, [sp, #0x60]
400814e8: a9452fea     	ldp	x10, x11, [sp, #0x50]
400814ec: a94427e8     	ldp	x8, x9, [sp, #0x40]
400814f0: a9431fe6     	ldp	x6, x7, [sp, #0x30]
400814f4: a94217e4     	ldp	x4, x5, [sp, #0x20]
400814f8: a9410fe2     	ldp	x2, x3, [sp, #0x10]
400814fc: a94007e0     	ldp	x0, x1, [sp]
40081500: 910443ff     	add	sp, sp, #0x110
40081504: d69f03e0     	eret
40081508: 50 d0 95 40  	.word	0x4095d050
4008150c: 00 00 00 00  	.word	0x00000000
40081510: 00 08 08 40  	.word	0x40080800
40081514: 00 00 00 00  	.word	0x00000000
40081518: 00 00 20 40  	.word	0x40200000
4008151c: 00 00 00 00  	.word	0x00000000
40081520: 50 d0 91 40  	.word	0x4091d050
40081524: 00 00 00 00  	.word	0x00000000
40081528: 08 00 00 84  	.word	0x84000008
4008152c: 00 00 00 00  	.word	0x00000000

0000000040081530 <setjmp>:
40081530: a9005013     	stp	x19, x20, [x0]
40081534: a9015815     	stp	x21, x22, [x0, #0x10]
40081538: a9026017     	stp	x23, x24, [x0, #0x20]
4008153c: a9036819     	stp	x25, x26, [x0, #0x30]
40081540: a904701b     	stp	x27, x28, [x0, #0x40]
40081544: a905781d     	stp	x29, x30, [x0, #0x50]
40081548: 910003e1     	mov	x1, sp
4008154c: f9003001     	str	x1, [x0, #0x60]
40081550: d2800000     	mov	x0, #0x0                // =0
40081554: d65f03c0     	ret

0000000040081558 <longjmp>:
40081558: a9405013     	ldp	x19, x20, [x0]
4008155c: a9415815     	ldp	x21, x22, [x0, #0x10]
40081560: a9426017     	ldp	x23, x24, [x0, #0x20]
40081564: a9436819     	ldp	x25, x26, [x0, #0x30]
40081568: a944701b     	ldp	x27, x28, [x0, #0x40]
4008156c: a945781d     	ldp	x29, x30, [x0, #0x50]
40081570: f9403002     	ldr	x2, [x0, #0x60]
40081574: 9100005f     	mov	sp, x2
40081578: 7100003f     	cmp	w1, #0x0
4008157c: 52800022     	mov	w2, #0x1                // =1
40081580: 1a821020     	csel	w0, w1, w2, ne
40081584: d65f03c0     	ret
		...

0000000040081590 <dhcp_rx>:
40081590: d10143ff     	sub	sp, sp, #0x50
40081594: a9047bfd     	stp	x29, x30, [sp, #0x40]
40081598: 910103fd     	add	x29, sp, #0x40
4008159c: f81f83a0     	stur	x0, [x29, #-0x8]
400815a0: b81f43a1     	stur	w1, [x29, #-0xc]
400815a4: b85f43a8     	ldur	w8, [x29, #-0xc]
400815a8: 71042d08     	subs	w8, w8, #0x10b
400815ac: 54000068     	b.hi	0x400815b8 <dhcp_rx+0x28>
400815b0: 14000001     	b	0x400815b4 <dhcp_rx+0x24>
400815b4: 140000bf     	b	0x400818b0 <dhcp_rx+0x320>
400815b8: f85f83a8     	ldur	x8, [x29, #-0x8]
400815bc: f81e83a8     	stur	x8, [x29, #-0x18]
400815c0: f85f83a8     	ldur	x8, [x29, #-0x8]
400815c4: 91005108     	add	x8, x8, #0x14
400815c8: f90013e8     	str	x8, [sp, #0x20]
400815cc: f85f83a8     	ldur	x8, [x29, #-0x8]
400815d0: 91007108     	add	x8, x8, #0x1c
400815d4: f9000fe8     	str	x8, [sp, #0x18]
400815d8: f9400fe8     	ldr	x8, [sp, #0x18]
400815dc: 39400108     	ldrb	w8, [x8]
400815e0: 71000908     	subs	w8, w8, #0x2
400815e4: 54001661     	b.ne	0x400818b0 <dhcp_rx+0x320>
400815e8: 14000001     	b	0x400815ec <dhcp_rx+0x5c>
400815ec: f9400fe8     	ldr	x8, [sp, #0x18]
400815f0: b9400500     	ldr	w0, [x8, #0x4]
400815f4: 9400131f     	bl	0x40086270 <ntohl>
400815f8: b0000088     	adrp	x8, 0x40092000 <UART0_FR+0x14d8>
400815fc: b94b6908     	ldr	w8, [x8, #0xb68]
40081600: 6b080008     	subs	w8, w0, w8
40081604: 54001561     	b.ne	0x400818b0 <dhcp_rx+0x320>
40081608: 14000001     	b	0x4008160c <dhcp_rx+0x7c>
4008160c: 2a1f03e8     	mov	w8, wzr
40081610: 39005fe8     	strb	w8, [sp, #0x17]
40081614: b90013e8     	str	w8, [sp, #0x10]
40081618: b9000fe8     	str	w8, [sp, #0xc]
4008161c: b9000be8     	str	w8, [sp, #0x8]
40081620: 14000001     	b	0x40081624 <dhcp_rx+0x94>
40081624: b9400be9     	ldr	w9, [sp, #0x8]
40081628: 2a1f03e8     	mov	w8, wzr
4008162c: 7104cd29     	subs	w9, w9, #0x133
40081630: b90003e8     	str	w8, [sp]
40081634: 5400014c     	b.gt	0x4008165c <dhcp_rx+0xcc>
40081638: 14000001     	b	0x4008163c <dhcp_rx+0xac>
4008163c: f9400fe8     	ldr	x8, [sp, #0x18]
40081640: b9800be9     	ldrsw	x9, [sp, #0x8]
40081644: 8b090108     	add	x8, x8, x9
40081648: 3943c108     	ldrb	w8, [x8, #0xf0]
4008164c: 7103fd08     	subs	w8, w8, #0xff
40081650: 1a9f07e8     	cset	w8, ne
40081654: b90003e8     	str	w8, [sp]
40081658: 14000001     	b	0x4008165c <dhcp_rx+0xcc>
4008165c: b94003e8     	ldr	w8, [sp]
40081660: 36000c68     	tbz	w8, #0x0, 0x400817ec <dhcp_rx+0x25c>
40081664: 14000001     	b	0x40081668 <dhcp_rx+0xd8>
40081668: f9400fe8     	ldr	x8, [sp, #0x18]
4008166c: b9800be9     	ldrsw	x9, [sp, #0x8]
40081670: 8b090108     	add	x8, x8, x9
40081674: 11000529     	add	w9, w9, #0x1
40081678: b9000be9     	str	w9, [sp, #0x8]
4008167c: 3943c108     	ldrb	w8, [x8, #0xf0]
40081680: 39001fe8     	strb	w8, [sp, #0x7]
40081684: 39401fe8     	ldrb	w8, [sp, #0x7]
40081688: 35000068     	cbnz	w8, 0x40081694 <dhcp_rx+0x104>
4008168c: 14000001     	b	0x40081690 <dhcp_rx+0x100>
40081690: 17ffffe5     	b	0x40081624 <dhcp_rx+0x94>
40081694: f9400fe8     	ldr	x8, [sp, #0x18]
40081698: b9800be9     	ldrsw	x9, [sp, #0x8]
4008169c: 8b090108     	add	x8, x8, x9
400816a0: 11000529     	add	w9, w9, #0x1
400816a4: b9000be9     	str	w9, [sp, #0x8]
400816a8: 3943c108     	ldrb	w8, [x8, #0xf0]
400816ac: 39001be8     	strb	w8, [sp, #0x6]
400816b0: 39401fe8     	ldrb	w8, [sp, #0x7]
400816b4: 7100d508     	subs	w8, w8, #0x35
400816b8: 54000101     	b.ne	0x400816d8 <dhcp_rx+0x148>
400816bc: 14000001     	b	0x400816c0 <dhcp_rx+0x130>
400816c0: f9400fe8     	ldr	x8, [sp, #0x18]
400816c4: b9800be9     	ldrsw	x9, [sp, #0x8]
400816c8: 8b090108     	add	x8, x8, x9
400816cc: 3943c108     	ldrb	w8, [x8, #0xf0]
400816d0: 39005fe8     	strb	w8, [sp, #0x17]
400816d4: 14000041     	b	0x400817d8 <dhcp_rx+0x248>
400816d8: 39401fe8     	ldrb	w8, [sp, #0x7]
400816dc: 71000508     	subs	w8, w8, #0x1
400816e0: 54000241     	b.ne	0x40081728 <dhcp_rx+0x198>
400816e4: 14000001     	b	0x400816e8 <dhcp_rx+0x158>
400816e8: f9400fe8     	ldr	x8, [sp, #0x18]
400816ec: 9103c109     	add	x9, x8, #0xf0
400816f0: b9800be8     	ldrsw	x8, [sp, #0x8]
400816f4: 2a0803ea     	mov	w10, w8
400816f8: 38686928     	ldrb	w8, [x9, x8]
400816fc: 1100054b     	add	w11, w10, #0x1
40081700: 386bc92b     	ldrb	w11, [x9, w11, sxtw]
40081704: 2a0b2108     	orr	w8, w8, w11, lsl #8
40081708: 1100094b     	add	w11, w10, #0x2
4008170c: 386bc92b     	ldrb	w11, [x9, w11, sxtw]
40081710: 2a0b4108     	orr	w8, w8, w11, lsl #16
40081714: 11000d4a     	add	w10, w10, #0x3
40081718: 386ac929     	ldrb	w9, [x9, w10, sxtw]
4008171c: 2a096108     	orr	w8, w8, w9, lsl #24
40081720: b90013e8     	str	w8, [sp, #0x10]
40081724: 1400002c     	b	0x400817d4 <dhcp_rx+0x244>
40081728: 39401fe8     	ldrb	w8, [sp, #0x7]
4008172c: 71000d08     	subs	w8, w8, #0x3
40081730: 54000241     	b.ne	0x40081778 <dhcp_rx+0x1e8>
40081734: 14000001     	b	0x40081738 <dhcp_rx+0x1a8>
40081738: f9400fe8     	ldr	x8, [sp, #0x18]
4008173c: 9103c109     	add	x9, x8, #0xf0
40081740: b9800be8     	ldrsw	x8, [sp, #0x8]
40081744: 2a0803ea     	mov	w10, w8
40081748: 38686928     	ldrb	w8, [x9, x8]
4008174c: 1100054b     	add	w11, w10, #0x1
40081750: 386bc92b     	ldrb	w11, [x9, w11, sxtw]
40081754: 2a0b2108     	orr	w8, w8, w11, lsl #8
40081758: 1100094b     	add	w11, w10, #0x2
4008175c: 386bc92b     	ldrb	w11, [x9, w11, sxtw]
40081760: 2a0b4108     	orr	w8, w8, w11, lsl #16
40081764: 11000d4a     	add	w10, w10, #0x3
40081768: 386ac929     	ldrb	w9, [x9, w10, sxtw]
4008176c: 2a096108     	orr	w8, w8, w9, lsl #24
40081770: b9000fe8     	str	w8, [sp, #0xc]
40081774: 14000017     	b	0x400817d0 <dhcp_rx+0x240>
40081778: 39401fe8     	ldrb	w8, [sp, #0x7]
4008177c: 7100d908     	subs	w8, w8, #0x36
40081780: 54000261     	b.ne	0x400817cc <dhcp_rx+0x23c>
40081784: 14000001     	b	0x40081788 <dhcp_rx+0x1f8>
40081788: f9400fe8     	ldr	x8, [sp, #0x18]
4008178c: 9103c109     	add	x9, x8, #0xf0
40081790: b9800be8     	ldrsw	x8, [sp, #0x8]
40081794: 2a0803ea     	mov	w10, w8
40081798: 38686928     	ldrb	w8, [x9, x8]
4008179c: 1100054b     	add	w11, w10, #0x1
400817a0: 386bc92b     	ldrb	w11, [x9, w11, sxtw]
400817a4: 2a0b2108     	orr	w8, w8, w11, lsl #8
400817a8: 1100094b     	add	w11, w10, #0x2
400817ac: 386bc92b     	ldrb	w11, [x9, w11, sxtw]
400817b0: 2a0b4108     	orr	w8, w8, w11, lsl #16
400817b4: 11000d4a     	add	w10, w10, #0x3
400817b8: 386ac929     	ldrb	w9, [x9, w10, sxtw]
400817bc: 2a096108     	orr	w8, w8, w9, lsl #24
400817c0: f0000be9     	adrp	x9, 0x40200000 <server_ip>
400817c4: b9000128     	str	w8, [x9]
400817c8: 14000001     	b	0x400817cc <dhcp_rx+0x23c>
400817cc: 14000001     	b	0x400817d0 <dhcp_rx+0x240>
400817d0: 14000001     	b	0x400817d4 <dhcp_rx+0x244>
400817d4: 14000001     	b	0x400817d8 <dhcp_rx+0x248>
400817d8: 39401be9     	ldrb	w9, [sp, #0x6]
400817dc: b9400be8     	ldr	w8, [sp, #0x8]
400817e0: 0b090108     	add	w8, w8, w9
400817e4: b9000be8     	str	w8, [sp, #0x8]
400817e8: 17ffff8f     	b	0x40081624 <dhcp_rx+0x94>
400817ec: 39405fe8     	ldrb	w8, [sp, #0x17]
400817f0: 71000908     	subs	w8, w8, #0x2
400817f4: 540001c1     	b.ne	0x4008182c <dhcp_rx+0x29c>
400817f8: 14000001     	b	0x400817fc <dhcp_rx+0x26c>
400817fc: f9400fe8     	ldr	x8, [sp, #0x18]
40081800: b9401108     	ldr	w8, [x8, #0x10]
40081804: f0000be9     	adrp	x9, 0x40200000 <server_ip>
40081808: b9000528     	str	w8, [x9, #0x4]
4008180c: d503201f     	nop
40081810: 70086920     	adr	x0, 0x40092537 <UART0_FR+0x1a0f>
40081814: 94000ec3     	bl	0x40085320 <uart_puts>
40081818: f0000be9     	adrp	x9, 0x40200000 <server_ip>
4008181c: 52800028     	mov	w8, #0x1                // =1
40081820: b9000928     	str	w8, [x9, #0x8]
40081824: 94000027     	bl	0x400818c0 <send_dhcp_request>
40081828: 14000021     	b	0x400818ac <dhcp_rx+0x31c>
4008182c: 39405fe8     	ldrb	w8, [sp, #0x17]
40081830: 71001508     	subs	w8, w8, #0x5
40081834: 540003a1     	b.ne	0x400818a8 <dhcp_rx+0x318>
40081838: 14000001     	b	0x4008183c <dhcp_rx+0x2ac>
4008183c: 90000080     	adrp	x0, 0x40091000 <UART0_FR+0x4d8>
40081840: 912f9400     	add	x0, x0, #0xbe5
40081844: 94000eb7     	bl	0x40085320 <uart_puts>
40081848: b94013e8     	ldr	w8, [sp, #0x10]
4008184c: 350000a8     	cbnz	w8, 0x40081860 <dhcp_rx+0x2d0>
40081850: 14000001     	b	0x40081854 <dhcp_rx+0x2c4>
40081854: 12bfe008     	mov	w8, #0xffffff           // =16777215
40081858: b90013e8     	str	w8, [sp, #0x10]
4008185c: 14000001     	b	0x40081860 <dhcp_rx+0x2d0>
40081860: b9400fe8     	ldr	w8, [sp, #0xc]
40081864: 350000c8     	cbnz	w8, 0x4008187c <dhcp_rx+0x2ec>
40081868: 14000001     	b	0x4008186c <dhcp_rx+0x2dc>
4008186c: f85e83a8     	ldur	x8, [x29, #-0x18]
40081870: b9400d08     	ldr	w8, [x8, #0xc]
40081874: b9000fe8     	str	w8, [sp, #0xc]
40081878: 14000001     	b	0x4008187c <dhcp_rx+0x2ec>
4008187c: f9400fe8     	ldr	x8, [sp, #0x18]
40081880: b9401100     	ldr	w0, [x8, #0x10]
40081884: b94013e1     	ldr	w1, [sp, #0x10]
40081888: b9400fe2     	ldr	w2, [sp, #0xc]
4008188c: 940012e9     	bl	0x40086430 <net_set_ip>
40081890: b9400fe0     	ldr	w0, [sp, #0xc]
40081894: 94001a37     	bl	0x40088170 <net_arp_request>
40081898: f0000be9     	adrp	x9, 0x40200000 <server_ip>
4008189c: 52800048     	mov	w8, #0x2                // =2
400818a0: b9000928     	str	w8, [x9, #0x8]
400818a4: 14000001     	b	0x400818a8 <dhcp_rx+0x318>
400818a8: 14000001     	b	0x400818ac <dhcp_rx+0x31c>
400818ac: 14000001     	b	0x400818b0 <dhcp_rx+0x320>
400818b0: a9447bfd     	ldp	x29, x30, [sp, #0x40]
400818b4: 910143ff     	add	sp, sp, #0x50
400818b8: d65f03c0     	ret
400818bc: d503201f     	nop

00000000400818c0 <send_dhcp_request>:
400818c0: a9be7bfd     	stp	x29, x30, [sp, #-0x20]!
400818c4: f9000bfc     	str	x28, [sp, #0x10]
400818c8: 910003fd     	mov	x29, sp
400818cc: d10983ff     	sub	sp, sp, #0x260
400818d0: 2a1f03e8     	mov	w8, wzr
400818d4: b9003be8     	str	w8, [sp, #0x38]
400818d8: 14000001     	b	0x400818dc <send_dhcp_request+0x1c>
400818dc: b9803be8     	ldrsw	x8, [sp, #0x38]
400818e0: f1088d08     	subs	x8, x8, #0x223
400818e4: 54000168     	b.hi	0x40081910 <send_dhcp_request+0x50>
400818e8: 14000001     	b	0x400818ec <send_dhcp_request+0x2c>
400818ec: b9803bea     	ldrsw	x10, [sp, #0x38]
400818f0: 9100f3e9     	add	x9, sp, #0x3c
400818f4: 2a1f03e8     	mov	w8, wzr
400818f8: 382a6928     	strb	w8, [x9, x10]
400818fc: 14000001     	b	0x40081900 <send_dhcp_request+0x40>
40081900: b9403be8     	ldr	w8, [sp, #0x38]
40081904: 11000508     	add	w8, w8, #0x1
40081908: b9003be8     	str	w8, [sp, #0x38]
4008190c: 17fffff4     	b	0x400818dc <send_dhcp_request+0x1c>
40081910: 9100f3e8     	add	x8, sp, #0x3c
40081914: f9001be8     	str	x8, [sp, #0x30]
40081918: f9401be9     	ldr	x9, [sp, #0x30]
4008191c: 52800028     	mov	w8, #0x1                // =1
40081920: 39000128     	strb	w8, [x9]
40081924: f9401be9     	ldr	x9, [sp, #0x30]
40081928: 39000528     	strb	w8, [x9, #0x1]
4008192c: f9401be9     	ldr	x9, [sp, #0x30]
40081930: 528000c8     	mov	w8, #0x6                // =6
40081934: 39000928     	strb	w8, [x9, #0x2]
40081938: b0000088     	adrp	x8, 0x40092000 <UART0_FR+0x14d8>
4008193c: b94b6900     	ldr	w0, [x8, #0xb68]
40081940: 94001240     	bl	0x40086240 <htonl>
40081944: f9401be8     	ldr	x8, [sp, #0x30]
40081948: b9000500     	str	w0, [x8, #0x4]
4008194c: 52900000     	mov	w0, #0x8000             // =32768
40081950: 94001228     	bl	0x400861f0 <htons>
40081954: f9401be8     	ldr	x8, [sp, #0x30]
40081958: 79001500     	strh	w0, [x8, #0xa]
4008195c: 9100abe0     	add	x0, sp, #0x2a
40081960: 940039d4     	bl	0x400900b0 <virtio_net_get_mac>
40081964: 2a1f03e8     	mov	w8, wzr
40081968: b90027e8     	str	w8, [sp, #0x24]
4008196c: 14000001     	b	0x40081970 <send_dhcp_request+0xb0>
40081970: b94027e8     	ldr	w8, [sp, #0x24]
40081974: 71001508     	subs	w8, w8, #0x5
40081978: 540001ac     	b.gt	0x400819ac <send_dhcp_request+0xec>
4008197c: 14000001     	b	0x40081980 <send_dhcp_request+0xc0>
40081980: b98027ea     	ldrsw	x10, [sp, #0x24]
40081984: 9100abe8     	add	x8, sp, #0x2a
40081988: 386a6908     	ldrb	w8, [x8, x10]
4008198c: f9401be9     	ldr	x9, [sp, #0x30]
40081990: 8b0a0129     	add	x9, x9, x10
40081994: 39007128     	strb	w8, [x9, #0x1c]
40081998: 14000001     	b	0x4008199c <send_dhcp_request+0xdc>
4008199c: b94027e8     	ldr	w8, [sp, #0x24]
400819a0: 11000508     	add	w8, w8, #0x1
400819a4: b90027e8     	str	w8, [sp, #0x24]
400819a8: 17fffff2     	b	0x40081970 <send_dhcp_request+0xb0>
400819ac: 528a6c60     	mov	w0, #0x5363             // =21347
400819b0: 72ac7040     	movk	w0, #0x6382, lsl #16
400819b4: 94001223     	bl	0x40086240 <htonl>
400819b8: f9401be8     	ldr	x8, [sp, #0x30]
400819bc: b900ed00     	str	w0, [x8, #0xec]
400819c0: 2a1f03e8     	mov	w8, wzr
400819c4: b9000fe8     	str	w8, [sp, #0xc]
400819c8: b90023e8     	str	w8, [sp, #0x20]
400819cc: f9401be9     	ldr	x9, [sp, #0x30]
400819d0: b98023e8     	ldrsw	x8, [sp, #0x20]
400819d4: 8b080129     	add	x9, x9, x8
400819d8: 11000508     	add	w8, w8, #0x1
400819dc: b90023e8     	str	w8, [sp, #0x20]
400819e0: 528006a8     	mov	w8, #0x35               // =53
400819e4: 3903c128     	strb	w8, [x9, #0xf0]
400819e8: f9401be9     	ldr	x9, [sp, #0x30]
400819ec: b98023e8     	ldrsw	x8, [sp, #0x20]
400819f0: 8b080129     	add	x9, x9, x8
400819f4: 11000508     	add	w8, w8, #0x1
400819f8: b90023e8     	str	w8, [sp, #0x20]
400819fc: 52800028     	mov	w8, #0x1                // =1
40081a00: 3903c128     	strb	w8, [x9, #0xf0]
40081a04: f9401be9     	ldr	x9, [sp, #0x30]
40081a08: b98023e8     	ldrsw	x8, [sp, #0x20]
40081a0c: 8b080129     	add	x9, x9, x8
40081a10: 11000508     	add	w8, w8, #0x1
40081a14: b90023e8     	str	w8, [sp, #0x20]
40081a18: 52800068     	mov	w8, #0x3                // =3
40081a1c: 3903c128     	strb	w8, [x9, #0xf0]
40081a20: f9401be9     	ldr	x9, [sp, #0x30]
40081a24: b98023e8     	ldrsw	x8, [sp, #0x20]
40081a28: 8b080129     	add	x9, x9, x8
40081a2c: 11000508     	add	w8, w8, #0x1
40081a30: b90023e8     	str	w8, [sp, #0x20]
40081a34: 52800648     	mov	w8, #0x32               // =50
40081a38: 3903c128     	strb	w8, [x9, #0xf0]
40081a3c: f9401be9     	ldr	x9, [sp, #0x30]
40081a40: b98023e8     	ldrsw	x8, [sp, #0x20]
40081a44: 8b080129     	add	x9, x9, x8
40081a48: 11000508     	add	w8, w8, #0x1
40081a4c: b90023e8     	str	w8, [sp, #0x20]
40081a50: 52800088     	mov	w8, #0x4                // =4
40081a54: 3903c128     	strb	w8, [x9, #0xf0]
40081a58: f0000be9     	adrp	x9, 0x40200000 <server_ip>
40081a5c: b9400529     	ldr	w9, [x9, #0x4]
40081a60: b9001fe9     	str	w9, [sp, #0x1c]
40081a64: b9401fe9     	ldr	w9, [sp, #0x1c]
40081a68: f9401bea     	ldr	x10, [sp, #0x30]
40081a6c: b98023eb     	ldrsw	x11, [sp, #0x20]
40081a70: 8b0b014a     	add	x10, x10, x11
40081a74: 1100056b     	add	w11, w11, #0x1
40081a78: b90023eb     	str	w11, [sp, #0x20]
40081a7c: 3903c149     	strb	w9, [x10, #0xf0]
40081a80: b9401fe9     	ldr	w9, [sp, #0x1c]
40081a84: 53087d29     	lsr	w9, w9, #8
40081a88: f9401bea     	ldr	x10, [sp, #0x30]
40081a8c: b98023eb     	ldrsw	x11, [sp, #0x20]
40081a90: 8b0b014a     	add	x10, x10, x11
40081a94: 1100056b     	add	w11, w11, #0x1
40081a98: b90023eb     	str	w11, [sp, #0x20]
40081a9c: 3903c149     	strb	w9, [x10, #0xf0]
40081aa0: 79403fe9     	ldrh	w9, [sp, #0x1e]
40081aa4: f9401bea     	ldr	x10, [sp, #0x30]
40081aa8: b98023eb     	ldrsw	x11, [sp, #0x20]
40081aac: 8b0b014a     	add	x10, x10, x11
40081ab0: 1100056b     	add	w11, w11, #0x1
40081ab4: b90023eb     	str	w11, [sp, #0x20]
40081ab8: 3903c149     	strb	w9, [x10, #0xf0]
40081abc: 39407fe9     	ldrb	w9, [sp, #0x1f]
40081ac0: f9401bea     	ldr	x10, [sp, #0x30]
40081ac4: b98023eb     	ldrsw	x11, [sp, #0x20]
40081ac8: 8b0b014a     	add	x10, x10, x11
40081acc: 1100056b     	add	w11, w11, #0x1
40081ad0: b90023eb     	str	w11, [sp, #0x20]
40081ad4: 3903c149     	strb	w9, [x10, #0xf0]
40081ad8: f9401bea     	ldr	x10, [sp, #0x30]
40081adc: b98023e9     	ldrsw	x9, [sp, #0x20]
40081ae0: 8b09014a     	add	x10, x10, x9
40081ae4: 11000529     	add	w9, w9, #0x1
40081ae8: b90023e9     	str	w9, [sp, #0x20]
40081aec: 528006c9     	mov	w9, #0x36               // =54
40081af0: 3903c149     	strb	w9, [x10, #0xf0]
40081af4: f9401be9     	ldr	x9, [sp, #0x30]
40081af8: b98023ea     	ldrsw	x10, [sp, #0x20]
40081afc: 8b0a0129     	add	x9, x9, x10
40081b00: 1100054a     	add	w10, w10, #0x1
40081b04: b90023ea     	str	w10, [sp, #0x20]
40081b08: 3903c128     	strb	w8, [x9, #0xf0]
40081b0c: f0000be8     	adrp	x8, 0x40200000 <server_ip>
40081b10: b9400108     	ldr	w8, [x8]
40081b14: b9001be8     	str	w8, [sp, #0x18]
40081b18: b9401be8     	ldr	w8, [sp, #0x18]
40081b1c: f9401be9     	ldr	x9, [sp, #0x30]
40081b20: b98023ea     	ldrsw	x10, [sp, #0x20]
40081b24: 8b0a0129     	add	x9, x9, x10
40081b28: 1100054a     	add	w10, w10, #0x1
40081b2c: b90023ea     	str	w10, [sp, #0x20]
40081b30: 3903c128     	strb	w8, [x9, #0xf0]
40081b34: b9401be8     	ldr	w8, [sp, #0x18]
40081b38: 53087d08     	lsr	w8, w8, #8
40081b3c: f9401be9     	ldr	x9, [sp, #0x30]
40081b40: b98023ea     	ldrsw	x10, [sp, #0x20]
40081b44: 8b0a0129     	add	x9, x9, x10
40081b48: 1100054a     	add	w10, w10, #0x1
40081b4c: b90023ea     	str	w10, [sp, #0x20]
40081b50: 3903c128     	strb	w8, [x9, #0xf0]
40081b54: 794037e8     	ldrh	w8, [sp, #0x1a]
40081b58: f9401be9     	ldr	x9, [sp, #0x30]
40081b5c: b98023ea     	ldrsw	x10, [sp, #0x20]
40081b60: 8b0a0129     	add	x9, x9, x10
40081b64: 1100054a     	add	w10, w10, #0x1
40081b68: b90023ea     	str	w10, [sp, #0x20]
40081b6c: 3903c128     	strb	w8, [x9, #0xf0]
40081b70: 39406fe8     	ldrb	w8, [sp, #0x1b]
40081b74: f9401be9     	ldr	x9, [sp, #0x30]
40081b78: b98023ea     	ldrsw	x10, [sp, #0x20]
40081b7c: 8b0a0129     	add	x9, x9, x10
40081b80: 1100054a     	add	w10, w10, #0x1
40081b84: b90023ea     	str	w10, [sp, #0x20]
40081b88: 3903c128     	strb	w8, [x9, #0xf0]
40081b8c: f9401be9     	ldr	x9, [sp, #0x30]
40081b90: b98023e8     	ldrsw	x8, [sp, #0x20]
40081b94: 8b080129     	add	x9, x9, x8
40081b98: 11000508     	add	w8, w8, #0x1
40081b9c: b90023e8     	str	w8, [sp, #0x20]
40081ba0: 52801fe8     	mov	w8, #0xff               // =255
40081ba4: 3903c128     	strb	w8, [x9, #0xf0]
40081ba8: 52800220     	mov	w0, #0x11               // =17
40081bac: 94001541     	bl	0x400870b0 <net_socket_create>
40081bb0: b9400fe8     	ldr	w8, [sp, #0xc]
40081bb4: f9000be0     	str	x0, [sp, #0x10]
40081bb8: f9400bea     	ldr	x10, [sp, #0x10]
40081bbc: 52800889     	mov	w9, #0x44               // =68
40081bc0: 79001949     	strh	w9, [x10, #0xc]
40081bc4: f9400bea     	ldr	x10, [sp, #0x10]
40081bc8: 52800869     	mov	w9, #0x43               // =67
40081bcc: 79002949     	strh	w9, [x10, #0x14]
40081bd0: f9400be9     	ldr	x9, [sp, #0x10]
40081bd4: b9000928     	str	w8, [x9, #0x8]
40081bd8: f9400be9     	ldr	x9, [sp, #0x10]
40081bdc: 12800008     	mov	w8, #-0x1               // =-1
40081be0: b9001128     	str	w8, [x9, #0x10]
40081be4: f9400be0     	ldr	x0, [sp, #0x10]
40081be8: 9100f3e1     	add	x1, sp, #0x3c
40081bec: 52804482     	mov	w2, #0x224              // =548
40081bf0: 94001728     	bl	0x40087890 <net_socket_send>
40081bf4: f9400be0     	ldr	x0, [sp, #0x10]
40081bf8: 94001932     	bl	0x400880c0 <net_socket_close>
40081bfc: 90000080     	adrp	x0, 0x40091000 <UART0_FR+0x4d8>
40081c00: 91025c00     	add	x0, x0, #0x97
40081c04: 94000dc7     	bl	0x40085320 <uart_puts>
40081c08: 910983ff     	add	sp, sp, #0x260
40081c0c: f9400bfc     	ldr	x28, [sp, #0x10]
40081c10: a8c27bfd     	ldp	x29, x30, [sp], #0x20
40081c14: d65f03c0     	ret
40081c18: d503201f     	nop
40081c1c: d503201f     	nop

0000000040081c20 <dhcp_init>:
40081c20: d10083ff     	sub	sp, sp, #0x20
40081c24: a9017bfd     	stp	x29, x30, [sp, #0x10]
40081c28: 910043fd     	add	x29, sp, #0x10
40081c2c: b0000080     	adrp	x0, 0x40092000 <UART0_FR+0x14d8>
40081c30: 9106dc00     	add	x0, x0, #0x1b7
40081c34: 94000dbb     	bl	0x40085320 <uart_puts>
40081c38: 9400001e     	bl	0x40081cb0 <send_dhcp_discover>
40081c3c: 94002b65     	bl	0x4008c9d0 <timer_get_ms>
40081c40: f90007e0     	str	x0, [sp, #0x8]
40081c44: 14000001     	b	0x40081c48 <dhcp_init+0x28>
40081c48: f0000be8     	adrp	x8, 0x40200000 <server_ip>
40081c4c: b9400908     	ldr	w8, [x8, #0x8]
40081c50: 71000908     	subs	w8, w8, #0x2
40081c54: 540001e0     	b.eq	0x40081c90 <dhcp_init+0x70>
40081c58: 14000001     	b	0x40081c5c <dhcp_init+0x3c>
40081c5c: 94002b5d     	bl	0x4008c9d0 <timer_get_ms>
40081c60: f94007e8     	ldr	x8, [sp, #0x8]
40081c64: eb080008     	subs	x8, x0, x8
40081c68: 5284e229     	mov	w9, #0x2711             // =10001
40081c6c: eb090108     	subs	x8, x8, x9
40081c70: 540000c3     	b.lo	0x40081c88 <dhcp_init+0x68>
40081c74: 14000001     	b	0x40081c78 <dhcp_init+0x58>
40081c78: b0000080     	adrp	x0, 0x40092000 <UART0_FR+0x14d8>
40081c7c: 9108b000     	add	x0, x0, #0x22c
40081c80: 94000da8     	bl	0x40085320 <uart_puts>
40081c84: 14000007     	b	0x40081ca0 <dhcp_init+0x80>
40081c88: d503207f     	wfi
40081c8c: 17ffffef     	b	0x40081c48 <dhcp_init+0x28>
40081c90: b0000080     	adrp	x0, 0x40092000 <UART0_FR+0x14d8>
40081c94: 91153000     	add	x0, x0, #0x54c
40081c98: 94000da2     	bl	0x40085320 <uart_puts>
40081c9c: 14000001     	b	0x40081ca0 <dhcp_init+0x80>
40081ca0: a9417bfd     	ldp	x29, x30, [sp, #0x10]
40081ca4: 910083ff     	add	sp, sp, #0x20
40081ca8: d65f03c0     	ret
40081cac: d503201f     	nop

0000000040081cb0 <send_dhcp_discover>:
40081cb0: a9be7bfd     	stp	x29, x30, [sp, #-0x20]!
40081cb4: f9000bfc     	str	x28, [sp, #0x10]
40081cb8: 910003fd     	mov	x29, sp
40081cbc: d10943ff     	sub	sp, sp, #0x250
40081cc0: 2a1f03e8     	mov	w8, wzr
40081cc4: b9002be8     	str	w8, [sp, #0x28]
40081cc8: 14000001     	b	0x40081ccc <send_dhcp_discover+0x1c>
40081ccc: b9802be8     	ldrsw	x8, [sp, #0x28]
40081cd0: f1088d08     	subs	x8, x8, #0x223
40081cd4: 54000168     	b.hi	0x40081d00 <send_dhcp_discover+0x50>
40081cd8: 14000001     	b	0x40081cdc <send_dhcp_discover+0x2c>
40081cdc: b9802bea     	ldrsw	x10, [sp, #0x28]
40081ce0: 9100b3e9     	add	x9, sp, #0x2c
40081ce4: 2a1f03e8     	mov	w8, wzr
40081ce8: 382a6928     	strb	w8, [x9, x10]
40081cec: 14000001     	b	0x40081cf0 <send_dhcp_discover+0x40>
40081cf0: b9402be8     	ldr	w8, [sp, #0x28]
40081cf4: 11000508     	add	w8, w8, #0x1
40081cf8: b9002be8     	str	w8, [sp, #0x28]
40081cfc: 17fffff4     	b	0x40081ccc <send_dhcp_discover+0x1c>
40081d00: 9100b3e8     	add	x8, sp, #0x2c
40081d04: f90013e8     	str	x8, [sp, #0x20]
40081d08: f94013e9     	ldr	x9, [sp, #0x20]
40081d0c: 52800028     	mov	w8, #0x1                // =1
40081d10: 39000128     	strb	w8, [x9]
40081d14: f94013e9     	ldr	x9, [sp, #0x20]
40081d18: 39000528     	strb	w8, [x9, #0x1]
40081d1c: f94013e9     	ldr	x9, [sp, #0x20]
40081d20: 528000c8     	mov	w8, #0x6                // =6
40081d24: 39000928     	strb	w8, [x9, #0x2]
40081d28: b0000088     	adrp	x8, 0x40092000 <UART0_FR+0x14d8>
40081d2c: b94b6900     	ldr	w0, [x8, #0xb68]
40081d30: 94001144     	bl	0x40086240 <htonl>
40081d34: f94013e8     	ldr	x8, [sp, #0x20]
40081d38: b9000500     	str	w0, [x8, #0x4]
40081d3c: 52900000     	mov	w0, #0x8000             // =32768
40081d40: 9400112c     	bl	0x400861f0 <htons>
40081d44: f94013e8     	ldr	x8, [sp, #0x20]
40081d48: 79001500     	strh	w0, [x8, #0xa]
40081d4c: 91006be0     	add	x0, sp, #0x1a
40081d50: 940038d8     	bl	0x400900b0 <virtio_net_get_mac>
40081d54: 2a1f03e8     	mov	w8, wzr
40081d58: b90017e8     	str	w8, [sp, #0x14]
40081d5c: 14000001     	b	0x40081d60 <send_dhcp_discover+0xb0>
40081d60: b94017e8     	ldr	w8, [sp, #0x14]
40081d64: 71001508     	subs	w8, w8, #0x5
40081d68: 540001ac     	b.gt	0x40081d9c <send_dhcp_discover+0xec>
40081d6c: 14000001     	b	0x40081d70 <send_dhcp_discover+0xc0>
40081d70: b98017ea     	ldrsw	x10, [sp, #0x14]
40081d74: 91006be8     	add	x8, sp, #0x1a
40081d78: 386a6908     	ldrb	w8, [x8, x10]
40081d7c: f94013e9     	ldr	x9, [sp, #0x20]
40081d80: 8b0a0129     	add	x9, x9, x10
40081d84: 39007128     	strb	w8, [x9, #0x1c]
40081d88: 14000001     	b	0x40081d8c <send_dhcp_discover+0xdc>
40081d8c: b94017e8     	ldr	w8, [sp, #0x14]
40081d90: 11000508     	add	w8, w8, #0x1
40081d94: b90017e8     	str	w8, [sp, #0x14]
40081d98: 17fffff2     	b	0x40081d60 <send_dhcp_discover+0xb0>
40081d9c: 528a6c60     	mov	w0, #0x5363             // =21347
40081da0: 72ac7040     	movk	w0, #0x6382, lsl #16
40081da4: 94001127     	bl	0x40086240 <htonl>
40081da8: f94013e8     	ldr	x8, [sp, #0x20]
40081dac: b900ed00     	str	w0, [x8, #0xec]
40081db0: 2a1f03e8     	mov	w8, wzr
40081db4: b90007e8     	str	w8, [sp, #0x4]
40081db8: b90013e8     	str	w8, [sp, #0x10]
40081dbc: f94013e9     	ldr	x9, [sp, #0x20]
40081dc0: b98013e8     	ldrsw	x8, [sp, #0x10]
40081dc4: 8b080129     	add	x9, x9, x8
40081dc8: 11000508     	add	w8, w8, #0x1
40081dcc: b90013e8     	str	w8, [sp, #0x10]
40081dd0: 528006a8     	mov	w8, #0x35               // =53
40081dd4: 3903c128     	strb	w8, [x9, #0xf0]
40081dd8: f94013e9     	ldr	x9, [sp, #0x20]
40081ddc: b98013e8     	ldrsw	x8, [sp, #0x10]
40081de0: 8b080129     	add	x9, x9, x8
40081de4: 11000508     	add	w8, w8, #0x1
40081de8: b90013e8     	str	w8, [sp, #0x10]
40081dec: 52800028     	mov	w8, #0x1                // =1
40081df0: 3903c128     	strb	w8, [x9, #0xf0]
40081df4: f94013e9     	ldr	x9, [sp, #0x20]
40081df8: b98013ea     	ldrsw	x10, [sp, #0x10]
40081dfc: 8b0a0129     	add	x9, x9, x10
40081e00: 1100054a     	add	w10, w10, #0x1
40081e04: b90013ea     	str	w10, [sp, #0x10]
40081e08: 3903c128     	strb	w8, [x9, #0xf0]
40081e0c: f94013e9     	ldr	x9, [sp, #0x20]
40081e10: b98013e8     	ldrsw	x8, [sp, #0x10]
40081e14: 8b080129     	add	x9, x9, x8
40081e18: 11000508     	add	w8, w8, #0x1
40081e1c: b90013e8     	str	w8, [sp, #0x10]
40081e20: 52801fe8     	mov	w8, #0xff               // =255
40081e24: 3903c128     	strb	w8, [x9, #0xf0]
40081e28: 52800220     	mov	w0, #0x11               // =17
40081e2c: 940014a1     	bl	0x400870b0 <net_socket_create>
40081e30: b94007e8     	ldr	w8, [sp, #0x4]
40081e34: f90007e0     	str	x0, [sp, #0x8]
40081e38: f94007ea     	ldr	x10, [sp, #0x8]
40081e3c: 52800889     	mov	w9, #0x44               // =68
40081e40: 79001949     	strh	w9, [x10, #0xc]
40081e44: f94007ea     	ldr	x10, [sp, #0x8]
40081e48: 52800869     	mov	w9, #0x43               // =67
40081e4c: 79002949     	strh	w9, [x10, #0x14]
40081e50: f94007e9     	ldr	x9, [sp, #0x8]
40081e54: b9000928     	str	w8, [x9, #0x8]
40081e58: f94007e9     	ldr	x9, [sp, #0x8]
40081e5c: 12800008     	mov	w8, #-0x1               // =-1
40081e60: b9001128     	str	w8, [x9, #0x10]
40081e64: f94007e0     	ldr	x0, [sp, #0x8]
40081e68: 9100b3e1     	add	x1, sp, #0x2c
40081e6c: 52804482     	mov	w2, #0x224              // =548
40081e70: 94001688     	bl	0x40087890 <net_socket_send>
40081e74: f94007e0     	ldr	x0, [sp, #0x8]
40081e78: 94001892     	bl	0x400880c0 <net_socket_close>
40081e7c: 90000080     	adrp	x0, 0x40091000 <UART0_FR+0x4d8>
40081e80: 9110a000     	add	x0, x0, #0x428
40081e84: 94000d27     	bl	0x40085320 <uart_puts>
40081e88: 910943ff     	add	sp, sp, #0x250
40081e8c: f9400bfc     	ldr	x28, [sp, #0x10]
40081e90: a8c27bfd     	ldp	x29, x30, [sp], #0x20
40081e94: d65f03c0     	ret
		...

0000000040081ea0 <fat16_init>:
40081ea0: a9be7bfd     	stp	x29, x30, [sp, #-0x20]!
40081ea4: f9000bfc     	str	x28, [sp, #0x10]
40081ea8: 910003fd     	mov	x29, sp
40081eac: d10843ff     	sub	sp, sp, #0x210
40081eb0: f0000be0     	adrp	x0, 0x40200000 <server_ip>
40081eb4: 91003000     	add	x0, x0, #0xc
40081eb8: 94000bfa     	bl	0x40084ea0 <spinlock_init>
40081ebc: aa1f03e0     	mov	x0, xzr
40081ec0: 910033e1     	add	x1, sp, #0xc
40081ec4: 52800022     	mov	w2, #0x1                // =1
40081ec8: 94003352     	bl	0x4008ec10 <virtio_blk_read_sector>
40081ecc: 340000a0     	cbz	w0, 0x40081ee0 <fat16_init+0x40>
40081ed0: 14000001     	b	0x40081ed4 <fat16_init+0x34>
40081ed4: 12800008     	mov	w8, #-0x1               // =-1
40081ed8: b81fc3a8     	stur	w8, [x29, #-0x4]
40081edc: 1400004f     	b	0x40082018 <fat16_init+0x178>
40081ee0: 910033e8     	add	x8, sp, #0xc
40081ee4: f90003e8     	str	x8, [sp]
40081ee8: f94003e8     	ldr	x8, [sp]
40081eec: 39402d08     	ldrb	w8, [x8, #0xb]
40081ef0: f94003e9     	ldr	x9, [sp]
40081ef4: 39403129     	ldrb	w9, [x9, #0xc]
40081ef8: 2a092109     	orr	w9, w8, w9, lsl #8
40081efc: f0000be8     	adrp	x8, 0x40200000 <server_ip>
40081f00: b9001109     	str	w9, [x8, #0x10]
40081f04: f94003e9     	ldr	x9, [sp]
40081f08: 39403529     	ldrb	w9, [x9, #0xd]
40081f0c: f0000bea     	adrp	x10, 0x40200000 <server_ip>
40081f10: b9001549     	str	w9, [x10, #0x14]
40081f14: f94003e9     	ldr	x9, [sp]
40081f18: 39403929     	ldrb	w9, [x9, #0xe]
40081f1c: f94003ea     	ldr	x10, [sp]
40081f20: 39403d4a     	ldrb	w10, [x10, #0xf]
40081f24: 2a0a2129     	orr	w9, w9, w10, lsl #8
40081f28: f0000bea     	adrp	x10, 0x40200000 <server_ip>
40081f2c: b9001949     	str	w9, [x10, #0x18]
40081f30: f94003e9     	ldr	x9, [sp]
40081f34: 39404129     	ldrb	w9, [x9, #0x10]
40081f38: f0000bea     	adrp	x10, 0x40200000 <server_ip>
40081f3c: b9001d49     	str	w9, [x10, #0x1c]
40081f40: f94003e9     	ldr	x9, [sp]
40081f44: 39404529     	ldrb	w9, [x9, #0x11]
40081f48: f94003ea     	ldr	x10, [sp]
40081f4c: 3940494a     	ldrb	w10, [x10, #0x12]
40081f50: 2a0a2129     	orr	w9, w9, w10, lsl #8
40081f54: f0000bea     	adrp	x10, 0x40200000 <server_ip>
40081f58: b9002149     	str	w9, [x10, #0x20]
40081f5c: f94003e9     	ldr	x9, [sp]
40081f60: 39405929     	ldrb	w9, [x9, #0x16]
40081f64: f94003ea     	ldr	x10, [sp]
40081f68: 39405d4a     	ldrb	w10, [x10, #0x17]
40081f6c: 2a0a2129     	orr	w9, w9, w10, lsl #8
40081f70: f0000bea     	adrp	x10, 0x40200000 <server_ip>
40081f74: b9002549     	str	w9, [x10, #0x24]
40081f78: b9401108     	ldr	w8, [x8, #0x10]
40081f7c: 71080108     	subs	w8, w8, #0x200
40081f80: 540000a0     	b.eq	0x40081f94 <fat16_init+0xf4>
40081f84: 14000001     	b	0x40081f88 <fat16_init+0xe8>
40081f88: 12800008     	mov	w8, #-0x1               // =-1
40081f8c: b81fc3a8     	stur	w8, [x29, #-0x4]
40081f90: 14000022     	b	0x40082018 <fat16_init+0x178>
40081f94: f0000be8     	adrp	x8, 0x40200000 <server_ip>
40081f98: b9401909     	ldr	w9, [x8, #0x18]
40081f9c: f0000be8     	adrp	x8, 0x40200000 <server_ip>
40081fa0: b9002909     	str	w9, [x8, #0x28]
40081fa4: b9402908     	ldr	w8, [x8, #0x28]
40081fa8: f0000be9     	adrp	x9, 0x40200000 <server_ip>
40081fac: b9401d29     	ldr	w9, [x9, #0x1c]
40081fb0: f0000bea     	adrp	x10, 0x40200000 <server_ip>
40081fb4: b940254a     	ldr	w10, [x10, #0x24]
40081fb8: 1b0a7d29     	mul	w9, w9, w10
40081fbc: 0b090109     	add	w9, w8, w9
40081fc0: f0000be8     	adrp	x8, 0x40200000 <server_ip>
40081fc4: b9002d09     	str	w9, [x8, #0x2c]
40081fc8: f0000be9     	adrp	x9, 0x40200000 <server_ip>
40081fcc: b9402129     	ldr	w9, [x9, #0x20]
40081fd0: 531b6929     	lsl	w9, w9, #5
40081fd4: 1107fd29     	add	w9, w9, #0x1ff
40081fd8: 53097d2a     	lsr	w10, w9, #9
40081fdc: f0000be9     	adrp	x9, 0x40200000 <server_ip>
40081fe0: b900312a     	str	w10, [x9, #0x30]
40081fe4: b9402d08     	ldr	w8, [x8, #0x2c]
40081fe8: b9403129     	ldr	w9, [x9, #0x30]
40081fec: 0b090108     	add	w8, w8, w9
40081ff0: f0000be9     	adrp	x9, 0x40200000 <server_ip>
40081ff4: b9003528     	str	w8, [x9, #0x34]
40081ff8: f0000be8     	adrp	x8, 0x40200000 <server_ip>
40081ffc: b9401508     	ldr	w8, [x8, #0x14]
40082000: 53175908     	lsl	w8, w8, #9
40082004: d0000be9     	adrp	x9, 0x40200000 <server_ip>
40082008: b9003928     	str	w8, [x9, #0x38]
4008200c: 2a1f03e8     	mov	w8, wzr
40082010: b81fc3a8     	stur	w8, [x29, #-0x4]
40082014: 14000001     	b	0x40082018 <fat16_init+0x178>
40082018: b85fc3a0     	ldur	w0, [x29, #-0x4]
4008201c: 910843ff     	add	sp, sp, #0x210
40082020: f9400bfc     	ldr	x28, [sp, #0x10]
40082024: a8c27bfd     	ldp	x29, x30, [sp], #0x20
40082028: d65f03c0     	ret
4008202c: d503201f     	nop

0000000040082030 <fat16_open>:
40082030: a9be7bfd     	stp	x29, x30, [sp, #-0x20]!
40082034: f9000bfc     	str	x28, [sp, #0x10]
40082038: 910003fd     	mov	x29, sp
4008203c: d10943ff     	sub	sp, sp, #0x250
40082040: d10083a8     	sub	x8, x29, #0x20
40082044: f9000be8     	str	x8, [sp, #0x10]
40082048: f9000900     	str	x0, [x8, #0x10]
4008204c: f9000501     	str	x1, [x8, #0x8]
40082050: d0000be0     	adrp	x0, 0x40200000 <server_ip>
40082054: 91003000     	add	x0, x0, #0xc
40082058: 94000bae     	bl	0x40084f10 <spinlock_acquire_irqsave>
4008205c: f9400be8     	ldr	x8, [sp, #0x10]
40082060: f9000100     	str	x0, [x8]
40082064: 2a1f03e8     	mov	w8, wzr
40082068: b9002fe8     	str	w8, [sp, #0x2c]
4008206c: 14000001     	b	0x40082070 <fat16_open+0x40>
40082070: b9402fe8     	ldr	w8, [sp, #0x2c]
40082074: d0000be9     	adrp	x9, 0x40200000 <server_ip>
40082078: b9403129     	ldr	w9, [x9, #0x30]
4008207c: 6b090108     	subs	w8, w8, w9
40082080: 54000d02     	b.hs	0x40082220 <fat16_open+0x1f0>
40082084: 14000001     	b	0x40082088 <fat16_open+0x58>
40082088: f9400be8     	ldr	x8, [sp, #0x10]
4008208c: f9400101     	ldr	x1, [x8]
40082090: d0000be0     	adrp	x0, 0x40200000 <server_ip>
40082094: 91003000     	add	x0, x0, #0xc
40082098: 94000bae     	bl	0x40084f50 <spinlock_release_irqrestore>
4008209c: d0000be8     	adrp	x8, 0x40200000 <server_ip>
400820a0: b9402d08     	ldr	w8, [x8, #0x2c]
400820a4: b9402fe9     	ldr	w9, [sp, #0x2c]
400820a8: 0b090108     	add	w8, w8, w9
400820ac: 2a0803e8     	mov	w8, w8
400820b0: 2a0803e0     	mov	w0, w8
400820b4: 9100c3e1     	add	x1, sp, #0x30
400820b8: 52800022     	mov	w2, #0x1                // =1
400820bc: 940032d5     	bl	0x4008ec10 <virtio_blk_read_sector>
400820c0: 340000a0     	cbz	w0, 0x400820d4 <fat16_open+0xa4>
400820c4: 14000001     	b	0x400820c8 <fat16_open+0x98>
400820c8: 12800008     	mov	w8, #-0x1               // =-1
400820cc: b81fc3a8     	stur	w8, [x29, #-0x4]
400820d0: 1400005c     	b	0x40082240 <fat16_open+0x210>
400820d4: d0000be0     	adrp	x0, 0x40200000 <server_ip>
400820d8: 91003000     	add	x0, x0, #0xc
400820dc: 94000b8d     	bl	0x40084f10 <spinlock_acquire_irqsave>
400820e0: f9400be8     	ldr	x8, [sp, #0x10]
400820e4: f9000100     	str	x0, [x8]
400820e8: 9100c3e8     	add	x8, sp, #0x30
400820ec: f90013e8     	str	x8, [sp, #0x20]
400820f0: 2a1f03e8     	mov	w8, wzr
400820f4: b9001fe8     	str	w8, [sp, #0x1c]
400820f8: 14000001     	b	0x400820fc <fat16_open+0xcc>
400820fc: b9401fe8     	ldr	w8, [sp, #0x1c]
40082100: 71003d08     	subs	w8, w8, #0xf
40082104: 54000848     	b.hi	0x4008220c <fat16_open+0x1dc>
40082108: 14000001     	b	0x4008210c <fat16_open+0xdc>
4008210c: f94013e8     	ldr	x8, [sp, #0x20]
40082110: b9401fe9     	ldr	w9, [sp, #0x1c]
40082114: d37be929     	lsl	x9, x9, #5
40082118: 38696908     	ldrb	w8, [x8, x9]
4008211c: 35000068     	cbnz	w8, 0x40082128 <fat16_open+0xf8>
40082120: 14000001     	b	0x40082124 <fat16_open+0xf4>
40082124: 1400003a     	b	0x4008220c <fat16_open+0x1dc>
40082128: f94013e8     	ldr	x8, [sp, #0x20]
4008212c: b9401fe9     	ldr	w9, [sp, #0x1c]
40082130: d37be929     	lsl	x9, x9, #5
40082134: 38696908     	ldrb	w8, [x8, x9]
40082138: 71039508     	subs	w8, w8, #0xe5
4008213c: 54000061     	b.ne	0x40082148 <fat16_open+0x118>
40082140: 14000001     	b	0x40082144 <fat16_open+0x114>
40082144: 1400002e     	b	0x400821fc <fat16_open+0x1cc>
40082148: f9400be8     	ldr	x8, [sp, #0x10]
4008214c: f94013e9     	ldr	x9, [sp, #0x20]
40082150: b9401fea     	ldr	w10, [sp, #0x1c]
40082154: 8b0a1520     	add	x0, x9, x10, lsl #5
40082158: f9400901     	ldr	x1, [x8, #0x10]
4008215c: 94000041     	bl	0x40082260 <match_name>
40082160: 340004c0     	cbz	w0, 0x400821f8 <fat16_open+0x1c8>
40082164: 14000001     	b	0x40082168 <fat16_open+0x138>
40082168: f9400be8     	ldr	x8, [sp, #0x10]
4008216c: f940050a     	ldr	x10, [x8, #0x8]
40082170: 52800029     	mov	w9, #0x1                // =1
40082174: b9000149     	str	w9, [x10]
40082178: f940050a     	ldr	x10, [x8, #0x8]
4008217c: f94013e9     	ldr	x9, [sp, #0x20]
40082180: b9401feb     	ldr	w11, [sp, #0x1c]
40082184: 8b0b152d     	add	x13, x9, x11, lsl #5
40082188: f94001a9     	ldr	x9, [x13]
4008218c: f94005ab     	ldr	x11, [x13, #0x8]
40082190: f94009ac     	ldr	x12, [x13, #0x10]
40082194: f9400dad     	ldr	x13, [x13, #0x18]
40082198: f900154d     	str	x13, [x10, #0x28]
4008219c: f900114c     	str	x12, [x10, #0x20]
400821a0: f9000d4b     	str	x11, [x10, #0x18]
400821a4: f9000949     	str	x9, [x10, #0x10]
400821a8: d0000be9     	adrp	x9, 0x40200000 <server_ip>
400821ac: b9402d29     	ldr	w9, [x9, #0x2c]
400821b0: b9402fea     	ldr	w10, [sp, #0x2c]
400821b4: 0b0a0129     	add	w9, w9, w10
400821b8: f940050a     	ldr	x10, [x8, #0x8]
400821bc: b9003149     	str	w9, [x10, #0x30]
400821c0: b9401fe9     	ldr	w9, [sp, #0x1c]
400821c4: f940050a     	ldr	x10, [x8, #0x8]
400821c8: b9003549     	str	w9, [x10, #0x34]
400821cc: f940050a     	ldr	x10, [x8, #0x8]
400821d0: 2a1f03e9     	mov	w9, wzr
400821d4: b9000fe9     	str	w9, [sp, #0xc]
400821d8: b9003949     	str	w9, [x10, #0x38]
400821dc: f9400101     	ldr	x1, [x8]
400821e0: d0000be0     	adrp	x0, 0x40200000 <server_ip>
400821e4: 91003000     	add	x0, x0, #0xc
400821e8: 94000b5a     	bl	0x40084f50 <spinlock_release_irqrestore>
400821ec: b9400fe8     	ldr	w8, [sp, #0xc]
400821f0: b81fc3a8     	stur	w8, [x29, #-0x4]
400821f4: 14000013     	b	0x40082240 <fat16_open+0x210>
400821f8: 14000001     	b	0x400821fc <fat16_open+0x1cc>
400821fc: b9401fe8     	ldr	w8, [sp, #0x1c]
40082200: 11000508     	add	w8, w8, #0x1
40082204: b9001fe8     	str	w8, [sp, #0x1c]
40082208: 17ffffbd     	b	0x400820fc <fat16_open+0xcc>
4008220c: 14000001     	b	0x40082210 <fat16_open+0x1e0>
40082210: b9402fe8     	ldr	w8, [sp, #0x2c]
40082214: 11000508     	add	w8, w8, #0x1
40082218: b9002fe8     	str	w8, [sp, #0x2c]
4008221c: 17ffff95     	b	0x40082070 <fat16_open+0x40>
40082220: f9400be8     	ldr	x8, [sp, #0x10]
40082224: f9400101     	ldr	x1, [x8]
40082228: d0000be0     	adrp	x0, 0x40200000 <server_ip>
4008222c: 91003000     	add	x0, x0, #0xc
40082230: 94000b48     	bl	0x40084f50 <spinlock_release_irqrestore>
40082234: 12800008     	mov	w8, #-0x1               // =-1
40082238: b81fc3a8     	stur	w8, [x29, #-0x4]
4008223c: 14000001     	b	0x40082240 <fat16_open+0x210>
40082240: b85fc3a0     	ldur	w0, [x29, #-0x4]
40082244: 910943ff     	add	sp, sp, #0x250
40082248: f9400bfc     	ldr	x28, [sp, #0x10]
4008224c: a8c27bfd     	ldp	x29, x30, [sp], #0x20
40082250: d65f03c0     	ret
40082254: d503201f     	nop
40082258: d503201f     	nop
4008225c: d503201f     	nop

0000000040082260 <match_name>:
40082260: d10143ff     	sub	sp, sp, #0x50
40082264: f90023e0     	str	x0, [sp, #0x40]
40082268: f9001fe1     	str	x1, [sp, #0x38]
4008226c: 2a1f03e8     	mov	w8, wzr
40082270: b9002be8     	str	w8, [sp, #0x28]
40082274: 14000001     	b	0x40082278 <match_name+0x18>
40082278: b9402be8     	ldr	w8, [sp, #0x28]
4008227c: 71002908     	subs	w8, w8, #0xa
40082280: 5400016c     	b.gt	0x400822ac <match_name+0x4c>
40082284: 14000001     	b	0x40082288 <match_name+0x28>
40082288: b9802bea     	ldrsw	x10, [sp, #0x28]
4008228c: 9100b7e9     	add	x9, sp, #0x2d
40082290: 52800408     	mov	w8, #0x20               // =32
40082294: 382a6928     	strb	w8, [x9, x10]
40082298: 14000001     	b	0x4008229c <match_name+0x3c>
4008229c: b9402be8     	ldr	w8, [sp, #0x28]
400822a0: 11000508     	add	w8, w8, #0x1
400822a4: b9002be8     	str	w8, [sp, #0x28]
400822a8: 17fffff4     	b	0x40082278 <match_name+0x18>
400822ac: 2a1f03e8     	mov	w8, wzr
400822b0: b90027e8     	str	w8, [sp, #0x24]
400822b4: b90023e8     	str	w8, [sp, #0x20]
400822b8: 14000001     	b	0x400822bc <match_name+0x5c>
400822bc: f9401fe8     	ldr	x8, [sp, #0x38]
400822c0: b98027e9     	ldrsw	x9, [sp, #0x24]
400822c4: 38696908     	ldrb	w8, [x8, x9]
400822c8: 2a1f03e9     	mov	w9, wzr
400822cc: b90017e9     	str	w9, [sp, #0x14]
400822d0: 340001e8     	cbz	w8, 0x4008230c <match_name+0xac>
400822d4: 14000001     	b	0x400822d8 <match_name+0x78>
400822d8: f9401fe8     	ldr	x8, [sp, #0x38]
400822dc: b98027e9     	ldrsw	x9, [sp, #0x24]
400822e0: 38696909     	ldrb	w9, [x8, x9]
400822e4: 2a1f03e8     	mov	w8, wzr
400822e8: 7100b929     	subs	w9, w9, #0x2e
400822ec: b90017e8     	str	w8, [sp, #0x14]
400822f0: 540000e0     	b.eq	0x4008230c <match_name+0xac>
400822f4: 14000001     	b	0x400822f8 <match_name+0x98>
400822f8: b94023e8     	ldr	w8, [sp, #0x20]
400822fc: 71002108     	subs	w8, w8, #0x8
40082300: 1a9fa7e8     	cset	w8, lt
40082304: b90017e8     	str	w8, [sp, #0x14]
40082308: 14000001     	b	0x4008230c <match_name+0xac>
4008230c: b94017e8     	ldr	w8, [sp, #0x14]
40082310: 360001e8     	tbz	w8, #0x0, 0x4008234c <match_name+0xec>
40082314: 14000001     	b	0x40082318 <match_name+0xb8>
40082318: f9401fe8     	ldr	x8, [sp, #0x38]
4008231c: b98027e9     	ldrsw	x9, [sp, #0x24]
40082320: 2a0903ea     	mov	w10, w9
40082324: 1100054a     	add	w10, w10, #0x1
40082328: b90027ea     	str	w10, [sp, #0x24]
4008232c: 38696908     	ldrb	w8, [x8, x9]
40082330: b98023ea     	ldrsw	x10, [sp, #0x20]
40082334: 2a0a03e9     	mov	w9, w10
40082338: 11000529     	add	w9, w9, #0x1
4008233c: b90023e9     	str	w9, [sp, #0x20]
40082340: 9100b7e9     	add	x9, sp, #0x2d
40082344: 382a6928     	strb	w8, [x9, x10]
40082348: 17ffffdd     	b	0x400822bc <match_name+0x5c>
4008234c: 14000001     	b	0x40082350 <match_name+0xf0>
40082350: f9401fe8     	ldr	x8, [sp, #0x38]
40082354: b98027e9     	ldrsw	x9, [sp, #0x24]
40082358: 38696908     	ldrb	w8, [x8, x9]
4008235c: 2a1f03e9     	mov	w9, wzr
40082360: b90013e9     	str	w9, [sp, #0x10]
40082364: 34000128     	cbz	w8, 0x40082388 <match_name+0x128>
40082368: 14000001     	b	0x4008236c <match_name+0x10c>
4008236c: f9401fe8     	ldr	x8, [sp, #0x38]
40082370: b98027e9     	ldrsw	x9, [sp, #0x24]
40082374: 38696908     	ldrb	w8, [x8, x9]
40082378: 7100b908     	subs	w8, w8, #0x2e
4008237c: 1a9f07e8     	cset	w8, ne
40082380: b90013e8     	str	w8, [sp, #0x10]
40082384: 14000001     	b	0x40082388 <match_name+0x128>
40082388: b94013e8     	ldr	w8, [sp, #0x10]
4008238c: 360000c8     	tbz	w8, #0x0, 0x400823a4 <match_name+0x144>
40082390: 14000001     	b	0x40082394 <match_name+0x134>
40082394: b94027e8     	ldr	w8, [sp, #0x24]
40082398: 11000508     	add	w8, w8, #0x1
4008239c: b90027e8     	str	w8, [sp, #0x24]
400823a0: 17ffffec     	b	0x40082350 <match_name+0xf0>
400823a4: f9401fe8     	ldr	x8, [sp, #0x38]
400823a8: b98027e9     	ldrsw	x9, [sp, #0x24]
400823ac: 38696908     	ldrb	w8, [x8, x9]
400823b0: 7100b908     	subs	w8, w8, #0x2e
400823b4: 540004a1     	b.ne	0x40082448 <match_name+0x1e8>
400823b8: 14000001     	b	0x400823bc <match_name+0x15c>
400823bc: b94027e8     	ldr	w8, [sp, #0x24]
400823c0: 11000508     	add	w8, w8, #0x1
400823c4: b90027e8     	str	w8, [sp, #0x24]
400823c8: 52800108     	mov	w8, #0x8                // =8
400823cc: b90023e8     	str	w8, [sp, #0x20]
400823d0: 14000001     	b	0x400823d4 <match_name+0x174>
400823d4: f9401fe8     	ldr	x8, [sp, #0x38]
400823d8: b98027e9     	ldrsw	x9, [sp, #0x24]
400823dc: 38696908     	ldrb	w8, [x8, x9]
400823e0: 2a1f03e9     	mov	w9, wzr
400823e4: b9000fe9     	str	w9, [sp, #0xc]
400823e8: 340000e8     	cbz	w8, 0x40082404 <match_name+0x1a4>
400823ec: 14000001     	b	0x400823f0 <match_name+0x190>
400823f0: b94023e8     	ldr	w8, [sp, #0x20]
400823f4: 71002d08     	subs	w8, w8, #0xb
400823f8: 1a9fa7e8     	cset	w8, lt
400823fc: b9000fe8     	str	w8, [sp, #0xc]
40082400: 14000001     	b	0x40082404 <match_name+0x1a4>
40082404: b9400fe8     	ldr	w8, [sp, #0xc]
40082408: 360001e8     	tbz	w8, #0x0, 0x40082444 <match_name+0x1e4>
4008240c: 14000001     	b	0x40082410 <match_name+0x1b0>
40082410: f9401fe8     	ldr	x8, [sp, #0x38]
40082414: b98027e9     	ldrsw	x9, [sp, #0x24]
40082418: 2a0903ea     	mov	w10, w9
4008241c: 1100054a     	add	w10, w10, #0x1
40082420: b90027ea     	str	w10, [sp, #0x24]
40082424: 38696908     	ldrb	w8, [x8, x9]
40082428: b98023ea     	ldrsw	x10, [sp, #0x20]
4008242c: 2a0a03e9     	mov	w9, w10
40082430: 11000529     	add	w9, w9, #0x1
40082434: b90023e9     	str	w9, [sp, #0x20]
40082438: 9100b7e9     	add	x9, sp, #0x2d
4008243c: 382a6928     	strb	w8, [x9, x10]
40082440: 17ffffe5     	b	0x400823d4 <match_name+0x174>
40082444: 14000001     	b	0x40082448 <match_name+0x1e8>
40082448: 2a1f03e8     	mov	w8, wzr
4008244c: b9001fe8     	str	w8, [sp, #0x1c]
40082450: 14000001     	b	0x40082454 <match_name+0x1f4>
40082454: b9401fe8     	ldr	w8, [sp, #0x1c]
40082458: 71002908     	subs	w8, w8, #0xa
4008245c: 540005ec     	b.gt	0x40082518 <match_name+0x2b8>
40082460: 14000001     	b	0x40082464 <match_name+0x204>
40082464: f94023e8     	ldr	x8, [sp, #0x40]
40082468: b9801fe9     	ldrsw	x9, [sp, #0x1c]
4008246c: 38696908     	ldrb	w8, [x8, x9]
40082470: 39006fe8     	strb	w8, [sp, #0x1b]
40082474: b9801fe9     	ldrsw	x9, [sp, #0x1c]
40082478: 9100b7e8     	add	x8, sp, #0x2d
4008247c: 38696908     	ldrb	w8, [x8, x9]
40082480: 39006be8     	strb	w8, [sp, #0x1a]
40082484: 39406fe8     	ldrb	w8, [sp, #0x1b]
40082488: 71018508     	subs	w8, w8, #0x61
4008248c: 5400014b     	b.lt	0x400824b4 <match_name+0x254>
40082490: 14000001     	b	0x40082494 <match_name+0x234>
40082494: 39406fe8     	ldrb	w8, [sp, #0x1b]
40082498: 7101e908     	subs	w8, w8, #0x7a
4008249c: 540000cc     	b.gt	0x400824b4 <match_name+0x254>
400824a0: 14000001     	b	0x400824a4 <match_name+0x244>
400824a4: 39406fe8     	ldrb	w8, [sp, #0x1b]
400824a8: 71008108     	subs	w8, w8, #0x20
400824ac: 39006fe8     	strb	w8, [sp, #0x1b]
400824b0: 14000001     	b	0x400824b4 <match_name+0x254>
400824b4: 39406be8     	ldrb	w8, [sp, #0x1a]
400824b8: 71018508     	subs	w8, w8, #0x61
400824bc: 5400014b     	b.lt	0x400824e4 <match_name+0x284>
400824c0: 14000001     	b	0x400824c4 <match_name+0x264>
400824c4: 39406be8     	ldrb	w8, [sp, #0x1a]
400824c8: 7101e908     	subs	w8, w8, #0x7a
400824cc: 540000cc     	b.gt	0x400824e4 <match_name+0x284>
400824d0: 14000001     	b	0x400824d4 <match_name+0x274>
400824d4: 39406be8     	ldrb	w8, [sp, #0x1a]
400824d8: 71008108     	subs	w8, w8, #0x20
400824dc: 39006be8     	strb	w8, [sp, #0x1a]
400824e0: 14000001     	b	0x400824e4 <match_name+0x284>
400824e4: 39406fe8     	ldrb	w8, [sp, #0x1b]
400824e8: 39406be9     	ldrb	w9, [sp, #0x1a]
400824ec: 6b090108     	subs	w8, w8, w9
400824f0: 540000a0     	b.eq	0x40082504 <match_name+0x2a4>
400824f4: 14000001     	b	0x400824f8 <match_name+0x298>
400824f8: 2a1f03e8     	mov	w8, wzr
400824fc: b9004fe8     	str	w8, [sp, #0x4c]
40082500: 14000009     	b	0x40082524 <match_name+0x2c4>
40082504: 14000001     	b	0x40082508 <match_name+0x2a8>
40082508: b9401fe8     	ldr	w8, [sp, #0x1c]
4008250c: 11000508     	add	w8, w8, #0x1
40082510: b9001fe8     	str	w8, [sp, #0x1c]
40082514: 17ffffd0     	b	0x40082454 <match_name+0x1f4>
40082518: 52800028     	mov	w8, #0x1                // =1
4008251c: b9004fe8     	str	w8, [sp, #0x4c]
40082520: 14000001     	b	0x40082524 <match_name+0x2c4>
40082524: b9404fe0     	ldr	w0, [sp, #0x4c]
40082528: 910143ff     	add	sp, sp, #0x50
4008252c: d65f03c0     	ret

0000000040082530 <fat16_read_dir>:
40082530: a9be7bfd     	stp	x29, x30, [sp, #-0x20]!
40082534: f9000bfc     	str	x28, [sp, #0x10]
40082538: 910003fd     	mov	x29, sp
4008253c: d10903ff     	sub	sp, sp, #0x240
40082540: b81f83a0     	stur	w0, [x29, #-0x8]
40082544: f81f03a1     	stur	x1, [x29, #-0x10]
40082548: d0000be0     	adrp	x0, 0x40200000 <server_ip>
4008254c: 91003000     	add	x0, x0, #0xc
40082550: 94000a70     	bl	0x40084f10 <spinlock_acquire_irqsave>
40082554: f81e83a0     	stur	x0, [x29, #-0x18]
40082558: 2a1f03e8     	mov	w8, wzr
4008255c: b90027e8     	str	w8, [sp, #0x24]
40082560: b90023e8     	str	w8, [sp, #0x20]
40082564: 14000001     	b	0x40082568 <fat16_read_dir+0x38>
40082568: b94023e8     	ldr	w8, [sp, #0x20]
4008256c: d0000be9     	adrp	x9, 0x40200000 <server_ip>
40082570: b9403129     	ldr	w9, [x9, #0x30]
40082574: 6b090108     	subs	w8, w8, w9
40082578: 54001662     	b.hs	0x40082844 <fat16_read_dir+0x314>
4008257c: 14000001     	b	0x40082580 <fat16_read_dir+0x50>
40082580: f85e83a1     	ldur	x1, [x29, #-0x18]
40082584: d0000be0     	adrp	x0, 0x40200000 <server_ip>
40082588: 91003000     	add	x0, x0, #0xc
4008258c: 94000a71     	bl	0x40084f50 <spinlock_release_irqrestore>
40082590: d0000be8     	adrp	x8, 0x40200000 <server_ip>
40082594: b9402d08     	ldr	w8, [x8, #0x2c]
40082598: b94023e9     	ldr	w9, [sp, #0x20]
4008259c: 0b090108     	add	w8, w8, w9
400825a0: 2a0803e8     	mov	w8, w8
400825a4: 2a0803e0     	mov	w0, w8
400825a8: 9100a3e1     	add	x1, sp, #0x28
400825ac: 52800022     	mov	w2, #0x1                // =1
400825b0: 94003198     	bl	0x4008ec10 <virtio_blk_read_sector>
400825b4: 340000a0     	cbz	w0, 0x400825c8 <fat16_read_dir+0x98>
400825b8: 14000001     	b	0x400825bc <fat16_read_dir+0x8c>
400825bc: 12800008     	mov	w8, #-0x1               // =-1
400825c0: b81fc3a8     	stur	w8, [x29, #-0x4]
400825c4: 140000a7     	b	0x40082860 <fat16_read_dir+0x330>
400825c8: d0000be0     	adrp	x0, 0x40200000 <server_ip>
400825cc: 91003000     	add	x0, x0, #0xc
400825d0: 94000a50     	bl	0x40084f10 <spinlock_acquire_irqsave>
400825d4: f81e83a0     	stur	x0, [x29, #-0x18]
400825d8: 9100a3e8     	add	x8, sp, #0x28
400825dc: f9000fe8     	str	x8, [sp, #0x18]
400825e0: 2a1f03e8     	mov	w8, wzr
400825e4: b90017e8     	str	w8, [sp, #0x14]
400825e8: 14000001     	b	0x400825ec <fat16_read_dir+0xbc>
400825ec: b94017e8     	ldr	w8, [sp, #0x14]
400825f0: 71003d08     	subs	w8, w8, #0xf
400825f4: 540011e8     	b.hi	0x40082830 <fat16_read_dir+0x300>
400825f8: 14000001     	b	0x400825fc <fat16_read_dir+0xcc>
400825fc: f9400fe8     	ldr	x8, [sp, #0x18]
40082600: b94017e9     	ldr	w9, [sp, #0x14]
40082604: d37be929     	lsl	x9, x9, #5
40082608: 38696908     	ldrb	w8, [x8, x9]
4008260c: 35000128     	cbnz	w8, 0x40082630 <fat16_read_dir+0x100>
40082610: 14000001     	b	0x40082614 <fat16_read_dir+0xe4>
40082614: f85e83a1     	ldur	x1, [x29, #-0x18]
40082618: d0000be0     	adrp	x0, 0x40200000 <server_ip>
4008261c: 91003000     	add	x0, x0, #0xc
40082620: 94000a4c     	bl	0x40084f50 <spinlock_release_irqrestore>
40082624: 12800008     	mov	w8, #-0x1               // =-1
40082628: b81fc3a8     	stur	w8, [x29, #-0x4]
4008262c: 1400008d     	b	0x40082860 <fat16_read_dir+0x330>
40082630: f9400fe8     	ldr	x8, [sp, #0x18]
40082634: b94017e9     	ldr	w9, [sp, #0x14]
40082638: d37be929     	lsl	x9, x9, #5
4008263c: 38696908     	ldrb	w8, [x8, x9]
40082640: 71039508     	subs	w8, w8, #0xe5
40082644: 54000061     	b.ne	0x40082650 <fat16_read_dir+0x120>
40082648: 14000001     	b	0x4008264c <fat16_read_dir+0x11c>
4008264c: 14000075     	b	0x40082820 <fat16_read_dir+0x2f0>
40082650: f9400fe8     	ldr	x8, [sp, #0x18]
40082654: b94017e9     	ldr	w9, [sp, #0x14]
40082658: 8b091508     	add	x8, x8, x9, lsl #5
4008265c: 39402d08     	ldrb	w8, [x8, #0xb]
40082660: 71003d08     	subs	w8, w8, #0xf
40082664: 54000061     	b.ne	0x40082670 <fat16_read_dir+0x140>
40082668: 14000001     	b	0x4008266c <fat16_read_dir+0x13c>
4008266c: 1400006d     	b	0x40082820 <fat16_read_dir+0x2f0>
40082670: f9400fe8     	ldr	x8, [sp, #0x18]
40082674: b94017e9     	ldr	w9, [sp, #0x14]
40082678: 8b091508     	add	x8, x8, x9, lsl #5
4008267c: 39402d08     	ldrb	w8, [x8, #0xb]
40082680: 36180068     	tbz	w8, #0x3, 0x4008268c <fat16_read_dir+0x15c>
40082684: 14000001     	b	0x40082688 <fat16_read_dir+0x158>
40082688: 14000066     	b	0x40082820 <fat16_read_dir+0x2f0>
4008268c: b94027e8     	ldr	w8, [sp, #0x24]
40082690: b85f83a9     	ldur	w9, [x29, #-0x8]
40082694: 6b090108     	subs	w8, w8, w9
40082698: 54000bc1     	b.ne	0x40082810 <fat16_read_dir+0x2e0>
4008269c: 14000001     	b	0x400826a0 <fat16_read_dir+0x170>
400826a0: 2a1f03e8     	mov	w8, wzr
400826a4: b90013e8     	str	w8, [sp, #0x10]
400826a8: b9000fe8     	str	w8, [sp, #0xc]
400826ac: 14000001     	b	0x400826b0 <fat16_read_dir+0x180>
400826b0: b9400fe8     	ldr	w8, [sp, #0xc]
400826b4: 71001d08     	subs	w8, w8, #0x7
400826b8: 5400036c     	b.gt	0x40082724 <fat16_read_dir+0x1f4>
400826bc: 14000001     	b	0x400826c0 <fat16_read_dir+0x190>
400826c0: f9400fe8     	ldr	x8, [sp, #0x18]
400826c4: b94017e9     	ldr	w9, [sp, #0x14]
400826c8: 8b091508     	add	x8, x8, x9, lsl #5
400826cc: b9800fe9     	ldrsw	x9, [sp, #0xc]
400826d0: 38696908     	ldrb	w8, [x8, x9]
400826d4: 71008108     	subs	w8, w8, #0x20
400826d8: 540001c0     	b.eq	0x40082710 <fat16_read_dir+0x1e0>
400826dc: 14000001     	b	0x400826e0 <fat16_read_dir+0x1b0>
400826e0: f9400fe8     	ldr	x8, [sp, #0x18]
400826e4: b94017e9     	ldr	w9, [sp, #0x14]
400826e8: 8b091508     	add	x8, x8, x9, lsl #5
400826ec: b9800fe9     	ldrsw	x9, [sp, #0xc]
400826f0: 38696908     	ldrb	w8, [x8, x9]
400826f4: f85f03a9     	ldur	x9, [x29, #-0x10]
400826f8: b98013ea     	ldrsw	x10, [sp, #0x10]
400826fc: 2a0a03eb     	mov	w11, w10
40082700: 1100056b     	add	w11, w11, #0x1
40082704: b90013eb     	str	w11, [sp, #0x10]
40082708: 382a6928     	strb	w8, [x9, x10]
4008270c: 14000001     	b	0x40082710 <fat16_read_dir+0x1e0>
40082710: 14000001     	b	0x40082714 <fat16_read_dir+0x1e4>
40082714: b9400fe8     	ldr	w8, [sp, #0xc]
40082718: 11000508     	add	w8, w8, #0x1
4008271c: b9000fe8     	str	w8, [sp, #0xc]
40082720: 17ffffe4     	b	0x400826b0 <fat16_read_dir+0x180>
40082724: f9400fe8     	ldr	x8, [sp, #0x18]
40082728: b94017e9     	ldr	w9, [sp, #0x14]
4008272c: 8b091508     	add	x8, x8, x9, lsl #5
40082730: 39402108     	ldrb	w8, [x8, #0x8]
40082734: 71008108     	subs	w8, w8, #0x20
40082738: 54000540     	b.eq	0x400827e0 <fat16_read_dir+0x2b0>
4008273c: 14000001     	b	0x40082740 <fat16_read_dir+0x210>
40082740: f85f03a9     	ldur	x9, [x29, #-0x10]
40082744: b98013ea     	ldrsw	x10, [sp, #0x10]
40082748: 2a0a03e8     	mov	w8, w10
4008274c: 11000508     	add	w8, w8, #0x1
40082750: b90013e8     	str	w8, [sp, #0x10]
40082754: 528005c8     	mov	w8, #0x2e               // =46
40082758: 382a6928     	strb	w8, [x9, x10]
4008275c: 52800108     	mov	w8, #0x8                // =8
40082760: b9000be8     	str	w8, [sp, #0x8]
40082764: 14000001     	b	0x40082768 <fat16_read_dir+0x238>
40082768: b9400be8     	ldr	w8, [sp, #0x8]
4008276c: 71002908     	subs	w8, w8, #0xa
40082770: 5400036c     	b.gt	0x400827dc <fat16_read_dir+0x2ac>
40082774: 14000001     	b	0x40082778 <fat16_read_dir+0x248>
40082778: f9400fe8     	ldr	x8, [sp, #0x18]
4008277c: b94017e9     	ldr	w9, [sp, #0x14]
40082780: 8b091508     	add	x8, x8, x9, lsl #5
40082784: b9800be9     	ldrsw	x9, [sp, #0x8]
40082788: 38696908     	ldrb	w8, [x8, x9]
4008278c: 71008108     	subs	w8, w8, #0x20
40082790: 540001c0     	b.eq	0x400827c8 <fat16_read_dir+0x298>
40082794: 14000001     	b	0x40082798 <fat16_read_dir+0x268>
40082798: f9400fe8     	ldr	x8, [sp, #0x18]
4008279c: b94017e9     	ldr	w9, [sp, #0x14]
400827a0: 8b091508     	add	x8, x8, x9, lsl #5
400827a4: b9800be9     	ldrsw	x9, [sp, #0x8]
400827a8: 38696908     	ldrb	w8, [x8, x9]
400827ac: f85f03a9     	ldur	x9, [x29, #-0x10]
400827b0: b98013ea     	ldrsw	x10, [sp, #0x10]
400827b4: 2a0a03eb     	mov	w11, w10
400827b8: 1100056b     	add	w11, w11, #0x1
400827bc: b90013eb     	str	w11, [sp, #0x10]
400827c0: 382a6928     	strb	w8, [x9, x10]
400827c4: 14000001     	b	0x400827c8 <fat16_read_dir+0x298>
400827c8: 14000001     	b	0x400827cc <fat16_read_dir+0x29c>
400827cc: b9400be8     	ldr	w8, [sp, #0x8]
400827d0: 11000508     	add	w8, w8, #0x1
400827d4: b9000be8     	str	w8, [sp, #0x8]
400827d8: 17ffffe4     	b	0x40082768 <fat16_read_dir+0x238>
400827dc: 14000001     	b	0x400827e0 <fat16_read_dir+0x2b0>
400827e0: f85f03a9     	ldur	x9, [x29, #-0x10]
400827e4: b98013ea     	ldrsw	x10, [sp, #0x10]
400827e8: 2a1f03e8     	mov	w8, wzr
400827ec: b90007e8     	str	w8, [sp, #0x4]
400827f0: 382a6928     	strb	w8, [x9, x10]
400827f4: f85e83a1     	ldur	x1, [x29, #-0x18]
400827f8: d0000be0     	adrp	x0, 0x40200000 <server_ip>
400827fc: 91003000     	add	x0, x0, #0xc
40082800: 940009d4     	bl	0x40084f50 <spinlock_release_irqrestore>
40082804: b94007e8     	ldr	w8, [sp, #0x4]
40082808: b81fc3a8     	stur	w8, [x29, #-0x4]
4008280c: 14000015     	b	0x40082860 <fat16_read_dir+0x330>
40082810: b94027e8     	ldr	w8, [sp, #0x24]
40082814: 11000508     	add	w8, w8, #0x1
40082818: b90027e8     	str	w8, [sp, #0x24]
4008281c: 14000001     	b	0x40082820 <fat16_read_dir+0x2f0>
40082820: b94017e8     	ldr	w8, [sp, #0x14]
40082824: 11000508     	add	w8, w8, #0x1
40082828: b90017e8     	str	w8, [sp, #0x14]
4008282c: 17ffff70     	b	0x400825ec <fat16_read_dir+0xbc>
40082830: 14000001     	b	0x40082834 <fat16_read_dir+0x304>
40082834: b94023e8     	ldr	w8, [sp, #0x20]
40082838: 11000508     	add	w8, w8, #0x1
4008283c: b90023e8     	str	w8, [sp, #0x20]
40082840: 17ffff4a     	b	0x40082568 <fat16_read_dir+0x38>
40082844: f85e83a1     	ldur	x1, [x29, #-0x18]
40082848: d0000be0     	adrp	x0, 0x40200000 <server_ip>
4008284c: 91003000     	add	x0, x0, #0xc
40082850: 940009c0     	bl	0x40084f50 <spinlock_release_irqrestore>
40082854: 12800008     	mov	w8, #-0x1               // =-1
40082858: b81fc3a8     	stur	w8, [x29, #-0x4]
4008285c: 14000001     	b	0x40082860 <fat16_read_dir+0x330>
40082860: b85fc3a0     	ldur	w0, [x29, #-0x4]
40082864: 910903ff     	add	sp, sp, #0x240
40082868: f9400bfc     	ldr	x28, [sp, #0x10]
4008286c: a8c27bfd     	ldp	x29, x30, [sp], #0x20
40082870: d65f03c0     	ret
40082874: d503201f     	nop
40082878: d503201f     	nop
4008287c: d503201f     	nop

0000000040082880 <fat16_close>:
40082880: a9be7bfd     	stp	x29, x30, [sp, #-0x20]!
40082884: f9000bfc     	str	x28, [sp, #0x10]
40082888: 910003fd     	mov	x29, sp
4008288c: d10983ff     	sub	sp, sp, #0x260
40082890: f81f83a0     	stur	x0, [x29, #-0x8]
40082894: d0000be0     	adrp	x0, 0x40200000 <server_ip>
40082898: 91003000     	add	x0, x0, #0xc
4008289c: f90007e0     	str	x0, [sp, #0x8]
400828a0: 9400099c     	bl	0x40084f10 <spinlock_acquire_irqsave>
400828a4: aa0003e8     	mov	x8, x0
400828a8: f94007e0     	ldr	x0, [sp, #0x8]
400828ac: f81f03a8     	stur	x8, [x29, #-0x10]
400828b0: f85f83a8     	ldur	x8, [x29, #-0x8]
400828b4: b9403108     	ldr	w8, [x8, #0x30]
400828b8: b9004fe8     	str	w8, [sp, #0x4c]
400828bc: f85f83a8     	ldur	x8, [x29, #-0x8]
400828c0: b9403508     	ldr	w8, [x8, #0x34]
400828c4: b9004be8     	str	w8, [sp, #0x48]
400828c8: f85f83ab     	ldur	x11, [x29, #-0x8]
400828cc: f9400968     	ldr	x8, [x11, #0x10]
400828d0: f9400d69     	ldr	x9, [x11, #0x18]
400828d4: f940116a     	ldr	x10, [x11, #0x20]
400828d8: f940156b     	ldr	x11, [x11, #0x28]
400828dc: f90023eb     	str	x11, [sp, #0x40]
400828e0: f9001fea     	str	x10, [sp, #0x38]
400828e4: f9001be9     	str	x9, [sp, #0x30]
400828e8: f90017e8     	str	x8, [sp, #0x28]
400828ec: f85f03a1     	ldur	x1, [x29, #-0x10]
400828f0: 94000998     	bl	0x40084f50 <spinlock_release_irqrestore>
400828f4: b9404fe8     	ldr	w8, [sp, #0x4c]
400828f8: 2a0803e0     	mov	w0, w8
400828fc: 910143e1     	add	x1, sp, #0x50
40082900: f9000be1     	str	x1, [sp, #0x10]
40082904: 52800022     	mov	w2, #0x1                // =1
40082908: b9001fe2     	str	w2, [sp, #0x1c]
4008290c: 940030c1     	bl	0x4008ec10 <virtio_blk_read_sector>
40082910: f9400be1     	ldr	x1, [sp, #0x10]
40082914: b9401fe2     	ldr	w2, [sp, #0x1c]
40082918: f90013e1     	str	x1, [sp, #0x20]
4008291c: f94013e8     	ldr	x8, [sp, #0x20]
40082920: b9404be9     	ldr	w9, [sp, #0x48]
40082924: 8b091509     	add	x9, x8, x9, lsl #5
40082928: f94017e8     	ldr	x8, [sp, #0x28]
4008292c: f9401bea     	ldr	x10, [sp, #0x30]
40082930: f9401feb     	ldr	x11, [sp, #0x38]
40082934: f94023ec     	ldr	x12, [sp, #0x40]
40082938: f9000d2c     	str	x12, [x9, #0x18]
4008293c: f900092b     	str	x11, [x9, #0x10]
40082940: f900052a     	str	x10, [x9, #0x8]
40082944: f9000128     	str	x8, [x9]
40082948: b9404fe8     	ldr	w8, [sp, #0x4c]
4008294c: 2a0803e0     	mov	w0, w8
40082950: 9400315c     	bl	0x4008eec0 <virtio_blk_write_sector>
40082954: 2a1f03e0     	mov	w0, wzr
40082958: 910983ff     	add	sp, sp, #0x260
4008295c: f9400bfc     	ldr	x28, [sp, #0x10]
40082960: a8c27bfd     	ldp	x29, x30, [sp], #0x20
40082964: d65f03c0     	ret
40082968: d503201f     	nop
4008296c: d503201f     	nop

0000000040082970 <fat16_seek>:
40082970: d10083ff     	sub	sp, sp, #0x20
40082974: f9000be0     	str	x0, [sp, #0x10]
40082978: b9000fe1     	str	w1, [sp, #0xc]
4008297c: b9400fe8     	ldr	w8, [sp, #0xc]
40082980: 37f80108     	tbnz	w8, #0x1f, 0x400829a0 <fat16_seek+0x30>
40082984: 14000001     	b	0x40082988 <fat16_seek+0x18>
40082988: b9400fe8     	ldr	w8, [sp, #0xc]
4008298c: f9400be9     	ldr	x9, [sp, #0x10]
40082990: b9402d29     	ldr	w9, [x9, #0x2c]
40082994: 6b090108     	subs	w8, w8, w9
40082998: 540000a9     	b.ls	0x400829ac <fat16_seek+0x3c>
4008299c: 14000001     	b	0x400829a0 <fat16_seek+0x30>
400829a0: 12800008     	mov	w8, #-0x1               // =-1
400829a4: b9001fe8     	str	w8, [sp, #0x1c]
400829a8: 14000007     	b	0x400829c4 <fat16_seek+0x54>
400829ac: b9400fe8     	ldr	w8, [sp, #0xc]
400829b0: f9400be9     	ldr	x9, [sp, #0x10]
400829b4: b9003928     	str	w8, [x9, #0x38]
400829b8: 2a1f03e8     	mov	w8, wzr
400829bc: b9001fe8     	str	w8, [sp, #0x1c]
400829c0: 14000001     	b	0x400829c4 <fat16_seek+0x54>
400829c4: b9401fe0     	ldr	w0, [sp, #0x1c]
400829c8: 910083ff     	add	sp, sp, #0x20
400829cc: d65f03c0     	ret

00000000400829d0 <fat16_read>:
400829d0: a9be7bfd     	stp	x29, x30, [sp, #-0x20]!
400829d4: f9000bfc     	str	x28, [sp, #0x10]
400829d8: 910003fd     	mov	x29, sp
400829dc: d10983ff     	sub	sp, sp, #0x260
400829e0: f81f03a0     	stur	x0, [x29, #-0x10]
400829e4: f81e83a1     	stur	x1, [x29, #-0x18]
400829e8: b81e43a2     	stur	w2, [x29, #-0x1c]
400829ec: d0000be0     	adrp	x0, 0x40200000 <server_ip>
400829f0: 91003000     	add	x0, x0, #0xc
400829f4: 94000947     	bl	0x40084f10 <spinlock_acquire_irqsave>
400829f8: f81d83a0     	stur	x0, [x29, #-0x28]
400829fc: f85f03a9     	ldur	x9, [x29, #-0x10]
40082a00: b9402d28     	ldr	w8, [x9, #0x2c]
40082a04: b9403929     	ldr	w9, [x9, #0x38]
40082a08: 6b090108     	subs	w8, w8, w9
40082a0c: b81d43a8     	stur	w8, [x29, #-0x2c]
40082a10: b85e43a8     	ldur	w8, [x29, #-0x1c]
40082a14: b85d43a9     	ldur	w9, [x29, #-0x2c]
40082a18: 6b090108     	subs	w8, w8, w9
40082a1c: 540000a9     	b.ls	0x40082a30 <fat16_read+0x60>
40082a20: 14000001     	b	0x40082a24 <fat16_read+0x54>
40082a24: b85d43a8     	ldur	w8, [x29, #-0x2c]
40082a28: b81e43a8     	stur	w8, [x29, #-0x1c]
40082a2c: 14000001     	b	0x40082a30 <fat16_read+0x60>
40082a30: b85e43a8     	ldur	w8, [x29, #-0x1c]
40082a34: 35000128     	cbnz	w8, 0x40082a58 <fat16_read+0x88>
40082a38: 14000001     	b	0x40082a3c <fat16_read+0x6c>
40082a3c: f85d83a1     	ldur	x1, [x29, #-0x28]
40082a40: d0000be0     	adrp	x0, 0x40200000 <server_ip>
40082a44: 91003000     	add	x0, x0, #0xc
40082a48: 94000942     	bl	0x40084f50 <spinlock_release_irqrestore>
40082a4c: 2a1f03e8     	mov	w8, wzr
40082a50: b81fc3a8     	stur	w8, [x29, #-0x4]
40082a54: 1400007c     	b	0x40082c44 <fat16_read+0x274>
40082a58: f85e83a8     	ldur	x8, [x29, #-0x18]
40082a5c: f81c83a8     	stur	x8, [x29, #-0x38]
40082a60: 2a1f03e8     	mov	w8, wzr
40082a64: b81c43a8     	stur	w8, [x29, #-0x3c]
40082a68: 14000001     	b	0x40082a6c <fat16_read+0x9c>
40082a6c: b85e43a8     	ldur	w8, [x29, #-0x1c]
40082a70: 71000508     	subs	w8, w8, #0x1
40082a74: 54000dab     	b.lt	0x40082c28 <fat16_read+0x258>
40082a78: 14000001     	b	0x40082a7c <fat16_read+0xac>
40082a7c: f85f03a8     	ldur	x8, [x29, #-0x10]
40082a80: b9403901     	ldr	w1, [x8, #0x38]
40082a84: 79405500     	ldrh	w0, [x8, #0x2a]
40082a88: 94000076     	bl	0x40082c60 <get_cluster_for_offset>
40082a8c: 781c23a0     	sturh	w0, [x29, #-0x3e]
40082a90: 785c23a8     	ldurh	w8, [x29, #-0x3e]
40082a94: 340000e8     	cbz	w8, 0x40082ab0 <fat16_read+0xe0>
40082a98: 14000001     	b	0x40082a9c <fat16_read+0xcc>
40082a9c: 785c23a8     	ldurh	w8, [x29, #-0x3e]
40082aa0: 529fff09     	mov	w9, #0xfff8             // =65528
40082aa4: 6b090108     	subs	w8, w8, w9
40082aa8: 5400006b     	b.lt	0x40082ab4 <fat16_read+0xe4>
40082aac: 14000001     	b	0x40082ab0 <fat16_read+0xe0>
40082ab0: 1400005e     	b	0x40082c28 <fat16_read+0x258>
40082ab4: f85f03a8     	ldur	x8, [x29, #-0x10]
40082ab8: b9403909     	ldr	w9, [x8, #0x38]
40082abc: d0000be8     	adrp	x8, 0x40200000 <server_ip>
40082ac0: b940390b     	ldr	w11, [x8, #0x38]
40082ac4: 1acb092a     	udiv	w10, w9, w11
40082ac8: 1b0b7d4a     	mul	w10, w10, w11
40082acc: 6b0a0129     	subs	w9, w9, w10
40082ad0: b81bc3a9     	stur	w9, [x29, #-0x44]
40082ad4: b9403908     	ldr	w8, [x8, #0x38]
40082ad8: b85bc3a9     	ldur	w9, [x29, #-0x44]
40082adc: 6b090108     	subs	w8, w8, w9
40082ae0: b81b83a8     	stur	w8, [x29, #-0x48]
40082ae4: b85b83a8     	ldur	w8, [x29, #-0x48]
40082ae8: b85e43a9     	ldur	w9, [x29, #-0x1c]
40082aec: 6b090108     	subs	w8, w8, w9
40082af0: 540000a9     	b.ls	0x40082b04 <fat16_read+0x134>
40082af4: 14000001     	b	0x40082af8 <fat16_read+0x128>
40082af8: b85e43a8     	ldur	w8, [x29, #-0x1c]
40082afc: b81b83a8     	stur	w8, [x29, #-0x48]
40082b00: 14000001     	b	0x40082b04 <fat16_read+0x134>
40082b04: d0000be8     	adrp	x8, 0x40200000 <server_ip>
40082b08: b9403508     	ldr	w8, [x8, #0x34]
40082b0c: 785c23a9     	ldurh	w9, [x29, #-0x3e]
40082b10: 71000929     	subs	w9, w9, #0x2
40082b14: d0000bea     	adrp	x10, 0x40200000 <server_ip>
40082b18: b940154a     	ldr	w10, [x10, #0x14]
40082b1c: 1b0a7d29     	mul	w9, w9, w10
40082b20: 0b090108     	add	w8, w8, w9
40082b24: b85bc3a9     	ldur	w9, [x29, #-0x44]
40082b28: 0b492508     	add	w8, w8, w9, lsr #9
40082b2c: b81b43a8     	stur	w8, [x29, #-0x4c]
40082b30: b85bc3a8     	ldur	w8, [x29, #-0x44]
40082b34: 12002108     	and	w8, w8, #0x1ff
40082b38: b81b03a8     	stur	w8, [x29, #-0x50]
40082b3c: f85d83a1     	ldur	x1, [x29, #-0x28]
40082b40: d0000be0     	adrp	x0, 0x40200000 <server_ip>
40082b44: 91003000     	add	x0, x0, #0xc
40082b48: f90003e0     	str	x0, [sp]
40082b4c: 94000901     	bl	0x40084f50 <spinlock_release_irqrestore>
40082b50: b85b43a8     	ldur	w8, [x29, #-0x4c]
40082b54: 2a0803e0     	mov	w0, w8
40082b58: 910043e1     	add	x1, sp, #0x10
40082b5c: 52800022     	mov	w2, #0x1                // =1
40082b60: 9400302c     	bl	0x4008ec10 <virtio_blk_read_sector>
40082b64: f94003e0     	ldr	x0, [sp]
40082b68: 940008ea     	bl	0x40084f10 <spinlock_acquire_irqsave>
40082b6c: f81d83a0     	stur	x0, [x29, #-0x28]
40082b70: b85b03a9     	ldur	w9, [x29, #-0x50]
40082b74: 52804008     	mov	w8, #0x200              // =512
40082b78: 6b090108     	subs	w8, w8, w9
40082b7c: b9000fe8     	str	w8, [sp, #0xc]
40082b80: b9400fe8     	ldr	w8, [sp, #0xc]
40082b84: b85b83a9     	ldur	w9, [x29, #-0x48]
40082b88: 6b090108     	subs	w8, w8, w9
40082b8c: 540000a9     	b.ls	0x40082ba0 <fat16_read+0x1d0>
40082b90: 14000001     	b	0x40082b94 <fat16_read+0x1c4>
40082b94: b85b83a8     	ldur	w8, [x29, #-0x48]
40082b98: b9000fe8     	str	w8, [sp, #0xc]
40082b9c: 14000001     	b	0x40082ba0 <fat16_read+0x1d0>
40082ba0: 2a1f03e8     	mov	w8, wzr
40082ba4: b9000be8     	str	w8, [sp, #0x8]
40082ba8: 14000001     	b	0x40082bac <fat16_read+0x1dc>
40082bac: b9400be8     	ldr	w8, [sp, #0x8]
40082bb0: b9400fe9     	ldr	w9, [sp, #0xc]
40082bb4: 6b090108     	subs	w8, w8, w9
40082bb8: 54000242     	b.hs	0x40082c00 <fat16_read+0x230>
40082bbc: 14000001     	b	0x40082bc0 <fat16_read+0x1f0>
40082bc0: b85b03a8     	ldur	w8, [x29, #-0x50]
40082bc4: b9400be9     	ldr	w9, [sp, #0x8]
40082bc8: 0b090109     	add	w9, w8, w9
40082bcc: 910043e8     	add	x8, sp, #0x10
40082bd0: 38694908     	ldrb	w8, [x8, w9, uxtw]
40082bd4: f85c83a9     	ldur	x9, [x29, #-0x38]
40082bd8: b89c43aa     	ldursw	x10, [x29, #-0x3c]
40082bdc: 2a0a03eb     	mov	w11, w10
40082be0: 1100056b     	add	w11, w11, #0x1
40082be4: b81c43ab     	stur	w11, [x29, #-0x3c]
40082be8: 382a6928     	strb	w8, [x9, x10]
40082bec: 14000001     	b	0x40082bf0 <fat16_read+0x220>
40082bf0: b9400be8     	ldr	w8, [sp, #0x8]
40082bf4: 11000508     	add	w8, w8, #0x1
40082bf8: b9000be8     	str	w8, [sp, #0x8]
40082bfc: 17ffffec     	b	0x40082bac <fat16_read+0x1dc>
40082c00: b9400fea     	ldr	w10, [sp, #0xc]
40082c04: f85f03a9     	ldur	x9, [x29, #-0x10]
40082c08: b9403928     	ldr	w8, [x9, #0x38]
40082c0c: 0b0a0108     	add	w8, w8, w10
40082c10: b9003928     	str	w8, [x9, #0x38]
40082c14: b9400fe9     	ldr	w9, [sp, #0xc]
40082c18: b85e43a8     	ldur	w8, [x29, #-0x1c]
40082c1c: 6b090108     	subs	w8, w8, w9
40082c20: b81e43a8     	stur	w8, [x29, #-0x1c]
40082c24: 17ffff92     	b	0x40082a6c <fat16_read+0x9c>
40082c28: f85d83a1     	ldur	x1, [x29, #-0x28]
40082c2c: d0000be0     	adrp	x0, 0x40200000 <server_ip>
40082c30: 91003000     	add	x0, x0, #0xc
40082c34: 940008c7     	bl	0x40084f50 <spinlock_release_irqrestore>
40082c38: b85c43a8     	ldur	w8, [x29, #-0x3c]
40082c3c: b81fc3a8     	stur	w8, [x29, #-0x4]
40082c40: 14000001     	b	0x40082c44 <fat16_read+0x274>
40082c44: b85fc3a0     	ldur	w0, [x29, #-0x4]
40082c48: 910983ff     	add	sp, sp, #0x260
40082c4c: f9400bfc     	ldr	x28, [sp, #0x10]
40082c50: a8c27bfd     	ldp	x29, x30, [sp], #0x20
40082c54: d65f03c0     	ret
40082c58: d503201f     	nop
40082c5c: d503201f     	nop

0000000040082c60 <get_cluster_for_offset>:
40082c60: d100c3ff     	sub	sp, sp, #0x30
40082c64: a9027bfd     	stp	x29, x30, [sp, #0x20]
40082c68: 910083fd     	add	x29, sp, #0x20
40082c6c: 781fc3a0     	sturh	w0, [x29, #-0x4]
40082c70: b81f83a1     	stur	w1, [x29, #-0x8]
40082c74: b85f83a8     	ldur	w8, [x29, #-0x8]
40082c78: d0000be9     	adrp	x9, 0x40200000 <server_ip>
40082c7c: b9403929     	ldr	w9, [x9, #0x38]
40082c80: 1ac90908     	udiv	w8, w8, w9
40082c84: b81f43a8     	stur	w8, [x29, #-0xc]
40082c88: 785fc3a8     	ldurh	w8, [x29, #-0x4]
40082c8c: 781f23a8     	sturh	w8, [x29, #-0xe]
40082c90: 2a1f03e8     	mov	w8, wzr
40082c94: b9000fe8     	str	w8, [sp, #0xc]
40082c98: 14000001     	b	0x40082c9c <get_cluster_for_offset+0x3c>
40082c9c: b9400fe8     	ldr	w8, [sp, #0xc]
40082ca0: b85f43a9     	ldur	w9, [x29, #-0xc]
40082ca4: 6b090108     	subs	w8, w8, w9
40082ca8: 540002a2     	b.hs	0x40082cfc <get_cluster_for_offset+0x9c>
40082cac: 14000001     	b	0x40082cb0 <get_cluster_for_offset+0x50>
40082cb0: 785f23a8     	ldurh	w8, [x29, #-0xe]
40082cb4: 529ffee9     	mov	w9, #0xfff7             // =65527
40082cb8: 6b090108     	subs	w8, w8, w9
40082cbc: 540000ac     	b.gt	0x40082cd0 <get_cluster_for_offset+0x70>
40082cc0: 14000001     	b	0x40082cc4 <get_cluster_for_offset+0x64>
40082cc4: 785f23a8     	ldurh	w8, [x29, #-0xe]
40082cc8: 350000a8     	cbnz	w8, 0x40082cdc <get_cluster_for_offset+0x7c>
40082ccc: 14000001     	b	0x40082cd0 <get_cluster_for_offset+0x70>
40082cd0: 2a1f03e8     	mov	w8, wzr
40082cd4: 781fe3a8     	sturh	w8, [x29, #-0x2]
40082cd8: 1400000c     	b	0x40082d08 <get_cluster_for_offset+0xa8>
40082cdc: 785f23a0     	ldurh	w0, [x29, #-0xe]
40082ce0: 94000150     	bl	0x40083220 <read_fat>
40082ce4: 781f23a0     	sturh	w0, [x29, #-0xe]
40082ce8: 14000001     	b	0x40082cec <get_cluster_for_offset+0x8c>
40082cec: b9400fe8     	ldr	w8, [sp, #0xc]
40082cf0: 11000508     	add	w8, w8, #0x1
40082cf4: b9000fe8     	str	w8, [sp, #0xc]
40082cf8: 17ffffe9     	b	0x40082c9c <get_cluster_for_offset+0x3c>
40082cfc: 785f23a8     	ldurh	w8, [x29, #-0xe]
40082d00: 781fe3a8     	sturh	w8, [x29, #-0x2]
40082d04: 14000001     	b	0x40082d08 <get_cluster_for_offset+0xa8>
40082d08: 785fe3a0     	ldurh	w0, [x29, #-0x2]
40082d0c: a9427bfd     	ldp	x29, x30, [sp, #0x20]
40082d10: 9100c3ff     	add	sp, sp, #0x30
40082d14: d65f03c0     	ret
40082d18: d503201f     	nop
40082d1c: d503201f     	nop

0000000040082d20 <fat16_write>:
40082d20: a9be7bfd     	stp	x29, x30, [sp, #-0x20]!
40082d24: f9000bfc     	str	x28, [sp, #0x10]
40082d28: 910003fd     	mov	x29, sp
40082d2c: d109c3ff     	sub	sp, sp, #0x270
40082d30: d100c3a8     	sub	x8, x29, #0x30
40082d34: f90007e8     	str	x8, [sp, #0x8]
40082d38: f9001100     	str	x0, [x8, #0x20]
40082d3c: f9000d01     	str	x1, [x8, #0x18]
40082d40: b81e43a2     	stur	w2, [x29, #-0x1c]
40082d44: d0000be0     	adrp	x0, 0x40200000 <server_ip>
40082d48: 91003000     	add	x0, x0, #0xc
40082d4c: 94000871     	bl	0x40084f10 <spinlock_acquire_irqsave>
40082d50: f94007e8     	ldr	x8, [sp, #0x8]
40082d54: f9000500     	str	x0, [x8, #0x8]
40082d58: b85e43a8     	ldur	w8, [x29, #-0x1c]
40082d5c: 35000148     	cbnz	w8, 0x40082d84 <fat16_write+0x64>
40082d60: 14000001     	b	0x40082d64 <fat16_write+0x44>
40082d64: f94007e8     	ldr	x8, [sp, #0x8]
40082d68: f9400501     	ldr	x1, [x8, #0x8]
40082d6c: d0000be0     	adrp	x0, 0x40200000 <server_ip>
40082d70: 91003000     	add	x0, x0, #0xc
40082d74: 94000877     	bl	0x40084f50 <spinlock_release_irqrestore>
40082d78: 2a1f03e8     	mov	w8, wzr
40082d7c: b81fc3a8     	stur	w8, [x29, #-0x4]
40082d80: 140000ce     	b	0x400830b8 <fat16_write+0x398>
40082d84: f94007e8     	ldr	x8, [sp, #0x8]
40082d88: f9400d09     	ldr	x9, [x8, #0x18]
40082d8c: f9000109     	str	x9, [x8]
40082d90: 2a1f03e9     	mov	w9, wzr
40082d94: b81cc3a9     	stur	w9, [x29, #-0x34]
40082d98: f9401108     	ldr	x8, [x8, #0x20]
40082d9c: 79405508     	ldrh	w8, [x8, #0x2a]
40082da0: 35000268     	cbnz	w8, 0x40082dec <fat16_write+0xcc>
40082da4: 14000001     	b	0x40082da8 <fat16_write+0x88>
40082da8: 940000ca     	bl	0x400830d0 <alloc_cluster>
40082dac: f94007e8     	ldr	x8, [sp, #0x8]
40082db0: f9401109     	ldr	x9, [x8, #0x20]
40082db4: 79005520     	strh	w0, [x9, #0x2a]
40082db8: f9401108     	ldr	x8, [x8, #0x20]
40082dbc: 79405508     	ldrh	w8, [x8, #0x2a]
40082dc0: 35000148     	cbnz	w8, 0x40082de8 <fat16_write+0xc8>
40082dc4: 14000001     	b	0x40082dc8 <fat16_write+0xa8>
40082dc8: f94007e8     	ldr	x8, [sp, #0x8]
40082dcc: f9400501     	ldr	x1, [x8, #0x8]
40082dd0: d0000be0     	adrp	x0, 0x40200000 <server_ip>
40082dd4: 91003000     	add	x0, x0, #0xc
40082dd8: 9400085e     	bl	0x40084f50 <spinlock_release_irqrestore>
40082ddc: 2a1f03e8     	mov	w8, wzr
40082de0: b81fc3a8     	stur	w8, [x29, #-0x4]
40082de4: 140000b5     	b	0x400830b8 <fat16_write+0x398>
40082de8: 14000001     	b	0x40082dec <fat16_write+0xcc>
40082dec: 14000001     	b	0x40082df0 <fat16_write+0xd0>
40082df0: b85e43a8     	ldur	w8, [x29, #-0x1c]
40082df4: 71000508     	subs	w8, w8, #0x1
40082df8: 5400150b     	b.lt	0x40083098 <fat16_write+0x378>
40082dfc: 14000001     	b	0x40082e00 <fat16_write+0xe0>
40082e00: f94007e8     	ldr	x8, [sp, #0x8]
40082e04: f9401109     	ldr	x9, [x8, #0x20]
40082e08: 79405529     	ldrh	w9, [x9, #0x2a]
40082e0c: 781ca3a9     	sturh	w9, [x29, #-0x36]
40082e10: f9401108     	ldr	x8, [x8, #0x20]
40082e14: b9403908     	ldr	w8, [x8, #0x38]
40082e18: d0000be9     	adrp	x9, 0x40200000 <server_ip>
40082e1c: b9403929     	ldr	w9, [x9, #0x38]
40082e20: 1ac90908     	udiv	w8, w8, w9
40082e24: b81c43a8     	stur	w8, [x29, #-0x3c]
40082e28: 2a1f03e8     	mov	w8, wzr
40082e2c: 781c23a8     	sturh	w8, [x29, #-0x3e]
40082e30: b81bc3a8     	stur	w8, [x29, #-0x44]
40082e34: 14000001     	b	0x40082e38 <fat16_write+0x118>
40082e38: b85bc3a8     	ldur	w8, [x29, #-0x44]
40082e3c: b85c43a9     	ldur	w9, [x29, #-0x3c]
40082e40: 6b090108     	subs	w8, w8, w9
40082e44: 54000362     	b.hs	0x40082eb0 <fat16_write+0x190>
40082e48: 14000001     	b	0x40082e4c <fat16_write+0x12c>
40082e4c: 785ca3a8     	ldurh	w8, [x29, #-0x36]
40082e50: 781c23a8     	sturh	w8, [x29, #-0x3e]
40082e54: 785ca3a0     	ldurh	w0, [x29, #-0x36]
40082e58: 940000f2     	bl	0x40083220 <read_fat>
40082e5c: 781ca3a0     	sturh	w0, [x29, #-0x36]
40082e60: 785ca3a8     	ldurh	w8, [x29, #-0x36]
40082e64: 529fff09     	mov	w9, #0xfff8             // =65528
40082e68: 6b090108     	subs	w8, w8, w9
40082e6c: 5400018b     	b.lt	0x40082e9c <fat16_write+0x17c>
40082e70: 14000001     	b	0x40082e74 <fat16_write+0x154>
40082e74: 94000097     	bl	0x400830d0 <alloc_cluster>
40082e78: 781ca3a0     	sturh	w0, [x29, #-0x36]
40082e7c: 785ca3a8     	ldurh	w8, [x29, #-0x36]
40082e80: 35000068     	cbnz	w8, 0x40082e8c <fat16_write+0x16c>
40082e84: 14000001     	b	0x40082e88 <fat16_write+0x168>
40082e88: 1400000a     	b	0x40082eb0 <fat16_write+0x190>
40082e8c: 785ca3a1     	ldurh	w1, [x29, #-0x36]
40082e90: 785c23a0     	ldurh	w0, [x29, #-0x3e]
40082e94: 94000103     	bl	0x400832a0 <write_fat>
40082e98: 14000001     	b	0x40082e9c <fat16_write+0x17c>
40082e9c: 14000001     	b	0x40082ea0 <fat16_write+0x180>
40082ea0: b85bc3a8     	ldur	w8, [x29, #-0x44]
40082ea4: 11000508     	add	w8, w8, #0x1
40082ea8: b81bc3a8     	stur	w8, [x29, #-0x44]
40082eac: 17ffffe3     	b	0x40082e38 <fat16_write+0x118>
40082eb0: 785ca3a8     	ldurh	w8, [x29, #-0x36]
40082eb4: 35000068     	cbnz	w8, 0x40082ec0 <fat16_write+0x1a0>
40082eb8: 14000001     	b	0x40082ebc <fat16_write+0x19c>
40082ebc: 14000077     	b	0x40083098 <fat16_write+0x378>
40082ec0: f94007e8     	ldr	x8, [sp, #0x8]
40082ec4: f9401108     	ldr	x8, [x8, #0x20]
40082ec8: b9403909     	ldr	w9, [x8, #0x38]
40082ecc: d0000be8     	adrp	x8, 0x40200000 <server_ip>
40082ed0: b940390b     	ldr	w11, [x8, #0x38]
40082ed4: 1acb092a     	udiv	w10, w9, w11
40082ed8: 1b0b7d4a     	mul	w10, w10, w11
40082edc: 6b0a0129     	subs	w9, w9, w10
40082ee0: b81b83a9     	stur	w9, [x29, #-0x48]
40082ee4: b9403908     	ldr	w8, [x8, #0x38]
40082ee8: b85b83a9     	ldur	w9, [x29, #-0x48]
40082eec: 6b090108     	subs	w8, w8, w9
40082ef0: b81b43a8     	stur	w8, [x29, #-0x4c]
40082ef4: b85b43a8     	ldur	w8, [x29, #-0x4c]
40082ef8: b85e43a9     	ldur	w9, [x29, #-0x1c]
40082efc: 6b090108     	subs	w8, w8, w9
40082f00: 540000a9     	b.ls	0x40082f14 <fat16_write+0x1f4>
40082f04: 14000001     	b	0x40082f08 <fat16_write+0x1e8>
40082f08: b85e43a8     	ldur	w8, [x29, #-0x1c]
40082f0c: b81b43a8     	stur	w8, [x29, #-0x4c]
40082f10: 14000001     	b	0x40082f14 <fat16_write+0x1f4>
40082f14: d0000be8     	adrp	x8, 0x40200000 <server_ip>
40082f18: b9403508     	ldr	w8, [x8, #0x34]
40082f1c: 785ca3a9     	ldurh	w9, [x29, #-0x36]
40082f20: 71000929     	subs	w9, w9, #0x2
40082f24: d0000bea     	adrp	x10, 0x40200000 <server_ip>
40082f28: b940154a     	ldr	w10, [x10, #0x14]
40082f2c: 1b0a7d29     	mul	w9, w9, w10
40082f30: 0b090108     	add	w8, w8, w9
40082f34: b85b83a9     	ldur	w9, [x29, #-0x48]
40082f38: 0b492508     	add	w8, w8, w9, lsr #9
40082f3c: b81b03a8     	stur	w8, [x29, #-0x50]
40082f40: b85b83a8     	ldur	w8, [x29, #-0x48]
40082f44: 12002108     	and	w8, w8, #0x1ff
40082f48: b81ac3a8     	stur	w8, [x29, #-0x54]
40082f4c: b85ac3a9     	ldur	w9, [x29, #-0x54]
40082f50: 52804008     	mov	w8, #0x200              // =512
40082f54: 6b090108     	subs	w8, w8, w9
40082f58: b9001be8     	str	w8, [sp, #0x18]
40082f5c: b9401be8     	ldr	w8, [sp, #0x18]
40082f60: b85b43a9     	ldur	w9, [x29, #-0x4c]
40082f64: 6b090108     	subs	w8, w8, w9
40082f68: 540000a9     	b.ls	0x40082f7c <fat16_write+0x25c>
40082f6c: 14000001     	b	0x40082f70 <fat16_write+0x250>
40082f70: b85b43a8     	ldur	w8, [x29, #-0x4c]
40082f74: b9001be8     	str	w8, [sp, #0x18]
40082f78: 14000001     	b	0x40082f7c <fat16_write+0x25c>
40082f7c: f94007e8     	ldr	x8, [sp, #0x8]
40082f80: f9400501     	ldr	x1, [x8, #0x8]
40082f84: d0000be0     	adrp	x0, 0x40200000 <server_ip>
40082f88: 91003000     	add	x0, x0, #0xc
40082f8c: 940007f1     	bl	0x40084f50 <spinlock_release_irqrestore>
40082f90: b9401be8     	ldr	w8, [sp, #0x18]
40082f94: 7107fd08     	subs	w8, w8, #0x1ff
40082f98: 54000108     	b.hi	0x40082fb8 <fat16_write+0x298>
40082f9c: 14000001     	b	0x40082fa0 <fat16_write+0x280>
40082fa0: b85b03a8     	ldur	w8, [x29, #-0x50]
40082fa4: 2a0803e0     	mov	w0, w8
40082fa8: 910073e1     	add	x1, sp, #0x1c
40082fac: 52800022     	mov	w2, #0x1                // =1
40082fb0: 94002f18     	bl	0x4008ec10 <virtio_blk_read_sector>
40082fb4: 14000001     	b	0x40082fb8 <fat16_write+0x298>
40082fb8: 2a1f03e8     	mov	w8, wzr
40082fbc: b90017e8     	str	w8, [sp, #0x14]
40082fc0: 14000001     	b	0x40082fc4 <fat16_write+0x2a4>
40082fc4: b94017e8     	ldr	w8, [sp, #0x14]
40082fc8: b9401be9     	ldr	w9, [sp, #0x18]
40082fcc: 6b090108     	subs	w8, w8, w9
40082fd0: 54000262     	b.hs	0x4008301c <fat16_write+0x2fc>
40082fd4: 14000001     	b	0x40082fd8 <fat16_write+0x2b8>
40082fd8: f94007e8     	ldr	x8, [sp, #0x8]
40082fdc: f9400108     	ldr	x8, [x8]
40082fe0: b89cc3a9     	ldursw	x9, [x29, #-0x34]
40082fe4: 2a0903ea     	mov	w10, w9
40082fe8: 1100054a     	add	w10, w10, #0x1
40082fec: b81cc3aa     	stur	w10, [x29, #-0x34]
40082ff0: 38696908     	ldrb	w8, [x8, x9]
40082ff4: b85ac3a9     	ldur	w9, [x29, #-0x54]
40082ff8: b94017ea     	ldr	w10, [sp, #0x14]
40082ffc: 0b0a012a     	add	w10, w9, w10
40083000: 910073e9     	add	x9, sp, #0x1c
40083004: 382a4928     	strb	w8, [x9, w10, uxtw]
40083008: 14000001     	b	0x4008300c <fat16_write+0x2ec>
4008300c: b94017e8     	ldr	w8, [sp, #0x14]
40083010: 11000508     	add	w8, w8, #0x1
40083014: b90017e8     	str	w8, [sp, #0x14]
40083018: 17ffffeb     	b	0x40082fc4 <fat16_write+0x2a4>
4008301c: b85b03a8     	ldur	w8, [x29, #-0x50]
40083020: 2a0803e0     	mov	w0, w8
40083024: 910073e1     	add	x1, sp, #0x1c
40083028: 52800022     	mov	w2, #0x1                // =1
4008302c: 94002fa5     	bl	0x4008eec0 <virtio_blk_write_sector>
40083030: b0000be0     	adrp	x0, 0x40200000 <server_ip>
40083034: 91003000     	add	x0, x0, #0xc
40083038: 940007b6     	bl	0x40084f10 <spinlock_acquire_irqsave>
4008303c: f94007e8     	ldr	x8, [sp, #0x8]
40083040: f9000500     	str	x0, [x8, #0x8]
40083044: b9401beb     	ldr	w11, [sp, #0x18]
40083048: f940110a     	ldr	x10, [x8, #0x20]
4008304c: b9403949     	ldr	w9, [x10, #0x38]
40083050: 0b0b0129     	add	w9, w9, w11
40083054: b9003949     	str	w9, [x10, #0x38]
40083058: f9401109     	ldr	x9, [x8, #0x20]
4008305c: b9403928     	ldr	w8, [x9, #0x38]
40083060: b9402d29     	ldr	w9, [x9, #0x2c]
40083064: 6b090108     	subs	w8, w8, w9
40083068: 540000e9     	b.ls	0x40083084 <fat16_write+0x364>
4008306c: 14000001     	b	0x40083070 <fat16_write+0x350>
40083070: f94007e8     	ldr	x8, [sp, #0x8]
40083074: f9401109     	ldr	x9, [x8, #0x20]
40083078: b9403928     	ldr	w8, [x9, #0x38]
4008307c: b9002d28     	str	w8, [x9, #0x2c]
40083080: 14000001     	b	0x40083084 <fat16_write+0x364>
40083084: b9401be9     	ldr	w9, [sp, #0x18]
40083088: b85e43a8     	ldur	w8, [x29, #-0x1c]
4008308c: 6b090108     	subs	w8, w8, w9
40083090: b81e43a8     	stur	w8, [x29, #-0x1c]
40083094: 17ffff57     	b	0x40082df0 <fat16_write+0xd0>
40083098: f94007e8     	ldr	x8, [sp, #0x8]
4008309c: f9400501     	ldr	x1, [x8, #0x8]
400830a0: b0000be0     	adrp	x0, 0x40200000 <server_ip>
400830a4: 91003000     	add	x0, x0, #0xc
400830a8: 940007aa     	bl	0x40084f50 <spinlock_release_irqrestore>
400830ac: b85cc3a8     	ldur	w8, [x29, #-0x34]
400830b0: b81fc3a8     	stur	w8, [x29, #-0x4]
400830b4: 14000001     	b	0x400830b8 <fat16_write+0x398>
400830b8: b85fc3a0     	ldur	w0, [x29, #-0x4]
400830bc: 9109c3ff     	add	sp, sp, #0x270
400830c0: f9400bfc     	ldr	x28, [sp, #0x10]
400830c4: a8c27bfd     	ldp	x29, x30, [sp], #0x20
400830c8: d65f03c0     	ret
400830cc: d503201f     	nop

00000000400830d0 <alloc_cluster>:
400830d0: a9be7bfd     	stp	x29, x30, [sp, #-0x20]!
400830d4: f9000bfc     	str	x28, [sp, #0x10]
400830d8: 910003fd     	mov	x29, sp
400830dc: d10843ff     	sub	sp, sp, #0x210
400830e0: 52800048     	mov	w8, #0x2                // =2
400830e4: 781fc3a8     	sturh	w8, [x29, #-0x4]
400830e8: 14000001     	b	0x400830ec <alloc_cluster+0x1c>
400830ec: 785fc3a8     	ldurh	w8, [x29, #-0x4]
400830f0: 529ffde9     	mov	w9, #0xffef             // =65519
400830f4: 6b090108     	subs	w8, w8, w9
400830f8: 5400082c     	b.gt	0x400831fc <alloc_cluster+0x12c>
400830fc: 14000001     	b	0x40083100 <alloc_cluster+0x30>
40083100: 785fc3a0     	ldurh	w0, [x29, #-0x4]
40083104: 94000047     	bl	0x40083220 <read_fat>
40083108: 12003c08     	and	w8, w0, #0xffff
4008310c: 350006e8     	cbnz	w8, 0x400831e8 <alloc_cluster+0x118>
40083110: 14000001     	b	0x40083114 <alloc_cluster+0x44>
40083114: 785fc3a0     	ldurh	w0, [x29, #-0x4]
40083118: 529fffe1     	mov	w1, #0xffff             // =65535
4008311c: 94000061     	bl	0x400832a0 <write_fat>
40083120: 2a1f03e8     	mov	w8, wzr
40083124: b9000be8     	str	w8, [sp, #0x8]
40083128: 14000001     	b	0x4008312c <alloc_cluster+0x5c>
4008312c: b9400be8     	ldr	w8, [sp, #0x8]
40083130: 7107fd08     	subs	w8, w8, #0x1ff
40083134: 5400016c     	b.gt	0x40083160 <alloc_cluster+0x90>
40083138: 14000001     	b	0x4008313c <alloc_cluster+0x6c>
4008313c: b9800bea     	ldrsw	x10, [sp, #0x8]
40083140: 910033e9     	add	x9, sp, #0xc
40083144: 2a1f03e8     	mov	w8, wzr
40083148: 382a6928     	strb	w8, [x9, x10]
4008314c: 14000001     	b	0x40083150 <alloc_cluster+0x80>
40083150: b9400be8     	ldr	w8, [sp, #0x8]
40083154: 11000508     	add	w8, w8, #0x1
40083158: b9000be8     	str	w8, [sp, #0x8]
4008315c: 17fffff4     	b	0x4008312c <alloc_cluster+0x5c>
40083160: b0000be8     	adrp	x8, 0x40200000 <server_ip>
40083164: b9403508     	ldr	w8, [x8, #0x34]
40083168: 785fc3a9     	ldurh	w9, [x29, #-0x4]
4008316c: 71000929     	subs	w9, w9, #0x2
40083170: b0000bea     	adrp	x10, 0x40200000 <server_ip>
40083174: b940154a     	ldr	w10, [x10, #0x14]
40083178: 1b0a7d29     	mul	w9, w9, w10
4008317c: 0b090108     	add	w8, w8, w9
40083180: b90007e8     	str	w8, [sp, #0x4]
40083184: 2a1f03e8     	mov	w8, wzr
40083188: b90003e8     	str	w8, [sp]
4008318c: 14000001     	b	0x40083190 <alloc_cluster+0xc0>
40083190: b94003e8     	ldr	w8, [sp]
40083194: b0000be9     	adrp	x9, 0x40200000 <server_ip>
40083198: b9401529     	ldr	w9, [x9, #0x14]
4008319c: 6b090108     	subs	w8, w8, w9
400831a0: 540001e2     	b.hs	0x400831dc <alloc_cluster+0x10c>
400831a4: 14000001     	b	0x400831a8 <alloc_cluster+0xd8>
400831a8: b94007e8     	ldr	w8, [sp, #0x4]
400831ac: b94003e9     	ldr	w9, [sp]
400831b0: 0b090108     	add	w8, w8, w9
400831b4: 2a0803e8     	mov	w8, w8
400831b8: 2a0803e0     	mov	w0, w8
400831bc: 910033e1     	add	x1, sp, #0xc
400831c0: 52800022     	mov	w2, #0x1                // =1
400831c4: 94002f3f     	bl	0x4008eec0 <virtio_blk_write_sector>
400831c8: 14000001     	b	0x400831cc <alloc_cluster+0xfc>
400831cc: b94003e8     	ldr	w8, [sp]
400831d0: 11000508     	add	w8, w8, #0x1
400831d4: b90003e8     	str	w8, [sp]
400831d8: 17ffffee     	b	0x40083190 <alloc_cluster+0xc0>
400831dc: 785fc3a8     	ldurh	w8, [x29, #-0x4]
400831e0: 781fe3a8     	sturh	w8, [x29, #-0x2]
400831e4: 14000009     	b	0x40083208 <alloc_cluster+0x138>
400831e8: 14000001     	b	0x400831ec <alloc_cluster+0x11c>
400831ec: 785fc3a8     	ldurh	w8, [x29, #-0x4]
400831f0: 11000508     	add	w8, w8, #0x1
400831f4: 781fc3a8     	sturh	w8, [x29, #-0x4]
400831f8: 17ffffbd     	b	0x400830ec <alloc_cluster+0x1c>
400831fc: 2a1f03e8     	mov	w8, wzr
40083200: 781fe3a8     	sturh	w8, [x29, #-0x2]
40083204: 14000001     	b	0x40083208 <alloc_cluster+0x138>
40083208: 785fe3a0     	ldurh	w0, [x29, #-0x2]
4008320c: 910843ff     	add	sp, sp, #0x210
40083210: f9400bfc     	ldr	x28, [sp, #0x10]
40083214: a8c27bfd     	ldp	x29, x30, [sp], #0x20
40083218: d65f03c0     	ret
4008321c: d503201f     	nop

0000000040083220 <read_fat>:
40083220: a9be7bfd     	stp	x29, x30, [sp, #-0x20]!
40083224: f9000bfc     	str	x28, [sp, #0x10]
40083228: 910003fd     	mov	x29, sp
4008322c: d10883ff     	sub	sp, sp, #0x220
40083230: 781fe3a0     	sturh	w0, [x29, #-0x2]
40083234: 785fe3a8     	ldurh	w8, [x29, #-0x2]
40083238: 531f7908     	lsl	w8, w8, #1
4008323c: b9001be8     	str	w8, [sp, #0x18]
40083240: b0000be8     	adrp	x8, 0x40200000 <server_ip>
40083244: b9402908     	ldr	w8, [x8, #0x28]
40083248: b9401be9     	ldr	w9, [sp, #0x18]
4008324c: 0b492508     	add	w8, w8, w9, lsr #9
40083250: b90017e8     	str	w8, [sp, #0x14]
40083254: b94017e8     	ldr	w8, [sp, #0x14]
40083258: 2a0803e0     	mov	w0, w8
4008325c: 91007be1     	add	x1, sp, #0x1e
40083260: f90003e1     	str	x1, [sp]
40083264: 52800022     	mov	w2, #0x1                // =1
40083268: 94002e6a     	bl	0x4008ec10 <virtio_blk_read_sector>
4008326c: f94003e8     	ldr	x8, [sp]
40083270: b9401be9     	ldr	w9, [sp, #0x18]
40083274: 12002129     	and	w9, w9, #0x1ff
40083278: 2a0903e9     	mov	w9, w9
4008327c: 8b090108     	add	x8, x8, x9
40083280: f90007e8     	str	x8, [sp, #0x8]
40083284: f94007e8     	ldr	x8, [sp, #0x8]
40083288: 79400100     	ldrh	w0, [x8]
4008328c: 910883ff     	add	sp, sp, #0x220
40083290: f9400bfc     	ldr	x28, [sp, #0x10]
40083294: a8c27bfd     	ldp	x29, x30, [sp], #0x20
40083298: d65f03c0     	ret
4008329c: d503201f     	nop

00000000400832a0 <write_fat>:
400832a0: a9be7bfd     	stp	x29, x30, [sp, #-0x20]!
400832a4: f9000bfc     	str	x28, [sp, #0x10]
400832a8: 910003fd     	mov	x29, sp
400832ac: d108c3ff     	sub	sp, sp, #0x230
400832b0: 781fe3a0     	sturh	w0, [x29, #-0x2]
400832b4: 781fc3a1     	sturh	w1, [x29, #-0x4]
400832b8: 785fe3a8     	ldurh	w8, [x29, #-0x2]
400832bc: 531f7908     	lsl	w8, w8, #1
400832c0: b9002be8     	str	w8, [sp, #0x28]
400832c4: b0000be8     	adrp	x8, 0x40200000 <server_ip>
400832c8: b9402908     	ldr	w8, [x8, #0x28]
400832cc: b9402be9     	ldr	w9, [sp, #0x28]
400832d0: 0b492508     	add	w8, w8, w9, lsr #9
400832d4: b90027e8     	str	w8, [sp, #0x24]
400832d8: b94027e8     	ldr	w8, [sp, #0x24]
400832dc: 2a0803e0     	mov	w0, w8
400832e0: 9100b3e1     	add	x1, sp, #0x2c
400832e4: f90007e1     	str	x1, [sp, #0x8]
400832e8: 52800022     	mov	w2, #0x1                // =1
400832ec: b90017e2     	str	w2, [sp, #0x14]
400832f0: 94002e48     	bl	0x4008ec10 <virtio_blk_read_sector>
400832f4: f94007e1     	ldr	x1, [sp, #0x8]
400832f8: b94017e2     	ldr	w2, [sp, #0x14]
400832fc: b9402be8     	ldr	w8, [sp, #0x28]
40083300: 12002108     	and	w8, w8, #0x1ff
40083304: 2a0803e8     	mov	w8, w8
40083308: 8b080028     	add	x8, x1, x8
4008330c: f9000fe8     	str	x8, [sp, #0x18]
40083310: 785fc3a8     	ldurh	w8, [x29, #-0x4]
40083314: f9400fe9     	ldr	x9, [sp, #0x18]
40083318: 39000128     	strb	w8, [x9]
4008331c: 385fd3a8     	ldurb	w8, [x29, #-0x3]
40083320: f9400fe9     	ldr	x9, [sp, #0x18]
40083324: 39000528     	strb	w8, [x9, #0x1]
40083328: b94027e8     	ldr	w8, [sp, #0x24]
4008332c: 2a0803e0     	mov	w0, w8
40083330: 94002ee4     	bl	0x4008eec0 <virtio_blk_write_sector>
40083334: b0000be8     	adrp	x8, 0x40200000 <server_ip>
40083338: b9401d08     	ldr	w8, [x8, #0x1c]
4008333c: 71000908     	subs	w8, w8, #0x2
40083340: 54000183     	b.lo	0x40083370 <write_fat+0xd0>
40083344: 14000001     	b	0x40083348 <write_fat+0xa8>
40083348: b94027e8     	ldr	w8, [sp, #0x24]
4008334c: b0000be9     	adrp	x9, 0x40200000 <server_ip>
40083350: b9402529     	ldr	w9, [x9, #0x24]
40083354: 0b090108     	add	w8, w8, w9
40083358: 2a0803e8     	mov	w8, w8
4008335c: 2a0803e0     	mov	w0, w8
40083360: 9100b3e1     	add	x1, sp, #0x2c
40083364: 52800022     	mov	w2, #0x1                // =1
40083368: 94002ed6     	bl	0x4008eec0 <virtio_blk_write_sector>
4008336c: 14000001     	b	0x40083370 <write_fat+0xd0>
40083370: 9108c3ff     	add	sp, sp, #0x230
40083374: f9400bfc     	ldr	x28, [sp, #0x10]
40083378: a8c27bfd     	ldp	x29, x30, [sp], #0x20
4008337c: d65f03c0     	ret

0000000040083380 <fat16_test_suite>:
40083380: a9bf7bfd     	stp	x29, x30, [sp, #-0x10]!
40083384: 910003fd     	mov	x29, sp
40083388: d503201f     	nop
4008338c: 5006cf80     	adr	x0, 0x40090d7e <UART0_FR+0x256>
40083390: 940007e4     	bl	0x40085320 <uart_puts>
40083394: 94000007     	bl	0x400833b0 <test_fat16_open_existing>
40083398: 94000062     	bl	0x40083520 <test_fat16_open_nonexistent>
4008339c: 94000095     	bl	0x400835f0 <test_fat16_read_file>
400833a0: a8c17bfd     	ldp	x29, x30, [sp], #0x10
400833a4: d65f03c0     	ret
400833a8: d503201f     	nop
400833ac: d503201f     	nop

00000000400833b0 <test_fat16_open_existing>:
400833b0: d101c3ff     	sub	sp, sp, #0x70
400833b4: a9067bfd     	stp	x29, x30, [sp, #0x60]
400833b8: 910183fd     	add	x29, sp, #0x60
400833bc: b0000060     	adrp	x0, 0x40090000 <virtio_input_init+0x360>
400833c0: 91364400     	add	x0, x0, #0xd91
400833c4: 940007d7     	bl	0x40085320 <uart_puts>
400833c8: f0000ce9     	adrp	x9, 0x40222000 <syscall_tasks+0x7f8>
400833cc: b9400928     	ldr	w8, [x9, #0x8]
400833d0: 11000508     	add	w8, w8, #0x1
400833d4: b9000928     	str	w8, [x9, #0x8]
400833d8: d0000060     	adrp	x0, 0x40091000 <UART0_FR+0x4d8>
400833dc: 910b5c00     	add	x0, x0, #0x2d7
400833e0: 910083e1     	add	x1, sp, #0x20
400833e4: 97fffb13     	bl	0x40082030 <fat16_open>
400833e8: b9001fe0     	str	w0, [sp, #0x1c]
400833ec: 14000001     	b	0x400833f0 <test_fat16_open_existing+0x40>
400833f0: b9401fe8     	ldr	w8, [sp, #0x1c]
400833f4: b9001be8     	str	w8, [sp, #0x18]
400833f8: 2a1f03e8     	mov	w8, wzr
400833fc: b90017e8     	str	w8, [sp, #0x14]
40083400: b9401be8     	ldr	w8, [sp, #0x18]
40083404: b94017e9     	ldr	w9, [sp, #0x14]
40083408: 6b090108     	subs	w8, w8, w9
4008340c: 54000320     	b.eq	0x40083470 <test_fat16_open_existing+0xc0>
40083410: 14000001     	b	0x40083414 <test_fat16_open_existing+0x64>
40083414: f0000060     	adrp	x0, 0x40092000 <UART0_FR+0x14d8>
40083418: 91073400     	add	x0, x0, #0x1cd
4008341c: 940007c1     	bl	0x40085320 <uart_puts>
40083420: 528001a0     	mov	w0, #0xd                // =13
40083424: 940007db     	bl	0x40085390 <print_int>
40083428: f0000060     	adrp	x0, 0x40092000 <UART0_FR+0x14d8>
4008342c: 91214400     	add	x0, x0, #0x851
40083430: 940007bc     	bl	0x40085320 <uart_puts>
40083434: b9401be0     	ldr	w0, [sp, #0x18]
40083438: 940007d6     	bl	0x40085390 <print_int>
4008343c: f0000060     	adrp	x0, 0x40092000 <UART0_FR+0x14d8>
40083440: 91217000     	add	x0, x0, #0x85c
40083444: 940007b7     	bl	0x40085320 <uart_puts>
40083448: b94017e0     	ldr	w0, [sp, #0x14]
4008344c: 940007d1     	bl	0x40085390 <print_int>
40083450: d0000060     	adrp	x0, 0x40091000 <UART0_FR+0x4d8>
40083454: 913b0800     	add	x0, x0, #0xec2
40083458: 940007b2     	bl	0x40085320 <uart_puts>
4008345c: f0000ce9     	adrp	x9, 0x40222000 <syscall_tasks+0x7f8>
40083460: b9400d28     	ldr	w8, [x9, #0xc]
40083464: 11000508     	add	w8, w8, #0x1
40083468: b9000d28     	str	w8, [x9, #0xc]
4008346c: 14000027     	b	0x40083508 <test_fat16_open_existing+0x158>
40083470: 14000001     	b	0x40083474 <test_fat16_open_existing+0xc4>
40083474: 14000001     	b	0x40083478 <test_fat16_open_existing+0xc8>
40083478: b9405be8     	ldr	w8, [sp, #0x58]
4008347c: b90013e8     	str	w8, [sp, #0x10]
40083480: 2a1f03e8     	mov	w8, wzr
40083484: b9000fe8     	str	w8, [sp, #0xc]
40083488: b94013e8     	ldr	w8, [sp, #0x10]
4008348c: b9400fe9     	ldr	w9, [sp, #0xc]
40083490: 6b090108     	subs	w8, w8, w9
40083494: 54000320     	b.eq	0x400834f8 <test_fat16_open_existing+0x148>
40083498: 14000001     	b	0x4008349c <test_fat16_open_existing+0xec>
4008349c: d0000060     	adrp	x0, 0x40091000 <UART0_FR+0x4d8>
400834a0: 9102a800     	add	x0, x0, #0xaa
400834a4: 9400079f     	bl	0x40085320 <uart_puts>
400834a8: 528001c0     	mov	w0, #0xe                // =14
400834ac: 940007b9     	bl	0x40085390 <print_int>
400834b0: f0000060     	adrp	x0, 0x40092000 <UART0_FR+0x14d8>
400834b4: 91214400     	add	x0, x0, #0x851
400834b8: 9400079a     	bl	0x40085320 <uart_puts>
400834bc: b94013e0     	ldr	w0, [sp, #0x10]
400834c0: 940007b4     	bl	0x40085390 <print_int>
400834c4: f0000060     	adrp	x0, 0x40092000 <UART0_FR+0x14d8>
400834c8: 91217000     	add	x0, x0, #0x85c
400834cc: 94000795     	bl	0x40085320 <uart_puts>
400834d0: b9400fe0     	ldr	w0, [sp, #0xc]
400834d4: 940007af     	bl	0x40085390 <print_int>
400834d8: d0000060     	adrp	x0, 0x40091000 <UART0_FR+0x4d8>
400834dc: 913b0800     	add	x0, x0, #0xec2
400834e0: 94000790     	bl	0x40085320 <uart_puts>
400834e4: f0000ce9     	adrp	x9, 0x40222000 <syscall_tasks+0x7f8>
400834e8: b9400d28     	ldr	w8, [x9, #0xc]
400834ec: 11000508     	add	w8, w8, #0x1
400834f0: b9000d28     	str	w8, [x9, #0xc]
400834f4: 14000005     	b	0x40083508 <test_fat16_open_existing+0x158>
400834f8: 14000001     	b	0x400834fc <test_fat16_open_existing+0x14c>
400834fc: 910083e0     	add	x0, sp, #0x20
40083500: 97fffce0     	bl	0x40082880 <fat16_close>
40083504: 14000001     	b	0x40083508 <test_fat16_open_existing+0x158>
40083508: a9467bfd     	ldp	x29, x30, [sp, #0x60]
4008350c: 9101c3ff     	add	sp, sp, #0x70
40083510: d65f03c0     	ret
40083514: d503201f     	nop
40083518: d503201f     	nop
4008351c: d503201f     	nop

0000000040083520 <test_fat16_open_nonexistent>:
40083520: d10183ff     	sub	sp, sp, #0x60
40083524: a9057bfd     	stp	x29, x30, [sp, #0x50]
40083528: 910143fd     	add	x29, sp, #0x50
4008352c: f0000060     	adrp	x0, 0x40092000 <UART0_FR+0x14d8>
40083530: 9102bc00     	add	x0, x0, #0xaf
40083534: 9400077b     	bl	0x40085320 <uart_puts>
40083538: f0000ce9     	adrp	x9, 0x40222000 <syscall_tasks+0x7f8>
4008353c: b9400928     	ldr	w8, [x9, #0x8]
40083540: 11000508     	add	w8, w8, #0x1
40083544: b9000928     	str	w8, [x9, #0x8]
40083548: d0000060     	adrp	x0, 0x40091000 <UART0_FR+0x4d8>
4008354c: 911d0000     	add	x0, x0, #0x740
40083550: 910043e1     	add	x1, sp, #0x10
40083554: 97fffab7     	bl	0x40082030 <fat16_open>
40083558: b9000fe0     	str	w0, [sp, #0xc]
4008355c: 14000001     	b	0x40083560 <test_fat16_open_nonexistent+0x40>
40083560: b9400fe8     	ldr	w8, [sp, #0xc]
40083564: b9000be8     	str	w8, [sp, #0x8]
40083568: 12800008     	mov	w8, #-0x1               // =-1
4008356c: b90007e8     	str	w8, [sp, #0x4]
40083570: b9400be8     	ldr	w8, [sp, #0x8]
40083574: b94007e9     	ldr	w9, [sp, #0x4]
40083578: 6b090108     	subs	w8, w8, w9
4008357c: 54000320     	b.eq	0x400835e0 <test_fat16_open_nonexistent+0xc0>
40083580: 14000001     	b	0x40083584 <test_fat16_open_nonexistent+0x64>
40083584: d0000060     	adrp	x0, 0x40091000 <UART0_FR+0x4d8>
40083588: 910e1c00     	add	x0, x0, #0x387
4008358c: 94000765     	bl	0x40085320 <uart_puts>
40083590: 52800320     	mov	w0, #0x19               // =25
40083594: 9400077f     	bl	0x40085390 <print_int>
40083598: f0000060     	adrp	x0, 0x40092000 <UART0_FR+0x14d8>
4008359c: 91214400     	add	x0, x0, #0x851
400835a0: 94000760     	bl	0x40085320 <uart_puts>
400835a4: b9400be0     	ldr	w0, [sp, #0x8]
400835a8: 9400077a     	bl	0x40085390 <print_int>
400835ac: f0000060     	adrp	x0, 0x40092000 <UART0_FR+0x14d8>
400835b0: 91217000     	add	x0, x0, #0x85c
400835b4: 9400075b     	bl	0x40085320 <uart_puts>
400835b8: b94007e0     	ldr	w0, [sp, #0x4]
400835bc: 94000775     	bl	0x40085390 <print_int>
400835c0: d0000060     	adrp	x0, 0x40091000 <UART0_FR+0x4d8>
400835c4: 913b0800     	add	x0, x0, #0xec2
400835c8: 94000756     	bl	0x40085320 <uart_puts>
400835cc: f0000ce9     	adrp	x9, 0x40222000 <syscall_tasks+0x7f8>
400835d0: b9400d28     	ldr	w8, [x9, #0xc]
400835d4: 11000508     	add	w8, w8, #0x1
400835d8: b9000d28     	str	w8, [x9, #0xc]
400835dc: 14000002     	b	0x400835e4 <test_fat16_open_nonexistent+0xc4>
400835e0: 14000001     	b	0x400835e4 <test_fat16_open_nonexistent+0xc4>
400835e4: a9457bfd     	ldp	x29, x30, [sp, #0x50]
400835e8: 910183ff     	add	sp, sp, #0x60
400835ec: d65f03c0     	ret

00000000400835f0 <test_fat16_read_file>:
400835f0: d10403ff     	sub	sp, sp, #0x100
400835f4: a90f7bfd     	stp	x29, x30, [sp, #0xf0]
400835f8: 9103c3fd     	add	x29, sp, #0xf0
400835fc: b0000060     	adrp	x0, 0x40090000 <virtio_input_init+0x360>
40083600: 913e5c00     	add	x0, x0, #0xf97
40083604: 94000747     	bl	0x40085320 <uart_puts>
40083608: f0000ce9     	adrp	x9, 0x40222000 <syscall_tasks+0x7f8>
4008360c: b9400928     	ldr	w8, [x9, #0x8]
40083610: 11000508     	add	w8, w8, #0x1
40083614: b9000928     	str	w8, [x9, #0x8]
40083618: d0000060     	adrp	x0, 0x40091000 <UART0_FR+0x4d8>
4008361c: 910b5c00     	add	x0, x0, #0x2d7
40083620: d10103a1     	sub	x1, x29, #0x40
40083624: 97fffa83     	bl	0x40082030 <fat16_open>
40083628: b81bc3a0     	stur	w0, [x29, #-0x44]
4008362c: 14000001     	b	0x40083630 <test_fat16_read_file+0x40>
40083630: b85bc3a8     	ldur	w8, [x29, #-0x44]
40083634: b81b83a8     	stur	w8, [x29, #-0x48]
40083638: 2a1f03e8     	mov	w8, wzr
4008363c: b81b43a8     	stur	w8, [x29, #-0x4c]
40083640: b85b83a8     	ldur	w8, [x29, #-0x48]
40083644: b85b43a9     	ldur	w9, [x29, #-0x4c]
40083648: 6b090108     	subs	w8, w8, w9
4008364c: 54000320     	b.eq	0x400836b0 <test_fat16_read_file+0xc0>
40083650: 14000001     	b	0x40083654 <test_fat16_read_file+0x64>
40083654: f0000060     	adrp	x0, 0x40092000 <UART0_FR+0x14d8>
40083658: 91073400     	add	x0, x0, #0x1cd
4008365c: 94000731     	bl	0x40085320 <uart_puts>
40083660: 52800440     	mov	w0, #0x22               // =34
40083664: 9400074b     	bl	0x40085390 <print_int>
40083668: f0000060     	adrp	x0, 0x40092000 <UART0_FR+0x14d8>
4008366c: 91214400     	add	x0, x0, #0x851
40083670: 9400072c     	bl	0x40085320 <uart_puts>
40083674: b85b83a0     	ldur	w0, [x29, #-0x48]
40083678: 94000746     	bl	0x40085390 <print_int>
4008367c: f0000060     	adrp	x0, 0x40092000 <UART0_FR+0x14d8>
40083680: 91217000     	add	x0, x0, #0x85c
40083684: 94000727     	bl	0x40085320 <uart_puts>
40083688: b85b43a0     	ldur	w0, [x29, #-0x4c]
4008368c: 94000741     	bl	0x40085390 <print_int>
40083690: d0000060     	adrp	x0, 0x40091000 <UART0_FR+0x4d8>
40083694: 913b0800     	add	x0, x0, #0xec2
40083698: 94000722     	bl	0x40085320 <uart_puts>
4008369c: f0000ce9     	adrp	x9, 0x40222000 <syscall_tasks+0x7f8>
400836a0: b9400d28     	ldr	w8, [x9, #0xc]
400836a4: 11000508     	add	w8, w8, #0x1
400836a8: b9000d28     	str	w8, [x9, #0xc]
400836ac: 1400003e     	b	0x400837a4 <test_fat16_read_file+0x1b4>
400836b0: 14000001     	b	0x400836b4 <test_fat16_read_file+0xc4>
400836b4: aa1f03e8     	mov	x8, xzr
400836b8: f90007e8     	str	x8, [sp, #0x8]
400836bc: f9004fe8     	str	x8, [sp, #0x98]
400836c0: f9004be8     	str	x8, [sp, #0x90]
400836c4: f90047e8     	str	x8, [sp, #0x88]
400836c8: f90043e8     	str	x8, [sp, #0x80]
400836cc: f9003fe8     	str	x8, [sp, #0x78]
400836d0: f9003be8     	str	x8, [sp, #0x70]
400836d4: f90037e8     	str	x8, [sp, #0x68]
400836d8: f90033e8     	str	x8, [sp, #0x60]
400836dc: f9002fe8     	str	x8, [sp, #0x58]
400836e0: f9002be8     	str	x8, [sp, #0x50]
400836e4: f90027e8     	str	x8, [sp, #0x48]
400836e8: f90023e8     	str	x8, [sp, #0x40]
400836ec: f9001fe8     	str	x8, [sp, #0x38]
400836f0: f9001be8     	str	x8, [sp, #0x30]
400836f4: f90017e8     	str	x8, [sp, #0x28]
400836f8: f90013e8     	str	x8, [sp, #0x20]
400836fc: d10103a0     	sub	x0, x29, #0x40
40083700: 910083e1     	add	x1, sp, #0x20
40083704: 52801002     	mov	w2, #0x80               // =128
40083708: 97fffcb2     	bl	0x400829d0 <fat16_read>
4008370c: b9001fe0     	str	w0, [sp, #0x1c]
40083710: 14000001     	b	0x40083714 <test_fat16_read_file+0x124>
40083714: b9401fe8     	ldr	w8, [sp, #0x1c]
40083718: b9001be8     	str	w8, [sp, #0x18]
4008371c: 2a1f03e8     	mov	w8, wzr
40083720: b90017e8     	str	w8, [sp, #0x14]
40083724: b9401be8     	ldr	w8, [sp, #0x18]
40083728: b94017e9     	ldr	w9, [sp, #0x14]
4008372c: 6b090108     	subs	w8, w8, w9
40083730: 54000320     	b.eq	0x40083794 <test_fat16_read_file+0x1a4>
40083734: 14000001     	b	0x40083738 <test_fat16_read_file+0x148>
40083738: f0000060     	adrp	x0, 0x40092000 <UART0_FR+0x14d8>
4008373c: 9124c000     	add	x0, x0, #0x930
40083740: 940006f8     	bl	0x40085320 <uart_puts>
40083744: 52800500     	mov	w0, #0x28               // =40
40083748: 94000712     	bl	0x40085390 <print_int>
4008374c: f0000060     	adrp	x0, 0x40092000 <UART0_FR+0x14d8>
40083750: 91214400     	add	x0, x0, #0x851
40083754: 940006f3     	bl	0x40085320 <uart_puts>
40083758: b9401be0     	ldr	w0, [sp, #0x18]
4008375c: 9400070d     	bl	0x40085390 <print_int>
40083760: f0000060     	adrp	x0, 0x40092000 <UART0_FR+0x14d8>
40083764: 91217000     	add	x0, x0, #0x85c
40083768: 940006ee     	bl	0x40085320 <uart_puts>
4008376c: b94017e0     	ldr	w0, [sp, #0x14]
40083770: 94000708     	bl	0x40085390 <print_int>
40083774: d0000060     	adrp	x0, 0x40091000 <UART0_FR+0x4d8>
40083778: 913b0800     	add	x0, x0, #0xec2
4008377c: 940006e9     	bl	0x40085320 <uart_puts>
40083780: f0000ce9     	adrp	x9, 0x40222000 <syscall_tasks+0x7f8>
40083784: b9400d28     	ldr	w8, [x9, #0xc]
40083788: 11000508     	add	w8, w8, #0x1
4008378c: b9000d28     	str	w8, [x9, #0xc]
40083790: 14000005     	b	0x400837a4 <test_fat16_read_file+0x1b4>
40083794: 14000001     	b	0x40083798 <test_fat16_read_file+0x1a8>
40083798: d10103a0     	sub	x0, x29, #0x40
4008379c: 97fffc39     	bl	0x40082880 <fat16_close>
400837a0: 14000001     	b	0x400837a4 <test_fat16_read_file+0x1b4>
400837a4: a94f7bfd     	ldp	x29, x30, [sp, #0xf0]
400837a8: 910403ff     	add	sp, sp, #0x100
400837ac: d65f03c0     	ret

00000000400837b0 <fs_init>:
400837b0: d10083ff     	sub	sp, sp, #0x20
400837b4: a9017bfd     	stp	x29, x30, [sp, #0x10]
400837b8: 910043fd     	add	x29, sp, #0x10
400837bc: b0000be0     	adrp	x0, 0x40200000 <server_ip>
400837c0: 91010000     	add	x0, x0, #0x40
400837c4: 940005b7     	bl	0x40084ea0 <spinlock_init>
400837c8: 2a1f03e8     	mov	w8, wzr
400837cc: b81fc3a8     	stur	w8, [x29, #-0x4]
400837d0: 14000001     	b	0x400837d4 <fs_init+0x24>
400837d4: b85fc3a8     	ldur	w8, [x29, #-0x4]
400837d8: 7101fd08     	subs	w8, w8, #0x7f
400837dc: 5400028c     	b.gt	0x4008382c <fs_init+0x7c>
400837e0: 14000001     	b	0x400837e4 <fs_init+0x34>
400837e4: b89fc3a8     	ldursw	x8, [x29, #-0x4]
400837e8: d37ae50a     	lsl	x10, x8, #6
400837ec: b0000be8     	adrp	x8, 0x40200000 <server_ip>
400837f0: 91012108     	add	x8, x8, #0x48
400837f4: 2a1f03e9     	mov	w9, wzr
400837f8: b82a6909     	str	w9, [x8, x10]
400837fc: b89fc3aa     	ldursw	x10, [x29, #-0x4]
40083800: 8b0a190a     	add	x10, x8, x10, lsl #6
40083804: b9000549     	str	w9, [x10, #0x4]
40083808: b89fc3a9     	ldursw	x9, [x29, #-0x4]
4008380c: 8b091908     	add	x8, x8, x9, lsl #6
40083810: 91002100     	add	x0, x8, #0x8
40083814: 940005a3     	bl	0x40084ea0 <spinlock_init>
40083818: 14000001     	b	0x4008381c <fs_init+0x6c>
4008381c: b85fc3a8     	ldur	w8, [x29, #-0x4]
40083820: 11000508     	add	w8, w8, #0x1
40083824: b81fc3a8     	stur	w8, [x29, #-0x4]
40083828: 17ffffeb     	b	0x400837d4 <fs_init+0x24>
4008382c: a9417bfd     	ldp	x29, x30, [sp, #0x10]
40083830: 910083ff     	add	sp, sp, #0x20
40083834: d65f03c0     	ret
40083838: d503201f     	nop
4008383c: d503201f     	nop

0000000040083840 <file_open>:
40083840: d10103ff     	sub	sp, sp, #0x40
40083844: a9037bfd     	stp	x29, x30, [sp, #0x30]
40083848: 9100c3fd     	add	x29, sp, #0x30
4008384c: f81f03a0     	stur	x0, [x29, #-0x10]
40083850: 94001a7c     	bl	0x4008a240 <current_process>
40083854: f9000fe0     	str	x0, [sp, #0x18]
40083858: f9400fe8     	ldr	x8, [sp, #0x18]
4008385c: b40000e8     	cbz	x8, 0x40083878 <file_open+0x38>
40083860: 14000001     	b	0x40083864 <file_open+0x24>
40083864: f9400fe8     	ldr	x8, [sp, #0x18]
40083868: b941d108     	ldr	w8, [x8, #0x1d0]
4008386c: 71008108     	subs	w8, w8, #0x20
40083870: 540000ab     	b.lt	0x40083884 <file_open+0x44>
40083874: 14000001     	b	0x40083878 <file_open+0x38>
40083878: 12800008     	mov	w8, #-0x1               // =-1
4008387c: b81fc3a8     	stur	w8, [x29, #-0x4]
40083880: 14000047     	b	0x4008399c <file_open+0x15c>
40083884: 9400004b     	bl	0x400839b0 <file_alloc>
40083888: f9000be0     	str	x0, [sp, #0x10]
4008388c: f9400be8     	ldr	x8, [sp, #0x10]
40083890: b50000a8     	cbnz	x8, 0x400838a4 <file_open+0x64>
40083894: 14000001     	b	0x40083898 <file_open+0x58>
40083898: 12800008     	mov	w8, #-0x1               // =-1
4008389c: b81fc3a8     	stur	w8, [x29, #-0x4]
400838a0: 1400003f     	b	0x4008399c <file_open+0x15c>
400838a4: f85f03a0     	ldur	x0, [x29, #-0x10]
400838a8: f9400be1     	ldr	x1, [sp, #0x10]
400838ac: 97fff9e1     	bl	0x40082030 <fat16_open>
400838b0: 34000140     	cbz	w0, 0x400838d8 <file_open+0x98>
400838b4: 14000001     	b	0x400838b8 <file_open+0x78>
400838b8: f9400be9     	ldr	x9, [sp, #0x10]
400838bc: 2a1f03e8     	mov	w8, wzr
400838c0: b9000128     	str	w8, [x9]
400838c4: f9400be9     	ldr	x9, [sp, #0x10]
400838c8: b9000528     	str	w8, [x9, #0x4]
400838cc: 12800008     	mov	w8, #-0x1               // =-1
400838d0: b81fc3a8     	stur	w8, [x29, #-0x4]
400838d4: 14000032     	b	0x4008399c <file_open+0x15c>
400838d8: 12800008     	mov	w8, #-0x1               // =-1
400838dc: b9000fe8     	str	w8, [sp, #0xc]
400838e0: 2a1f03e8     	mov	w8, wzr
400838e4: b9000be8     	str	w8, [sp, #0x8]
400838e8: 14000001     	b	0x400838ec <file_open+0xac>
400838ec: b9400be8     	ldr	w8, [sp, #0x8]
400838f0: 71007d08     	subs	w8, w8, #0x1f
400838f4: 5400036c     	b.gt	0x40083960 <file_open+0x120>
400838f8: 14000001     	b	0x400838fc <file_open+0xbc>
400838fc: f9400fe8     	ldr	x8, [sp, #0x18]
40083900: b9800be9     	ldrsw	x9, [sp, #0x8]
40083904: 8b090908     	add	x8, x8, x9, lsl #2
40083908: b9415108     	ldr	w8, [x8, #0x150]
4008390c: 31000508     	adds	w8, w8, #0x1
40083910: 540001e1     	b.ne	0x4008394c <file_open+0x10c>
40083914: 14000001     	b	0x40083918 <file_open+0xd8>
40083918: f9400be0     	ldr	x0, [sp, #0x10]
4008391c: 9400005d     	bl	0x40083a90 <get_global_fd>
40083920: f9400fe8     	ldr	x8, [sp, #0x18]
40083924: b9800be9     	ldrsw	x9, [sp, #0x8]
40083928: 8b090908     	add	x8, x8, x9, lsl #2
4008392c: b9015100     	str	w0, [x8, #0x150]
40083930: f9400fe9     	ldr	x9, [sp, #0x18]
40083934: b941d128     	ldr	w8, [x9, #0x1d0]
40083938: 11000508     	add	w8, w8, #0x1
4008393c: b901d128     	str	w8, [x9, #0x1d0]
40083940: b9400be8     	ldr	w8, [sp, #0x8]
40083944: b9000fe8     	str	w8, [sp, #0xc]
40083948: 14000006     	b	0x40083960 <file_open+0x120>
4008394c: 14000001     	b	0x40083950 <file_open+0x110>
40083950: b9400be8     	ldr	w8, [sp, #0x8]
40083954: 11000508     	add	w8, w8, #0x1
40083958: b9000be8     	str	w8, [sp, #0x8]
4008395c: 17ffffe4     	b	0x400838ec <file_open+0xac>
40083960: b9400fe8     	ldr	w8, [sp, #0xc]
40083964: 31000508     	adds	w8, w8, #0x1
40083968: 54000141     	b.ne	0x40083990 <file_open+0x150>
4008396c: 14000001     	b	0x40083970 <file_open+0x130>
40083970: f9400be0     	ldr	x0, [sp, #0x10]
40083974: 97fffbc3     	bl	0x40082880 <fat16_close>
40083978: f9400be9     	ldr	x9, [sp, #0x10]
4008397c: 2a1f03e8     	mov	w8, wzr
40083980: b9000128     	str	w8, [x9]
40083984: f9400be9     	ldr	x9, [sp, #0x10]
40083988: b9000528     	str	w8, [x9, #0x4]
4008398c: 14000001     	b	0x40083990 <file_open+0x150>
40083990: b9400fe8     	ldr	w8, [sp, #0xc]
40083994: b81fc3a8     	stur	w8, [x29, #-0x4]
40083998: 14000001     	b	0x4008399c <file_open+0x15c>
4008399c: b85fc3a0     	ldur	w0, [x29, #-0x4]
400839a0: a9437bfd     	ldp	x29, x30, [sp, #0x30]
400839a4: 910103ff     	add	sp, sp, #0x40
400839a8: d65f03c0     	ret
400839ac: d503201f     	nop

00000000400839b0 <file_alloc>:
400839b0: d100c3ff     	sub	sp, sp, #0x30
400839b4: a9027bfd     	stp	x29, x30, [sp, #0x20]
400839b8: 910083fd     	add	x29, sp, #0x20
400839bc: b0000be0     	adrp	x0, 0x40200000 <server_ip>
400839c0: 91010000     	add	x0, x0, #0x40
400839c4: 94000553     	bl	0x40084f10 <spinlock_acquire_irqsave>
400839c8: f9000be0     	str	x0, [sp, #0x10]
400839cc: 2a1f03e8     	mov	w8, wzr
400839d0: b9000fe8     	str	w8, [sp, #0xc]
400839d4: 14000001     	b	0x400839d8 <file_alloc+0x28>
400839d8: b9400fe8     	ldr	w8, [sp, #0xc]
400839dc: 7101fd08     	subs	w8, w8, #0x7f
400839e0: 5400042c     	b.gt	0x40083a64 <file_alloc+0xb4>
400839e4: 14000001     	b	0x400839e8 <file_alloc+0x38>
400839e8: b9800fe8     	ldrsw	x8, [sp, #0xc]
400839ec: d37ae509     	lsl	x9, x8, #6
400839f0: b0000be8     	adrp	x8, 0x40200000 <server_ip>
400839f4: 91012108     	add	x8, x8, #0x48
400839f8: b8696908     	ldr	w8, [x8, x9]
400839fc: 350002a8     	cbnz	w8, 0x40083a50 <file_alloc+0xa0>
40083a00: 14000001     	b	0x40083a04 <file_alloc+0x54>
40083a04: b9800fe8     	ldrsw	x8, [sp, #0xc]
40083a08: b0000be9     	adrp	x9, 0x40200000 <server_ip>
40083a0c: 91012129     	add	x9, x9, #0x48
40083a10: f90003e9     	str	x9, [sp]
40083a14: 8b08192a     	add	x10, x9, x8, lsl #6
40083a18: 52800028     	mov	w8, #0x1                // =1
40083a1c: b9000548     	str	w8, [x10, #0x4]
40083a20: b9800fea     	ldrsw	x10, [sp, #0xc]
40083a24: d37ae54a     	lsl	x10, x10, #6
40083a28: b82a6928     	str	w8, [x9, x10]
40083a2c: f9400be1     	ldr	x1, [sp, #0x10]
40083a30: b0000be0     	adrp	x0, 0x40200000 <server_ip>
40083a34: 91010000     	add	x0, x0, #0x40
40083a38: 94000546     	bl	0x40084f50 <spinlock_release_irqrestore>
40083a3c: f94003e8     	ldr	x8, [sp]
40083a40: b9800fe9     	ldrsw	x9, [sp, #0xc]
40083a44: 8b091908     	add	x8, x8, x9, lsl #6
40083a48: f81f83a8     	stur	x8, [x29, #-0x8]
40083a4c: 1400000d     	b	0x40083a80 <file_alloc+0xd0>
40083a50: 14000001     	b	0x40083a54 <file_alloc+0xa4>
40083a54: b9400fe8     	ldr	w8, [sp, #0xc]
40083a58: 11000508     	add	w8, w8, #0x1
40083a5c: b9000fe8     	str	w8, [sp, #0xc]
40083a60: 17ffffde     	b	0x400839d8 <file_alloc+0x28>
40083a64: f9400be1     	ldr	x1, [sp, #0x10]
40083a68: b0000be0     	adrp	x0, 0x40200000 <server_ip>
40083a6c: 91010000     	add	x0, x0, #0x40
40083a70: 94000538     	bl	0x40084f50 <spinlock_release_irqrestore>
40083a74: aa1f03e8     	mov	x8, xzr
40083a78: f81f83a8     	stur	x8, [x29, #-0x8]
40083a7c: 14000001     	b	0x40083a80 <file_alloc+0xd0>
40083a80: f85f83a0     	ldur	x0, [x29, #-0x8]
40083a84: a9427bfd     	ldp	x29, x30, [sp, #0x20]
40083a88: 9100c3ff     	add	sp, sp, #0x30
40083a8c: d65f03c0     	ret

0000000040083a90 <get_global_fd>:
40083a90: d10043ff     	sub	sp, sp, #0x10
40083a94: f90003e0     	str	x0, [sp]
40083a98: f94003e8     	ldr	x8, [sp]
40083a9c: b50000a8     	cbnz	x8, 0x40083ab0 <get_global_fd+0x20>
40083aa0: 14000001     	b	0x40083aa4 <get_global_fd+0x14>
40083aa4: 12800008     	mov	w8, #-0x1               // =-1
40083aa8: b9000fe8     	str	w8, [sp, #0xc]
40083aac: 14000008     	b	0x40083acc <get_global_fd+0x3c>
40083ab0: f94003e8     	ldr	x8, [sp]
40083ab4: b0000be9     	adrp	x9, 0x40200000 <server_ip>
40083ab8: 91012129     	add	x9, x9, #0x48
40083abc: eb090108     	subs	x8, x8, x9
40083ac0: d346fd08     	lsr	x8, x8, #6
40083ac4: b9000fe8     	str	w8, [sp, #0xc]
40083ac8: 14000001     	b	0x40083acc <get_global_fd+0x3c>
40083acc: b9400fe0     	ldr	w0, [sp, #0xc]
40083ad0: 910043ff     	add	sp, sp, #0x10
40083ad4: d65f03c0     	ret
40083ad8: d503201f     	nop
40083adc: d503201f     	nop

0000000040083ae0 <file_connect>:
40083ae0: d10103ff     	sub	sp, sp, #0x40
40083ae4: a9037bfd     	stp	x29, x30, [sp, #0x30]
40083ae8: 9100c3fd     	add	x29, sp, #0x30
40083aec: b81f83a0     	stur	w0, [x29, #-0x8]
40083af0: 781f63a1     	sturh	w1, [x29, #-0xa]
40083af4: b81f03a2     	stur	w2, [x29, #-0x10]
40083af8: 940019d2     	bl	0x4008a240 <current_process>
40083afc: f9000fe0     	str	x0, [sp, #0x18]
40083b00: f9400fe8     	ldr	x8, [sp, #0x18]
40083b04: b40000e8     	cbz	x8, 0x40083b20 <file_connect+0x40>
40083b08: 14000001     	b	0x40083b0c <file_connect+0x2c>
40083b0c: f9400fe8     	ldr	x8, [sp, #0x18]
40083b10: b941d108     	ldr	w8, [x8, #0x1d0]
40083b14: 71008108     	subs	w8, w8, #0x20
40083b18: 540000ab     	b.lt	0x40083b2c <file_connect+0x4c>
40083b1c: 14000001     	b	0x40083b20 <file_connect+0x40>
40083b20: 12800008     	mov	w8, #-0x1               // =-1
40083b24: b81fc3a8     	stur	w8, [x29, #-0x4]
40083b28: 1400005e     	b	0x40083ca0 <file_connect+0x1c0>
40083b2c: 97ffffa1     	bl	0x400839b0 <file_alloc>
40083b30: f9000be0     	str	x0, [sp, #0x10]
40083b34: f9400be8     	ldr	x8, [sp, #0x10]
40083b38: b50000a8     	cbnz	x8, 0x40083b4c <file_connect+0x6c>
40083b3c: 14000001     	b	0x40083b40 <file_connect+0x60>
40083b40: 12800008     	mov	w8, #-0x1               // =-1
40083b44: b81fc3a8     	stur	w8, [x29, #-0x4]
40083b48: 14000056     	b	0x40083ca0 <file_connect+0x1c0>
40083b4c: b85f03a0     	ldur	w0, [x29, #-0x10]
40083b50: 94000d58     	bl	0x400870b0 <net_socket_create>
40083b54: f90007e0     	str	x0, [sp, #0x8]
40083b58: f94007e8     	ldr	x8, [sp, #0x8]
40083b5c: b5000148     	cbnz	x8, 0x40083b84 <file_connect+0xa4>
40083b60: 14000001     	b	0x40083b64 <file_connect+0x84>
40083b64: f9400be9     	ldr	x9, [sp, #0x10]
40083b68: 2a1f03e8     	mov	w8, wzr
40083b6c: b9000128     	str	w8, [x9]
40083b70: f9400be9     	ldr	x9, [sp, #0x10]
40083b74: b9000528     	str	w8, [x9, #0x4]
40083b78: 12800008     	mov	w8, #-0x1               // =-1
40083b7c: b81fc3a8     	stur	w8, [x29, #-0x4]
40083b80: 14000048     	b	0x40083ca0 <file_connect+0x1c0>
40083b84: f94007e0     	ldr	x0, [sp, #0x8]
40083b88: b85f83a1     	ldur	w1, [x29, #-0x8]
40083b8c: 785f63a2     	ldurh	w2, [x29, #-0xa]
40083b90: 94000db4     	bl	0x40087260 <net_socket_connect>
40083b94: 34000180     	cbz	w0, 0x40083bc4 <file_connect+0xe4>
40083b98: 14000001     	b	0x40083b9c <file_connect+0xbc>
40083b9c: f94007e0     	ldr	x0, [sp, #0x8]
40083ba0: 94001148     	bl	0x400880c0 <net_socket_close>
40083ba4: f9400be9     	ldr	x9, [sp, #0x10]
40083ba8: 2a1f03e8     	mov	w8, wzr
40083bac: b9000128     	str	w8, [x9]
40083bb0: f9400be9     	ldr	x9, [sp, #0x10]
40083bb4: b9000528     	str	w8, [x9, #0x4]
40083bb8: 12800008     	mov	w8, #-0x1               // =-1
40083bbc: b81fc3a8     	stur	w8, [x29, #-0x4]
40083bc0: 14000038     	b	0x40083ca0 <file_connect+0x1c0>
40083bc4: f9400be9     	ldr	x9, [sp, #0x10]
40083bc8: 52800068     	mov	w8, #0x3                // =3
40083bcc: b9000128     	str	w8, [x9]
40083bd0: f94007e8     	ldr	x8, [sp, #0x8]
40083bd4: f9400be9     	ldr	x9, [sp, #0x10]
40083bd8: f9000928     	str	x8, [x9, #0x10]
40083bdc: 12800008     	mov	w8, #-0x1               // =-1
40083be0: b90007e8     	str	w8, [sp, #0x4]
40083be4: 2a1f03e8     	mov	w8, wzr
40083be8: b90003e8     	str	w8, [sp]
40083bec: 14000001     	b	0x40083bf0 <file_connect+0x110>
40083bf0: b94003e8     	ldr	w8, [sp]
40083bf4: 71007d08     	subs	w8, w8, #0x1f
40083bf8: 5400036c     	b.gt	0x40083c64 <file_connect+0x184>
40083bfc: 14000001     	b	0x40083c00 <file_connect+0x120>
40083c00: f9400fe8     	ldr	x8, [sp, #0x18]
40083c04: b98003e9     	ldrsw	x9, [sp]
40083c08: 8b090908     	add	x8, x8, x9, lsl #2
40083c0c: b9415108     	ldr	w8, [x8, #0x150]
40083c10: 31000508     	adds	w8, w8, #0x1
40083c14: 540001e1     	b.ne	0x40083c50 <file_connect+0x170>
40083c18: 14000001     	b	0x40083c1c <file_connect+0x13c>
40083c1c: f9400be0     	ldr	x0, [sp, #0x10]
40083c20: 97ffff9c     	bl	0x40083a90 <get_global_fd>
40083c24: f9400fe8     	ldr	x8, [sp, #0x18]
40083c28: b98003e9     	ldrsw	x9, [sp]
40083c2c: 8b090908     	add	x8, x8, x9, lsl #2
40083c30: b9015100     	str	w0, [x8, #0x150]
40083c34: f9400fe9     	ldr	x9, [sp, #0x18]
40083c38: b941d128     	ldr	w8, [x9, #0x1d0]
40083c3c: 11000508     	add	w8, w8, #0x1
40083c40: b901d128     	str	w8, [x9, #0x1d0]
40083c44: b94003e8     	ldr	w8, [sp]
40083c48: b90007e8     	str	w8, [sp, #0x4]
40083c4c: 14000006     	b	0x40083c64 <file_connect+0x184>
40083c50: 14000001     	b	0x40083c54 <file_connect+0x174>
40083c54: b94003e8     	ldr	w8, [sp]
40083c58: 11000508     	add	w8, w8, #0x1
40083c5c: b90003e8     	str	w8, [sp]
40083c60: 17ffffe4     	b	0x40083bf0 <file_connect+0x110>
40083c64: b94007e8     	ldr	w8, [sp, #0x4]
40083c68: 31000508     	adds	w8, w8, #0x1
40083c6c: 54000141     	b.ne	0x40083c94 <file_connect+0x1b4>
40083c70: 14000001     	b	0x40083c74 <file_connect+0x194>
40083c74: f94007e0     	ldr	x0, [sp, #0x8]
40083c78: 94001112     	bl	0x400880c0 <net_socket_close>
40083c7c: f9400be9     	ldr	x9, [sp, #0x10]
40083c80: 2a1f03e8     	mov	w8, wzr
40083c84: b9000128     	str	w8, [x9]
40083c88: f9400be9     	ldr	x9, [sp, #0x10]
40083c8c: b9000528     	str	w8, [x9, #0x4]
40083c90: 14000001     	b	0x40083c94 <file_connect+0x1b4>
40083c94: b94007e8     	ldr	w8, [sp, #0x4]
40083c98: b81fc3a8     	stur	w8, [x29, #-0x4]
40083c9c: 14000001     	b	0x40083ca0 <file_connect+0x1c0>
40083ca0: b85fc3a0     	ldur	w0, [x29, #-0x4]
40083ca4: a9437bfd     	ldp	x29, x30, [sp, #0x30]
40083ca8: 910103ff     	add	sp, sp, #0x40
40083cac: d65f03c0     	ret

0000000040083cb0 <file_close>:
40083cb0: d10103ff     	sub	sp, sp, #0x40
40083cb4: a9037bfd     	stp	x29, x30, [sp, #0x30]
40083cb8: 9100c3fd     	add	x29, sp, #0x30
40083cbc: b81f83a0     	stur	w0, [x29, #-0x8]
40083cc0: 94001960     	bl	0x4008a240 <current_process>
40083cc4: f81f03a0     	stur	x0, [x29, #-0x10]
40083cc8: f85f03a8     	ldur	x8, [x29, #-0x10]
40083ccc: b4000128     	cbz	x8, 0x40083cf0 <file_close+0x40>
40083cd0: 14000001     	b	0x40083cd4 <file_close+0x24>
40083cd4: b85f83a8     	ldur	w8, [x29, #-0x8]
40083cd8: 37f800c8     	tbnz	w8, #0x1f, 0x40083cf0 <file_close+0x40>
40083cdc: 14000001     	b	0x40083ce0 <file_close+0x30>
40083ce0: b85f83a8     	ldur	w8, [x29, #-0x8]
40083ce4: 71008108     	subs	w8, w8, #0x20
40083ce8: 540000ab     	b.lt	0x40083cfc <file_close+0x4c>
40083cec: 14000001     	b	0x40083cf0 <file_close+0x40>
40083cf0: 12800008     	mov	w8, #-0x1               // =-1
40083cf4: b81fc3a8     	stur	w8, [x29, #-0x4]
40083cf8: 14000052     	b	0x40083e40 <file_close+0x190>
40083cfc: f85f03a8     	ldur	x8, [x29, #-0x10]
40083d00: b89f83a9     	ldursw	x9, [x29, #-0x8]
40083d04: 8b090908     	add	x8, x8, x9, lsl #2
40083d08: b9415108     	ldr	w8, [x8, #0x150]
40083d0c: b81ec3a8     	stur	w8, [x29, #-0x14]
40083d10: b85ec3a8     	ldur	w8, [x29, #-0x14]
40083d14: 37f800c8     	tbnz	w8, #0x1f, 0x40083d2c <file_close+0x7c>
40083d18: 14000001     	b	0x40083d1c <file_close+0x6c>
40083d1c: b85ec3a8     	ldur	w8, [x29, #-0x14]
40083d20: 71020108     	subs	w8, w8, #0x80
40083d24: 540000ab     	b.lt	0x40083d38 <file_close+0x88>
40083d28: 14000001     	b	0x40083d2c <file_close+0x7c>
40083d2c: 12800008     	mov	w8, #-0x1               // =-1
40083d30: b81fc3a8     	stur	w8, [x29, #-0x4]
40083d34: 14000043     	b	0x40083e40 <file_close+0x190>
40083d38: b89ec3a9     	ldursw	x9, [x29, #-0x14]
40083d3c: b0000be8     	adrp	x8, 0x40200000 <server_ip>
40083d40: 91012108     	add	x8, x8, #0x48
40083d44: 8b091908     	add	x8, x8, x9, lsl #6
40083d48: f9000be8     	str	x8, [sp, #0x10]
40083d4c: f9400be8     	ldr	x8, [sp, #0x10]
40083d50: 91002100     	add	x0, x8, #0x8
40083d54: 9400046f     	bl	0x40084f10 <spinlock_acquire_irqsave>
40083d58: f90007e0     	str	x0, [sp, #0x8]
40083d5c: f9400be9     	ldr	x9, [sp, #0x10]
40083d60: b9400528     	ldr	w8, [x9, #0x4]
40083d64: 71000508     	subs	w8, w8, #0x1
40083d68: b9000528     	str	w8, [x9, #0x4]
40083d6c: f9400be8     	ldr	x8, [sp, #0x10]
40083d70: b9400508     	ldr	w8, [x8, #0x4]
40083d74: 35000468     	cbnz	w8, 0x40083e00 <file_close+0x150>
40083d78: 14000001     	b	0x40083d7c <file_close+0xcc>
40083d7c: f9400be8     	ldr	x8, [sp, #0x10]
40083d80: b9400108     	ldr	w8, [x8]
40083d84: 71000508     	subs	w8, w8, #0x1
40083d88: 540000a1     	b.ne	0x40083d9c <file_close+0xec>
40083d8c: 14000001     	b	0x40083d90 <file_close+0xe0>
40083d90: f9400be0     	ldr	x0, [sp, #0x10]
40083d94: 97fffabb     	bl	0x40082880 <fat16_close>
40083d98: 14000016     	b	0x40083df0 <file_close+0x140>
40083d9c: f9400be8     	ldr	x8, [sp, #0x10]
40083da0: b9400108     	ldr	w8, [x8]
40083da4: 71000908     	subs	w8, w8, #0x2
40083da8: 540000e1     	b.ne	0x40083dc4 <file_close+0x114>
40083dac: 14000001     	b	0x40083db0 <file_close+0x100>
40083db0: f9400be8     	ldr	x8, [sp, #0x10]
40083db4: f9400900     	ldr	x0, [x8, #0x10]
40083db8: b9401901     	ldr	w1, [x8, #0x18]
40083dbc: 940012f1     	bl	0x40088980 <pipe_close>
40083dc0: 1400000b     	b	0x40083dec <file_close+0x13c>
40083dc4: f9400be8     	ldr	x8, [sp, #0x10]
40083dc8: b9400108     	ldr	w8, [x8]
40083dcc: 71000d08     	subs	w8, w8, #0x3
40083dd0: 540000c1     	b.ne	0x40083de8 <file_close+0x138>
40083dd4: 14000001     	b	0x40083dd8 <file_close+0x128>
40083dd8: f9400be8     	ldr	x8, [sp, #0x10]
40083ddc: f9400900     	ldr	x0, [x8, #0x10]
40083de0: 940010b8     	bl	0x400880c0 <net_socket_close>
40083de4: 14000001     	b	0x40083de8 <file_close+0x138>
40083de8: 14000001     	b	0x40083dec <file_close+0x13c>
40083dec: 14000001     	b	0x40083df0 <file_close+0x140>
40083df0: f9400be9     	ldr	x9, [sp, #0x10]
40083df4: 2a1f03e8     	mov	w8, wzr
40083df8: b9000128     	str	w8, [x9]
40083dfc: 14000001     	b	0x40083e00 <file_close+0x150>
40083e00: f9400be8     	ldr	x8, [sp, #0x10]
40083e04: 91002100     	add	x0, x8, #0x8
40083e08: f94007e1     	ldr	x1, [sp, #0x8]
40083e0c: 94000451     	bl	0x40084f50 <spinlock_release_irqrestore>
40083e10: f85f03a8     	ldur	x8, [x29, #-0x10]
40083e14: b89f83a9     	ldursw	x9, [x29, #-0x8]
40083e18: 8b090909     	add	x9, x8, x9, lsl #2
40083e1c: 12800008     	mov	w8, #-0x1               // =-1
40083e20: b9015128     	str	w8, [x9, #0x150]
40083e24: f85f03a9     	ldur	x9, [x29, #-0x10]
40083e28: b941d128     	ldr	w8, [x9, #0x1d0]
40083e2c: 71000508     	subs	w8, w8, #0x1
40083e30: b901d128     	str	w8, [x9, #0x1d0]
40083e34: 2a1f03e8     	mov	w8, wzr
40083e38: b81fc3a8     	stur	w8, [x29, #-0x4]
40083e3c: 14000001     	b	0x40083e40 <file_close+0x190>
40083e40: b85fc3a0     	ldur	w0, [x29, #-0x4]
40083e44: a9437bfd     	ldp	x29, x30, [sp, #0x30]
40083e48: 910103ff     	add	sp, sp, #0x40
40083e4c: d65f03c0     	ret

0000000040083e50 <fs_close_global>:
40083e50: d100c3ff     	sub	sp, sp, #0x30
40083e54: a9027bfd     	stp	x29, x30, [sp, #0x20]
40083e58: 910083fd     	add	x29, sp, #0x20
40083e5c: b81fc3a0     	stur	w0, [x29, #-0x4]
40083e60: b85fc3a8     	ldur	w8, [x29, #-0x4]
40083e64: 37f800c8     	tbnz	w8, #0x1f, 0x40083e7c <fs_close_global+0x2c>
40083e68: 14000001     	b	0x40083e6c <fs_close_global+0x1c>
40083e6c: b85fc3a8     	ldur	w8, [x29, #-0x4]
40083e70: 71020108     	subs	w8, w8, #0x80
40083e74: 5400006b     	b.lt	0x40083e80 <fs_close_global+0x30>
40083e78: 14000001     	b	0x40083e7c <fs_close_global+0x2c>
40083e7c: 14000041     	b	0x40083f80 <fs_close_global+0x130>
40083e80: b89fc3a9     	ldursw	x9, [x29, #-0x4]
40083e84: b0000be8     	adrp	x8, 0x40200000 <server_ip>
40083e88: 91012108     	add	x8, x8, #0x48
40083e8c: 8b091908     	add	x8, x8, x9, lsl #6
40083e90: f9000be8     	str	x8, [sp, #0x10]
40083e94: f9400be8     	ldr	x8, [sp, #0x10]
40083e98: 91002100     	add	x0, x8, #0x8
40083e9c: 9400041d     	bl	0x40084f10 <spinlock_acquire_irqsave>
40083ea0: f90007e0     	str	x0, [sp, #0x8]
40083ea4: f9400be8     	ldr	x8, [sp, #0x10]
40083ea8: b9400108     	ldr	w8, [x8]
40083eac: 350000e8     	cbnz	w8, 0x40083ec8 <fs_close_global+0x78>
40083eb0: 14000001     	b	0x40083eb4 <fs_close_global+0x64>
40083eb4: f9400be8     	ldr	x8, [sp, #0x10]
40083eb8: 91002100     	add	x0, x8, #0x8
40083ebc: f94007e1     	ldr	x1, [sp, #0x8]
40083ec0: 94000424     	bl	0x40084f50 <spinlock_release_irqrestore>
40083ec4: 1400002f     	b	0x40083f80 <fs_close_global+0x130>
40083ec8: f9400be9     	ldr	x9, [sp, #0x10]
40083ecc: b9400528     	ldr	w8, [x9, #0x4]
40083ed0: 71000508     	subs	w8, w8, #0x1
40083ed4: b9000528     	str	w8, [x9, #0x4]
40083ed8: f9400be8     	ldr	x8, [sp, #0x10]
40083edc: b9400508     	ldr	w8, [x8, #0x4]
40083ee0: 35000468     	cbnz	w8, 0x40083f6c <fs_close_global+0x11c>
40083ee4: 14000001     	b	0x40083ee8 <fs_close_global+0x98>
40083ee8: f9400be8     	ldr	x8, [sp, #0x10]
40083eec: b9400108     	ldr	w8, [x8]
40083ef0: 71000508     	subs	w8, w8, #0x1
40083ef4: 540000a1     	b.ne	0x40083f08 <fs_close_global+0xb8>
40083ef8: 14000001     	b	0x40083efc <fs_close_global+0xac>
40083efc: f9400be0     	ldr	x0, [sp, #0x10]
40083f00: 97fffa60     	bl	0x40082880 <fat16_close>
40083f04: 14000016     	b	0x40083f5c <fs_close_global+0x10c>
40083f08: f9400be8     	ldr	x8, [sp, #0x10]
40083f0c: b9400108     	ldr	w8, [x8]
40083f10: 71000908     	subs	w8, w8, #0x2
40083f14: 540000e1     	b.ne	0x40083f30 <fs_close_global+0xe0>
40083f18: 14000001     	b	0x40083f1c <fs_close_global+0xcc>
40083f1c: f9400be8     	ldr	x8, [sp, #0x10]
40083f20: f9400900     	ldr	x0, [x8, #0x10]
40083f24: b9401901     	ldr	w1, [x8, #0x18]
40083f28: 94001296     	bl	0x40088980 <pipe_close>
40083f2c: 1400000b     	b	0x40083f58 <fs_close_global+0x108>
40083f30: f9400be8     	ldr	x8, [sp, #0x10]
40083f34: b9400108     	ldr	w8, [x8]
40083f38: 71000d08     	subs	w8, w8, #0x3
40083f3c: 540000c1     	b.ne	0x40083f54 <fs_close_global+0x104>
40083f40: 14000001     	b	0x40083f44 <fs_close_global+0xf4>
40083f44: f9400be8     	ldr	x8, [sp, #0x10]
40083f48: f9400900     	ldr	x0, [x8, #0x10]
40083f4c: 9400105d     	bl	0x400880c0 <net_socket_close>
40083f50: 14000001     	b	0x40083f54 <fs_close_global+0x104>
40083f54: 14000001     	b	0x40083f58 <fs_close_global+0x108>
40083f58: 14000001     	b	0x40083f5c <fs_close_global+0x10c>
40083f5c: f9400be9     	ldr	x9, [sp, #0x10]
40083f60: 2a1f03e8     	mov	w8, wzr
40083f64: b9000128     	str	w8, [x9]
40083f68: 14000001     	b	0x40083f6c <fs_close_global+0x11c>
40083f6c: f9400be8     	ldr	x8, [sp, #0x10]
40083f70: 91002100     	add	x0, x8, #0x8
40083f74: f94007e1     	ldr	x1, [sp, #0x8]
40083f78: 940003f6     	bl	0x40084f50 <spinlock_release_irqrestore>
40083f7c: 14000001     	b	0x40083f80 <fs_close_global+0x130>
40083f80: a9427bfd     	ldp	x29, x30, [sp, #0x20]
40083f84: 9100c3ff     	add	sp, sp, #0x30
40083f88: d65f03c0     	ret
40083f8c: d503201f     	nop

0000000040083f90 <file_read>:
40083f90: d10143ff     	sub	sp, sp, #0x50
40083f94: a9047bfd     	stp	x29, x30, [sp, #0x40]
40083f98: 910103fd     	add	x29, sp, #0x40
40083f9c: b81f83a0     	stur	w0, [x29, #-0x8]
40083fa0: f81f03a1     	stur	x1, [x29, #-0x10]
40083fa4: b81ec3a2     	stur	w2, [x29, #-0x14]
40083fa8: f90013e3     	str	x3, [sp, #0x20]
40083fac: 940018a5     	bl	0x4008a240 <current_process>
40083fb0: f9000fe0     	str	x0, [sp, #0x18]
40083fb4: f9400fe8     	ldr	x8, [sp, #0x18]
40083fb8: b4000128     	cbz	x8, 0x40083fdc <file_read+0x4c>
40083fbc: 14000001     	b	0x40083fc0 <file_read+0x30>
40083fc0: b85f83a8     	ldur	w8, [x29, #-0x8]
40083fc4: 37f800c8     	tbnz	w8, #0x1f, 0x40083fdc <file_read+0x4c>
40083fc8: 14000001     	b	0x40083fcc <file_read+0x3c>
40083fcc: b85f83a8     	ldur	w8, [x29, #-0x8]
40083fd0: 71008108     	subs	w8, w8, #0x20
40083fd4: 540000ab     	b.lt	0x40083fe8 <file_read+0x58>
40083fd8: 14000001     	b	0x40083fdc <file_read+0x4c>
40083fdc: 12800008     	mov	w8, #-0x1               // =-1
40083fe0: b81fc3a8     	stur	w8, [x29, #-0x4]
40083fe4: 14000045     	b	0x400840f8 <file_read+0x168>
40083fe8: f9400fe8     	ldr	x8, [sp, #0x18]
40083fec: b89f83a9     	ldursw	x9, [x29, #-0x8]
40083ff0: 8b090908     	add	x8, x8, x9, lsl #2
40083ff4: b9415108     	ldr	w8, [x8, #0x150]
40083ff8: b90017e8     	str	w8, [sp, #0x14]
40083ffc: b94017e8     	ldr	w8, [sp, #0x14]
40084000: 37f800c8     	tbnz	w8, #0x1f, 0x40084018 <file_read+0x88>
40084004: 14000001     	b	0x40084008 <file_read+0x78>
40084008: b94017e8     	ldr	w8, [sp, #0x14]
4008400c: 71020108     	subs	w8, w8, #0x80
40084010: 540000ab     	b.lt	0x40084024 <file_read+0x94>
40084014: 14000001     	b	0x40084018 <file_read+0x88>
40084018: 12800008     	mov	w8, #-0x1               // =-1
4008401c: b81fc3a8     	stur	w8, [x29, #-0x4]
40084020: 14000036     	b	0x400840f8 <file_read+0x168>
40084024: b98017e9     	ldrsw	x9, [sp, #0x14]
40084028: 90000be8     	adrp	x8, 0x40200000 <server_ip>
4008402c: 91012108     	add	x8, x8, #0x48
40084030: 8b091908     	add	x8, x8, x9, lsl #6
40084034: f90007e8     	str	x8, [sp, #0x8]
40084038: f94007e8     	ldr	x8, [sp, #0x8]
4008403c: b9400108     	ldr	w8, [x8]
40084040: 71000508     	subs	w8, w8, #0x1
40084044: 54000101     	b.ne	0x40084064 <file_read+0xd4>
40084048: 14000001     	b	0x4008404c <file_read+0xbc>
4008404c: f94007e0     	ldr	x0, [sp, #0x8]
40084050: f85f03a1     	ldur	x1, [x29, #-0x10]
40084054: b85ec3a2     	ldur	w2, [x29, #-0x14]
40084058: 97fffa5e     	bl	0x400829d0 <fat16_read>
4008405c: b81fc3a0     	stur	w0, [x29, #-0x4]
40084060: 14000026     	b	0x400840f8 <file_read+0x168>
40084064: f94007e8     	ldr	x8, [sp, #0x8]
40084068: b9400108     	ldr	w8, [x8]
4008406c: 71000908     	subs	w8, w8, #0x2
40084070: 54000221     	b.ne	0x400840b4 <file_read+0x124>
40084074: 14000001     	b	0x40084078 <file_read+0xe8>
40084078: f94007e8     	ldr	x8, [sp, #0x8]
4008407c: b9401908     	ldr	w8, [x8, #0x18]
40084080: 340000a8     	cbz	w8, 0x40084094 <file_read+0x104>
40084084: 14000001     	b	0x40084088 <file_read+0xf8>
40084088: 12800008     	mov	w8, #-0x1               // =-1
4008408c: b81fc3a8     	stur	w8, [x29, #-0x4]
40084090: 1400001a     	b	0x400840f8 <file_read+0x168>
40084094: f94007e8     	ldr	x8, [sp, #0x8]
40084098: f9400900     	ldr	x0, [x8, #0x10]
4008409c: f85f03a1     	ldur	x1, [x29, #-0x10]
400840a0: b85ec3a2     	ldur	w2, [x29, #-0x14]
400840a4: f94013e3     	ldr	x3, [sp, #0x20]
400840a8: 94001296     	bl	0x40088b00 <pipe_read>
400840ac: b81fc3a0     	stur	w0, [x29, #-0x4]
400840b0: 14000012     	b	0x400840f8 <file_read+0x168>
400840b4: f94007e8     	ldr	x8, [sp, #0x8]
400840b8: b9400108     	ldr	w8, [x8]
400840bc: 71000d08     	subs	w8, w8, #0x3
400840c0: 54000121     	b.ne	0x400840e4 <file_read+0x154>
400840c4: 14000001     	b	0x400840c8 <file_read+0x138>
400840c8: f94007e8     	ldr	x8, [sp, #0x8]
400840cc: f9400900     	ldr	x0, [x8, #0x10]
400840d0: f85f03a1     	ldur	x1, [x29, #-0x10]
400840d4: b85ec3a2     	ldur	w2, [x29, #-0x14]
400840d8: 94000f82     	bl	0x40087ee0 <net_socket_recv>
400840dc: b81fc3a0     	stur	w0, [x29, #-0x4]
400840e0: 14000006     	b	0x400840f8 <file_read+0x168>
400840e4: 14000001     	b	0x400840e8 <file_read+0x158>
400840e8: 14000001     	b	0x400840ec <file_read+0x15c>
400840ec: 12800008     	mov	w8, #-0x1               // =-1
400840f0: b81fc3a8     	stur	w8, [x29, #-0x4]
400840f4: 14000001     	b	0x400840f8 <file_read+0x168>
400840f8: b85fc3a0     	ldur	w0, [x29, #-0x4]
400840fc: a9447bfd     	ldp	x29, x30, [sp, #0x40]
40084100: 910143ff     	add	sp, sp, #0x50
40084104: d65f03c0     	ret
40084108: d503201f     	nop
4008410c: d503201f     	nop

0000000040084110 <file_available>:
40084110: d10103ff     	sub	sp, sp, #0x40
40084114: a9037bfd     	stp	x29, x30, [sp, #0x30]
40084118: 9100c3fd     	add	x29, sp, #0x30
4008411c: b81f83a0     	stur	w0, [x29, #-0x8]
40084120: 94001848     	bl	0x4008a240 <current_process>
40084124: f81f03a0     	stur	x0, [x29, #-0x10]
40084128: f85f03a8     	ldur	x8, [x29, #-0x10]
4008412c: b4000128     	cbz	x8, 0x40084150 <file_available+0x40>
40084130: 14000001     	b	0x40084134 <file_available+0x24>
40084134: b85f83a8     	ldur	w8, [x29, #-0x8]
40084138: 37f800c8     	tbnz	w8, #0x1f, 0x40084150 <file_available+0x40>
4008413c: 14000001     	b	0x40084140 <file_available+0x30>
40084140: b85f83a8     	ldur	w8, [x29, #-0x8]
40084144: 71008108     	subs	w8, w8, #0x20
40084148: 540000ab     	b.lt	0x4008415c <file_available+0x4c>
4008414c: 14000001     	b	0x40084150 <file_available+0x40>
40084150: 12800008     	mov	w8, #-0x1               // =-1
40084154: b81fc3a8     	stur	w8, [x29, #-0x4]
40084158: 14000044     	b	0x40084268 <file_available+0x158>
4008415c: f85f03a8     	ldur	x8, [x29, #-0x10]
40084160: b89f83a9     	ldursw	x9, [x29, #-0x8]
40084164: 8b090908     	add	x8, x8, x9, lsl #2
40084168: b9415108     	ldr	w8, [x8, #0x150]
4008416c: b81ec3a8     	stur	w8, [x29, #-0x14]
40084170: b85ec3a8     	ldur	w8, [x29, #-0x14]
40084174: 37f800c8     	tbnz	w8, #0x1f, 0x4008418c <file_available+0x7c>
40084178: 14000001     	b	0x4008417c <file_available+0x6c>
4008417c: b85ec3a8     	ldur	w8, [x29, #-0x14]
40084180: 71020108     	subs	w8, w8, #0x80
40084184: 540000ab     	b.lt	0x40084198 <file_available+0x88>
40084188: 14000001     	b	0x4008418c <file_available+0x7c>
4008418c: 12800008     	mov	w8, #-0x1               // =-1
40084190: b81fc3a8     	stur	w8, [x29, #-0x4]
40084194: 14000035     	b	0x40084268 <file_available+0x158>
40084198: b89ec3a9     	ldursw	x9, [x29, #-0x14]
4008419c: 90000be8     	adrp	x8, 0x40200000 <server_ip>
400841a0: 91012108     	add	x8, x8, #0x48
400841a4: 8b091908     	add	x8, x8, x9, lsl #6
400841a8: f9000be8     	str	x8, [sp, #0x10]
400841ac: f9400be8     	ldr	x8, [sp, #0x10]
400841b0: b9400108     	ldr	w8, [x8]
400841b4: 71000508     	subs	w8, w8, #0x1
400841b8: 54000101     	b.ne	0x400841d8 <file_available+0xc8>
400841bc: 14000001     	b	0x400841c0 <file_available+0xb0>
400841c0: f9400be9     	ldr	x9, [sp, #0x10]
400841c4: b9402d28     	ldr	w8, [x9, #0x2c]
400841c8: b9403929     	ldr	w9, [x9, #0x38]
400841cc: 6b090108     	subs	w8, w8, w9
400841d0: b81fc3a8     	stur	w8, [x29, #-0x4]
400841d4: 14000025     	b	0x40084268 <file_available+0x158>
400841d8: f9400be8     	ldr	x8, [sp, #0x10]
400841dc: b9400108     	ldr	w8, [x8]
400841e0: 71000908     	subs	w8, w8, #0x2
400841e4: 540001c1     	b.ne	0x4008421c <file_available+0x10c>
400841e8: 14000001     	b	0x400841ec <file_available+0xdc>
400841ec: f9400be8     	ldr	x8, [sp, #0x10]
400841f0: b9401908     	ldr	w8, [x8, #0x18]
400841f4: 340000a8     	cbz	w8, 0x40084208 <file_available+0xf8>
400841f8: 14000001     	b	0x400841fc <file_available+0xec>
400841fc: 12800008     	mov	w8, #-0x1               // =-1
40084200: b81fc3a8     	stur	w8, [x29, #-0x4]
40084204: 14000019     	b	0x40084268 <file_available+0x158>
40084208: f9400be8     	ldr	x8, [sp, #0x10]
4008420c: f9400900     	ldr	x0, [x8, #0x10]
40084210: 94001384     	bl	0x40089020 <pipe_available>
40084214: b81fc3a0     	stur	w0, [x29, #-0x4]
40084218: 14000014     	b	0x40084268 <file_available+0x158>
4008421c: f9400be8     	ldr	x8, [sp, #0x10]
40084220: b9400108     	ldr	w8, [x8]
40084224: 71000d08     	subs	w8, w8, #0x3
40084228: 54000161     	b.ne	0x40084254 <file_available+0x144>
4008422c: 14000001     	b	0x40084230 <file_available+0x120>
40084230: f9400be8     	ldr	x8, [sp, #0x10]
40084234: f9400909     	ldr	x9, [x8, #0x10]
40084238: b9482928     	ldr	w8, [x9, #0x828]
4008423c: b9482529     	ldr	w9, [x9, #0x824]
40084240: 6b090108     	subs	w8, w8, w9
40084244: b9000fe8     	str	w8, [sp, #0xc]
40084248: b9400fe8     	ldr	w8, [sp, #0xc]
4008424c: b81fc3a8     	stur	w8, [x29, #-0x4]
40084250: 14000006     	b	0x40084268 <file_available+0x158>
40084254: 14000001     	b	0x40084258 <file_available+0x148>
40084258: 14000001     	b	0x4008425c <file_available+0x14c>
4008425c: 12800008     	mov	w8, #-0x1               // =-1
40084260: b81fc3a8     	stur	w8, [x29, #-0x4]
40084264: 14000001     	b	0x40084268 <file_available+0x158>
40084268: b85fc3a0     	ldur	w0, [x29, #-0x4]
4008426c: a9437bfd     	ldp	x29, x30, [sp, #0x30]
40084270: 910103ff     	add	sp, sp, #0x40
40084274: d65f03c0     	ret
40084278: d503201f     	nop
4008427c: d503201f     	nop

0000000040084280 <file_write>:
40084280: d10143ff     	sub	sp, sp, #0x50
40084284: a9047bfd     	stp	x29, x30, [sp, #0x40]
40084288: 910103fd     	add	x29, sp, #0x40
4008428c: b81f83a0     	stur	w0, [x29, #-0x8]
40084290: f81f03a1     	stur	x1, [x29, #-0x10]
40084294: b81ec3a2     	stur	w2, [x29, #-0x14]
40084298: f90013e3     	str	x3, [sp, #0x20]
4008429c: 940017e9     	bl	0x4008a240 <current_process>
400842a0: f9000fe0     	str	x0, [sp, #0x18]
400842a4: f9400fe8     	ldr	x8, [sp, #0x18]
400842a8: b4000128     	cbz	x8, 0x400842cc <file_write+0x4c>
400842ac: 14000001     	b	0x400842b0 <file_write+0x30>
400842b0: b85f83a8     	ldur	w8, [x29, #-0x8]
400842b4: 37f800c8     	tbnz	w8, #0x1f, 0x400842cc <file_write+0x4c>
400842b8: 14000001     	b	0x400842bc <file_write+0x3c>
400842bc: b85f83a8     	ldur	w8, [x29, #-0x8]
400842c0: 71008108     	subs	w8, w8, #0x20
400842c4: 540000ab     	b.lt	0x400842d8 <file_write+0x58>
400842c8: 14000001     	b	0x400842cc <file_write+0x4c>
400842cc: 12800008     	mov	w8, #-0x1               // =-1
400842d0: b81fc3a8     	stur	w8, [x29, #-0x4]
400842d4: 1400004f     	b	0x40084410 <file_write+0x190>
400842d8: f9400fe8     	ldr	x8, [sp, #0x18]
400842dc: b89f83a9     	ldursw	x9, [x29, #-0x8]
400842e0: 8b090908     	add	x8, x8, x9, lsl #2
400842e4: b9415108     	ldr	w8, [x8, #0x150]
400842e8: b90017e8     	str	w8, [sp, #0x14]
400842ec: b94017e8     	ldr	w8, [sp, #0x14]
400842f0: 37f800c8     	tbnz	w8, #0x1f, 0x40084308 <file_write+0x88>
400842f4: 14000001     	b	0x400842f8 <file_write+0x78>
400842f8: b94017e8     	ldr	w8, [sp, #0x14]
400842fc: 71020108     	subs	w8, w8, #0x80
40084300: 540000ab     	b.lt	0x40084314 <file_write+0x94>
40084304: 14000001     	b	0x40084308 <file_write+0x88>
40084308: 12800008     	mov	w8, #-0x1               // =-1
4008430c: b81fc3a8     	stur	w8, [x29, #-0x4]
40084310: 14000040     	b	0x40084410 <file_write+0x190>
40084314: b98017e9     	ldrsw	x9, [sp, #0x14]
40084318: 90000be8     	adrp	x8, 0x40200000 <server_ip>
4008431c: 91012108     	add	x8, x8, #0x48
40084320: 8b091908     	add	x8, x8, x9, lsl #6
40084324: f90007e8     	str	x8, [sp, #0x8]
40084328: f94007e8     	ldr	x8, [sp, #0x8]
4008432c: b9400108     	ldr	w8, [x8]
40084330: 71000508     	subs	w8, w8, #0x1
40084334: 54000101     	b.ne	0x40084354 <file_write+0xd4>
40084338: 14000001     	b	0x4008433c <file_write+0xbc>
4008433c: f94007e0     	ldr	x0, [sp, #0x8]
40084340: f85f03a1     	ldur	x1, [x29, #-0x10]
40084344: b85ec3a2     	ldur	w2, [x29, #-0x14]
40084348: 97fffa76     	bl	0x40082d20 <fat16_write>
4008434c: b81fc3a0     	stur	w0, [x29, #-0x4]
40084350: 14000030     	b	0x40084410 <file_write+0x190>
40084354: f94007e8     	ldr	x8, [sp, #0x8]
40084358: b9400108     	ldr	w8, [x8]
4008435c: 71000908     	subs	w8, w8, #0x2
40084360: 54000361     	b.ne	0x400843cc <file_write+0x14c>
40084364: 14000001     	b	0x40084368 <file_write+0xe8>
40084368: f94007e8     	ldr	x8, [sp, #0x8]
4008436c: b9401908     	ldr	w8, [x8, #0x18]
40084370: 71000508     	subs	w8, w8, #0x1
40084374: 540001c0     	b.eq	0x400843ac <file_write+0x12c>
40084378: 14000001     	b	0x4008437c <file_write+0xfc>
4008437c: d503201f     	nop
40084380: 50072f60     	adr	x0, 0x4009296e <UART0_FR+0x1e46>
40084384: 940003e7     	bl	0x40085320 <uart_puts>
40084388: f94007e8     	ldr	x8, [sp, #0x8]
4008438c: b9401900     	ldr	w0, [x8, #0x18]
40084390: 94000400     	bl	0x40085390 <print_int>
40084394: b0000060     	adrp	x0, 0x40091000 <UART0_FR+0x4d8>
40084398: 913b0800     	add	x0, x0, #0xec2
4008439c: 940003e1     	bl	0x40085320 <uart_puts>
400843a0: 12800008     	mov	w8, #-0x1               // =-1
400843a4: b81fc3a8     	stur	w8, [x29, #-0x4]
400843a8: 1400001a     	b	0x40084410 <file_write+0x190>
400843ac: f94007e8     	ldr	x8, [sp, #0x8]
400843b0: f9400900     	ldr	x0, [x8, #0x10]
400843b4: f85f03a1     	ldur	x1, [x29, #-0x10]
400843b8: b85ec3a2     	ldur	w2, [x29, #-0x14]
400843bc: f94013e3     	ldr	x3, [sp, #0x20]
400843c0: 9400127c     	bl	0x40088db0 <pipe_write>
400843c4: b81fc3a0     	stur	w0, [x29, #-0x4]
400843c8: 14000012     	b	0x40084410 <file_write+0x190>
400843cc: f94007e8     	ldr	x8, [sp, #0x8]
400843d0: b9400108     	ldr	w8, [x8]
400843d4: 71000d08     	subs	w8, w8, #0x3
400843d8: 54000121     	b.ne	0x400843fc <file_write+0x17c>
400843dc: 14000001     	b	0x400843e0 <file_write+0x160>
400843e0: f94007e8     	ldr	x8, [sp, #0x8]
400843e4: f9400900     	ldr	x0, [x8, #0x10]
400843e8: f85f03a1     	ldur	x1, [x29, #-0x10]
400843ec: b85ec3a2     	ldur	w2, [x29, #-0x14]
400843f0: 94000d28     	bl	0x40087890 <net_socket_send>
400843f4: b81fc3a0     	stur	w0, [x29, #-0x4]
400843f8: 14000006     	b	0x40084410 <file_write+0x190>
400843fc: 14000001     	b	0x40084400 <file_write+0x180>
40084400: 14000001     	b	0x40084404 <file_write+0x184>
40084404: 12800008     	mov	w8, #-0x1               // =-1
40084408: b81fc3a8     	stur	w8, [x29, #-0x4]
4008440c: 14000001     	b	0x40084410 <file_write+0x190>
40084410: b85fc3a0     	ldur	w0, [x29, #-0x4]
40084414: a9447bfd     	ldp	x29, x30, [sp, #0x40]
40084418: 910143ff     	add	sp, sp, #0x50
4008441c: d65f03c0     	ret

0000000040084420 <file_pipe>:
40084420: d10143ff     	sub	sp, sp, #0x50
40084424: a9047bfd     	stp	x29, x30, [sp, #0x40]
40084428: 910103fd     	add	x29, sp, #0x40
4008442c: f81f03a0     	stur	x0, [x29, #-0x10]
40084430: 94001784     	bl	0x4008a240 <current_process>
40084434: f81e83a0     	stur	x0, [x29, #-0x18]
40084438: f85e83a8     	ldur	x8, [x29, #-0x18]
4008443c: b4000108     	cbz	x8, 0x4008445c <file_pipe+0x3c>
40084440: 14000001     	b	0x40084444 <file_pipe+0x24>
40084444: f85e83a8     	ldur	x8, [x29, #-0x18]
40084448: b941d108     	ldr	w8, [x8, #0x1d0]
4008444c: 11000908     	add	w8, w8, #0x2
40084450: 71008508     	subs	w8, w8, #0x21
40084454: 540000ab     	b.lt	0x40084468 <file_pipe+0x48>
40084458: 14000001     	b	0x4008445c <file_pipe+0x3c>
4008445c: 12800008     	mov	w8, #-0x1               // =-1
40084460: b81fc3a8     	stur	w8, [x29, #-0x4]
40084464: 14000073     	b	0x40084630 <file_pipe+0x210>
40084468: 97fffd52     	bl	0x400839b0 <file_alloc>
4008446c: f90013e0     	str	x0, [sp, #0x20]
40084470: 97fffd50     	bl	0x400839b0 <file_alloc>
40084474: f9000fe0     	str	x0, [sp, #0x18]
40084478: f94013e8     	ldr	x8, [sp, #0x20]
4008447c: b40000a8     	cbz	x8, 0x40084490 <file_pipe+0x70>
40084480: 14000001     	b	0x40084484 <file_pipe+0x64>
40084484: f9400fe8     	ldr	x8, [sp, #0x18]
40084488: b5000268     	cbnz	x8, 0x400844d4 <file_pipe+0xb4>
4008448c: 14000001     	b	0x40084490 <file_pipe+0x70>
40084490: f94013e8     	ldr	x8, [sp, #0x20]
40084494: b40000c8     	cbz	x8, 0x400844ac <file_pipe+0x8c>
40084498: 14000001     	b	0x4008449c <file_pipe+0x7c>
4008449c: f94013e9     	ldr	x9, [sp, #0x20]
400844a0: 2a1f03e8     	mov	w8, wzr
400844a4: b9000128     	str	w8, [x9]
400844a8: 14000001     	b	0x400844ac <file_pipe+0x8c>
400844ac: f9400fe8     	ldr	x8, [sp, #0x18]
400844b0: b40000c8     	cbz	x8, 0x400844c8 <file_pipe+0xa8>
400844b4: 14000001     	b	0x400844b8 <file_pipe+0x98>
400844b8: f9400fe9     	ldr	x9, [sp, #0x18]
400844bc: 2a1f03e8     	mov	w8, wzr
400844c0: b9000128     	str	w8, [x9]
400844c4: 14000001     	b	0x400844c8 <file_pipe+0xa8>
400844c8: 12800008     	mov	w8, #-0x1               // =-1
400844cc: b81fc3a8     	stur	w8, [x29, #-0x4]
400844d0: 14000058     	b	0x40084630 <file_pipe+0x210>
400844d4: 910083e0     	add	x0, sp, #0x20
400844d8: 910063e1     	add	x1, sp, #0x18
400844dc: 94001095     	bl	0x40088730 <pipe_alloc>
400844e0: 34000140     	cbz	w0, 0x40084508 <file_pipe+0xe8>
400844e4: 14000001     	b	0x400844e8 <file_pipe+0xc8>
400844e8: f94013e9     	ldr	x9, [sp, #0x20]
400844ec: 2a1f03e8     	mov	w8, wzr
400844f0: b9000128     	str	w8, [x9]
400844f4: f9400fe9     	ldr	x9, [sp, #0x18]
400844f8: b9000128     	str	w8, [x9]
400844fc: 12800008     	mov	w8, #-0x1               // =-1
40084500: b81fc3a8     	stur	w8, [x29, #-0x4]
40084504: 1400004b     	b	0x40084630 <file_pipe+0x210>
40084508: 12800008     	mov	w8, #-0x1               // =-1
4008450c: b90017e8     	str	w8, [sp, #0x14]
40084510: b90013e8     	str	w8, [sp, #0x10]
40084514: 2a1f03e8     	mov	w8, wzr
40084518: b9000fe8     	str	w8, [sp, #0xc]
4008451c: 14000001     	b	0x40084520 <file_pipe+0x100>
40084520: b9400fe8     	ldr	w8, [sp, #0xc]
40084524: 71007d08     	subs	w8, w8, #0x1f
40084528: 540003cc     	b.gt	0x400845a0 <file_pipe+0x180>
4008452c: 14000001     	b	0x40084530 <file_pipe+0x110>
40084530: f85e83a8     	ldur	x8, [x29, #-0x18]
40084534: b9800fe9     	ldrsw	x9, [sp, #0xc]
40084538: 8b090908     	add	x8, x8, x9, lsl #2
4008453c: b9415108     	ldr	w8, [x8, #0x150]
40084540: 31000508     	adds	w8, w8, #0x1
40084544: 54000241     	b.ne	0x4008458c <file_pipe+0x16c>
40084548: 14000001     	b	0x4008454c <file_pipe+0x12c>
4008454c: b94017e8     	ldr	w8, [sp, #0x14]
40084550: 31000508     	adds	w8, w8, #0x1
40084554: 540000a1     	b.ne	0x40084568 <file_pipe+0x148>
40084558: 14000001     	b	0x4008455c <file_pipe+0x13c>
4008455c: b9400fe8     	ldr	w8, [sp, #0xc]
40084560: b90017e8     	str	w8, [sp, #0x14]
40084564: 14000009     	b	0x40084588 <file_pipe+0x168>
40084568: b94013e8     	ldr	w8, [sp, #0x10]
4008456c: 31000508     	adds	w8, w8, #0x1
40084570: 540000a1     	b.ne	0x40084584 <file_pipe+0x164>
40084574: 14000001     	b	0x40084578 <file_pipe+0x158>
40084578: b9400fe8     	ldr	w8, [sp, #0xc]
4008457c: b90013e8     	str	w8, [sp, #0x10]
40084580: 14000008     	b	0x400845a0 <file_pipe+0x180>
40084584: 14000001     	b	0x40084588 <file_pipe+0x168>
40084588: 14000001     	b	0x4008458c <file_pipe+0x16c>
4008458c: 14000001     	b	0x40084590 <file_pipe+0x170>
40084590: b9400fe8     	ldr	w8, [sp, #0xc]
40084594: 11000508     	add	w8, w8, #0x1
40084598: b9000fe8     	str	w8, [sp, #0xc]
4008459c: 17ffffe1     	b	0x40084520 <file_pipe+0x100>
400845a0: b94017e8     	ldr	w8, [sp, #0x14]
400845a4: 31000508     	adds	w8, w8, #0x1
400845a8: 540000c0     	b.eq	0x400845c0 <file_pipe+0x1a0>
400845ac: 14000001     	b	0x400845b0 <file_pipe+0x190>
400845b0: b94013e8     	ldr	w8, [sp, #0x10]
400845b4: 31000508     	adds	w8, w8, #0x1
400845b8: 540000a1     	b.ne	0x400845cc <file_pipe+0x1ac>
400845bc: 14000001     	b	0x400845c0 <file_pipe+0x1a0>
400845c0: 12800008     	mov	w8, #-0x1               // =-1
400845c4: b81fc3a8     	stur	w8, [x29, #-0x4]
400845c8: 1400001a     	b	0x40084630 <file_pipe+0x210>
400845cc: f94013e0     	ldr	x0, [sp, #0x20]
400845d0: 97fffd30     	bl	0x40083a90 <get_global_fd>
400845d4: f85e83a8     	ldur	x8, [x29, #-0x18]
400845d8: b98017e9     	ldrsw	x9, [sp, #0x14]
400845dc: 8b090908     	add	x8, x8, x9, lsl #2
400845e0: b9015100     	str	w0, [x8, #0x150]
400845e4: f9400fe0     	ldr	x0, [sp, #0x18]
400845e8: 97fffd2a     	bl	0x40083a90 <get_global_fd>
400845ec: f85e83a8     	ldur	x8, [x29, #-0x18]
400845f0: b98013e9     	ldrsw	x9, [sp, #0x10]
400845f4: 8b090908     	add	x8, x8, x9, lsl #2
400845f8: b9015100     	str	w0, [x8, #0x150]
400845fc: f85e83a9     	ldur	x9, [x29, #-0x18]
40084600: b941d128     	ldr	w8, [x9, #0x1d0]
40084604: 11000908     	add	w8, w8, #0x2
40084608: b901d128     	str	w8, [x9, #0x1d0]
4008460c: b94017e8     	ldr	w8, [sp, #0x14]
40084610: f85f03a9     	ldur	x9, [x29, #-0x10]
40084614: b9000128     	str	w8, [x9]
40084618: b94013e8     	ldr	w8, [sp, #0x10]
4008461c: f85f03a9     	ldur	x9, [x29, #-0x10]
40084620: b9000528     	str	w8, [x9, #0x4]
40084624: 2a1f03e8     	mov	w8, wzr
40084628: b81fc3a8     	stur	w8, [x29, #-0x4]
4008462c: 14000001     	b	0x40084630 <file_pipe+0x210>
40084630: b85fc3a0     	ldur	w0, [x29, #-0x4]
40084634: a9447bfd     	ldp	x29, x30, [sp, #0x40]
40084638: 910143ff     	add	sp, sp, #0x50
4008463c: d65f03c0     	ret

0000000040084640 <fs_reopen>:
40084640: d100c3ff     	sub	sp, sp, #0x30
40084644: a9027bfd     	stp	x29, x30, [sp, #0x20]
40084648: 910083fd     	add	x29, sp, #0x20
4008464c: b81fc3a0     	stur	w0, [x29, #-0x4]
40084650: b85fc3a8     	ldur	w8, [x29, #-0x4]
40084654: 37f800c8     	tbnz	w8, #0x1f, 0x4008466c <fs_reopen+0x2c>
40084658: 14000001     	b	0x4008465c <fs_reopen+0x1c>
4008465c: b85fc3a8     	ldur	w8, [x29, #-0x4]
40084660: 71020108     	subs	w8, w8, #0x80
40084664: 5400006b     	b.lt	0x40084670 <fs_reopen+0x30>
40084668: 14000001     	b	0x4008466c <fs_reopen+0x2c>
4008466c: 14000018     	b	0x400846cc <fs_reopen+0x8c>
40084670: b89fc3a9     	ldursw	x9, [x29, #-0x4]
40084674: 90000be8     	adrp	x8, 0x40200000 <server_ip>
40084678: 91012108     	add	x8, x8, #0x48
4008467c: 8b091908     	add	x8, x8, x9, lsl #6
40084680: f9000be8     	str	x8, [sp, #0x10]
40084684: f9400be8     	ldr	x8, [sp, #0x10]
40084688: 91002100     	add	x0, x8, #0x8
4008468c: 94000221     	bl	0x40084f10 <spinlock_acquire_irqsave>
40084690: f90007e0     	str	x0, [sp, #0x8]
40084694: f9400be8     	ldr	x8, [sp, #0x10]
40084698: b9400108     	ldr	w8, [x8]
4008469c: 340000e8     	cbz	w8, 0x400846b8 <fs_reopen+0x78>
400846a0: 14000001     	b	0x400846a4 <fs_reopen+0x64>
400846a4: f9400be9     	ldr	x9, [sp, #0x10]
400846a8: b9400528     	ldr	w8, [x9, #0x4]
400846ac: 11000508     	add	w8, w8, #0x1
400846b0: b9000528     	str	w8, [x9, #0x4]
400846b4: 14000001     	b	0x400846b8 <fs_reopen+0x78>
400846b8: f9400be8     	ldr	x8, [sp, #0x10]
400846bc: 91002100     	add	x0, x8, #0x8
400846c0: f94007e1     	ldr	x1, [sp, #0x8]
400846c4: 94000223     	bl	0x40084f50 <spinlock_release_irqrestore>
400846c8: 14000001     	b	0x400846cc <fs_reopen+0x8c>
400846cc: a9427bfd     	ldp	x29, x30, [sp, #0x20]
400846d0: 9100c3ff     	add	sp, sp, #0x30
400846d4: d65f03c0     	ret
		...

00000000400846e0 <fs_test_suite>:
400846e0: a9bf7bfd     	stp	x29, x30, [sp, #-0x10]!
400846e4: 910003fd     	mov	x29, sp
400846e8: d503201f     	nop
400846ec: 100695a0     	adr	x0, 0x400919a0 <UART0_FR+0xe78>
400846f0: 9400030c     	bl	0x40085320 <uart_puts>
400846f4: 94000003     	bl	0x40084700 <test_fs_file_open_close>
400846f8: a8c17bfd     	ldp	x29, x30, [sp], #0x10
400846fc: d65f03c0     	ret

0000000040084700 <test_fs_file_open_close>:
40084700: d10203ff     	sub	sp, sp, #0x80
40084704: a9077bfd     	stp	x29, x30, [sp, #0x70]
40084708: 9101c3fd     	add	x29, sp, #0x70
4008470c: b0000060     	adrp	x0, 0x40091000 <UART0_FR+0x4d8>
40084710: 91191800     	add	x0, x0, #0x646
40084714: 94000303     	bl	0x40085320 <uart_puts>
40084718: d0000ce9     	adrp	x9, 0x40222000 <syscall_tasks+0x7f8>
4008471c: b9400928     	ldr	w8, [x9, #0x8]
40084720: 11000508     	add	w8, w8, #0x1
40084724: b9000928     	str	w8, [x9, #0x8]
40084728: 9400174e     	bl	0x4008a460 <process_create>
4008472c: b81fc3a0     	stur	w0, [x29, #-0x4]
40084730: 14000001     	b	0x40084734 <test_fs_file_open_close+0x34>
40084734: b85fc3a8     	ldur	w8, [x29, #-0x4]
40084738: 2a2803e8     	mvn	w8, w8
4008473c: 531f7d08     	lsr	w8, w8, #31
40084740: b81f83a8     	stur	w8, [x29, #-0x8]
40084744: 52800028     	mov	w8, #0x1                // =1
40084748: b81f43a8     	stur	w8, [x29, #-0xc]
4008474c: b85f83a8     	ldur	w8, [x29, #-0x8]
40084750: b85f43a9     	ldur	w9, [x29, #-0xc]
40084754: 6b090108     	subs	w8, w8, w9
40084758: 54000320     	b.eq	0x400847bc <test_fs_file_open_close+0xbc>
4008475c: 14000001     	b	0x40084760 <test_fs_file_open_close+0x60>
40084760: b0000060     	adrp	x0, 0x40091000 <UART0_FR+0x4d8>
40084764: 9103b000     	add	x0, x0, #0xec
40084768: 940002ee     	bl	0x40085320 <uart_puts>
4008476c: 528001e0     	mov	w0, #0xf                // =15
40084770: 94000308     	bl	0x40085390 <print_int>
40084774: d0000060     	adrp	x0, 0x40092000 <UART0_FR+0x14d8>
40084778: 91214400     	add	x0, x0, #0x851
4008477c: 940002e9     	bl	0x40085320 <uart_puts>
40084780: b85f83a0     	ldur	w0, [x29, #-0x8]
40084784: 94000303     	bl	0x40085390 <print_int>
40084788: d0000060     	adrp	x0, 0x40092000 <UART0_FR+0x14d8>
4008478c: 91217000     	add	x0, x0, #0x85c
40084790: 940002e4     	bl	0x40085320 <uart_puts>
40084794: b85f43a0     	ldur	w0, [x29, #-0xc]
40084798: 940002fe     	bl	0x40085390 <print_int>
4008479c: b0000060     	adrp	x0, 0x40091000 <UART0_FR+0x4d8>
400847a0: 913b0800     	add	x0, x0, #0xec2
400847a4: 940002df     	bl	0x40085320 <uart_puts>
400847a8: d0000ce9     	adrp	x9, 0x40222000 <syscall_tasks+0x7f8>
400847ac: b9400d28     	ldr	w8, [x9, #0xc]
400847b0: 11000508     	add	w8, w8, #0x1
400847b4: b9000d28     	str	w8, [x9, #0xc]
400847b8: 1400011a     	b	0x40084c20 <test_fs_file_open_close+0x520>
400847bc: 14000001     	b	0x400847c0 <test_fs_file_open_close+0xc0>
400847c0: b85fc3a0     	ldur	w0, [x29, #-0x4]
400847c4: 94001b87     	bl	0x4008b5e0 <process_get_pcb>
400847c8: 52800028     	mov	w8, #0x1                // =1
400847cc: b9000c08     	str	w8, [x0, #0xc]
400847d0: b0000ce9     	adrp	x9, 0x40221000 <proc_table+0x3418>
400847d4: b946e928     	ldr	w8, [x9, #0x6e8]
400847d8: b81f03a8     	stur	w8, [x29, #-0x10]
400847dc: b85fc3a8     	ldur	w8, [x29, #-0x4]
400847e0: b906e928     	str	w8, [x9, #0x6e8]
400847e4: b0000060     	adrp	x0, 0x40091000 <UART0_FR+0x4d8>
400847e8: 910b5c00     	add	x0, x0, #0x2d7
400847ec: 97fffc15     	bl	0x40083840 <file_open>
400847f0: b81ec3a0     	stur	w0, [x29, #-0x14]
400847f4: 14000001     	b	0x400847f8 <test_fs_file_open_close+0xf8>
400847f8: b85ec3a8     	ldur	w8, [x29, #-0x14]
400847fc: 2a2803e8     	mvn	w8, w8
40084800: 531f7d08     	lsr	w8, w8, #31
40084804: b81e83a8     	stur	w8, [x29, #-0x18]
40084808: 52800028     	mov	w8, #0x1                // =1
4008480c: b81e43a8     	stur	w8, [x29, #-0x1c]
40084810: b85e83a8     	ldur	w8, [x29, #-0x18]
40084814: b85e43a9     	ldur	w9, [x29, #-0x1c]
40084818: 6b090108     	subs	w8, w8, w9
4008481c: 54000320     	b.eq	0x40084880 <test_fs_file_open_close+0x180>
40084820: 14000001     	b	0x40084824 <test_fs_file_open_close+0x124>
40084824: b0000060     	adrp	x0, 0x40091000 <UART0_FR+0x4d8>
40084828: 91322000     	add	x0, x0, #0xc88
4008482c: 940002bd     	bl	0x40085320 <uart_puts>
40084830: 52800300     	mov	w0, #0x18               // =24
40084834: 940002d7     	bl	0x40085390 <print_int>
40084838: d0000060     	adrp	x0, 0x40092000 <UART0_FR+0x14d8>
4008483c: 91214400     	add	x0, x0, #0x851
40084840: 940002b8     	bl	0x40085320 <uart_puts>
40084844: b85e83a0     	ldur	w0, [x29, #-0x18]
40084848: 940002d2     	bl	0x40085390 <print_int>
4008484c: d0000060     	adrp	x0, 0x40092000 <UART0_FR+0x14d8>
40084850: 91217000     	add	x0, x0, #0x85c
40084854: 940002b3     	bl	0x40085320 <uart_puts>
40084858: b85e43a0     	ldur	w0, [x29, #-0x1c]
4008485c: 940002cd     	bl	0x40085390 <print_int>
40084860: b0000060     	adrp	x0, 0x40091000 <UART0_FR+0x4d8>
40084864: 913b0800     	add	x0, x0, #0xec2
40084868: 940002ae     	bl	0x40085320 <uart_puts>
4008486c: d0000ce9     	adrp	x9, 0x40222000 <syscall_tasks+0x7f8>
40084870: b9400d28     	ldr	w8, [x9, #0xc]
40084874: 11000508     	add	w8, w8, #0x1
40084878: b9000d28     	str	w8, [x9, #0xc]
4008487c: 140000e9     	b	0x40084c20 <test_fs_file_open_close+0x520>
40084880: 14000001     	b	0x40084884 <test_fs_file_open_close+0x184>
40084884: 9400166f     	bl	0x4008a240 <current_process>
40084888: f81d83a0     	stur	x0, [x29, #-0x28]
4008488c: 14000001     	b	0x40084890 <test_fs_file_open_close+0x190>
40084890: f85d83a8     	ldur	x8, [x29, #-0x28]
40084894: b89ec3a9     	ldursw	x9, [x29, #-0x14]
40084898: 8b090908     	add	x8, x8, x9, lsl #2
4008489c: b9415108     	ldr	w8, [x8, #0x150]
400848a0: 2a2803e8     	mvn	w8, w8
400848a4: 531f7d08     	lsr	w8, w8, #31
400848a8: b81d43a8     	stur	w8, [x29, #-0x2c]
400848ac: 52800028     	mov	w8, #0x1                // =1
400848b0: b81d03a8     	stur	w8, [x29, #-0x30]
400848b4: b85d43a8     	ldur	w8, [x29, #-0x2c]
400848b8: b85d03a9     	ldur	w9, [x29, #-0x30]
400848bc: 6b090108     	subs	w8, w8, w9
400848c0: 54000320     	b.eq	0x40084924 <test_fs_file_open_close+0x224>
400848c4: 14000001     	b	0x400848c8 <test_fs_file_open_close+0x1c8>
400848c8: 90000060     	adrp	x0, 0x40090000 <virtio_input_init+0x360>
400848cc: 912d1000     	add	x0, x0, #0xb44
400848d0: 94000294     	bl	0x40085320 <uart_puts>
400848d4: 52800360     	mov	w0, #0x1b               // =27
400848d8: 940002ae     	bl	0x40085390 <print_int>
400848dc: d0000060     	adrp	x0, 0x40092000 <UART0_FR+0x14d8>
400848e0: 91214400     	add	x0, x0, #0x851
400848e4: 9400028f     	bl	0x40085320 <uart_puts>
400848e8: b85d43a0     	ldur	w0, [x29, #-0x2c]
400848ec: 940002a9     	bl	0x40085390 <print_int>
400848f0: d0000060     	adrp	x0, 0x40092000 <UART0_FR+0x14d8>
400848f4: 91217000     	add	x0, x0, #0x85c
400848f8: 9400028a     	bl	0x40085320 <uart_puts>
400848fc: b85d03a0     	ldur	w0, [x29, #-0x30]
40084900: 940002a4     	bl	0x40085390 <print_int>
40084904: b0000060     	adrp	x0, 0x40091000 <UART0_FR+0x4d8>
40084908: 913b0800     	add	x0, x0, #0xec2
4008490c: 94000285     	bl	0x40085320 <uart_puts>
40084910: d0000ce9     	adrp	x9, 0x40222000 <syscall_tasks+0x7f8>
40084914: b9400d28     	ldr	w8, [x9, #0xc]
40084918: 11000508     	add	w8, w8, #0x1
4008491c: b9000d28     	str	w8, [x9, #0xc]
40084920: 140000c0     	b	0x40084c20 <test_fs_file_open_close+0x520>
40084924: 14000001     	b	0x40084928 <test_fs_file_open_close+0x228>
40084928: 14000001     	b	0x4008492c <test_fs_file_open_close+0x22c>
4008492c: f85d83a8     	ldur	x8, [x29, #-0x28]
40084930: b941d108     	ldr	w8, [x8, #0x1d0]
40084934: b81cc3a8     	stur	w8, [x29, #-0x34]
40084938: 52800028     	mov	w8, #0x1                // =1
4008493c: b9003be8     	str	w8, [sp, #0x38]
40084940: b85cc3a8     	ldur	w8, [x29, #-0x34]
40084944: b9403be9     	ldr	w9, [sp, #0x38]
40084948: 6b090108     	subs	w8, w8, w9
4008494c: 54000320     	b.eq	0x400849b0 <test_fs_file_open_close+0x2b0>
40084950: 14000001     	b	0x40084954 <test_fs_file_open_close+0x254>
40084954: b0000060     	adrp	x0, 0x40091000 <UART0_FR+0x4d8>
40084958: 9113e400     	add	x0, x0, #0x4f9
4008495c: 94000271     	bl	0x40085320 <uart_puts>
40084960: 52800380     	mov	w0, #0x1c               // =28
40084964: 9400028b     	bl	0x40085390 <print_int>
40084968: d0000060     	adrp	x0, 0x40092000 <UART0_FR+0x14d8>
4008496c: 91214400     	add	x0, x0, #0x851
40084970: 9400026c     	bl	0x40085320 <uart_puts>
40084974: b85cc3a0     	ldur	w0, [x29, #-0x34]
40084978: 94000286     	bl	0x40085390 <print_int>
4008497c: d0000060     	adrp	x0, 0x40092000 <UART0_FR+0x14d8>
40084980: 91217000     	add	x0, x0, #0x85c
40084984: 94000267     	bl	0x40085320 <uart_puts>
40084988: b9403be0     	ldr	w0, [sp, #0x38]
4008498c: 94000281     	bl	0x40085390 <print_int>
40084990: b0000060     	adrp	x0, 0x40091000 <UART0_FR+0x4d8>
40084994: 913b0800     	add	x0, x0, #0xec2
40084998: 94000262     	bl	0x40085320 <uart_puts>
4008499c: d0000ce9     	adrp	x9, 0x40222000 <syscall_tasks+0x7f8>
400849a0: b9400d28     	ldr	w8, [x9, #0xc]
400849a4: 11000508     	add	w8, w8, #0x1
400849a8: b9000d28     	str	w8, [x9, #0xc]
400849ac: 1400009d     	b	0x40084c20 <test_fs_file_open_close+0x520>
400849b0: 14000001     	b	0x400849b4 <test_fs_file_open_close+0x2b4>
400849b4: b85ec3a0     	ldur	w0, [x29, #-0x14]
400849b8: 9100bbe1     	add	x1, sp, #0x2e
400849bc: 52800142     	mov	w2, #0xa                // =10
400849c0: aa1f03e3     	mov	x3, xzr
400849c4: 97fffd73     	bl	0x40083f90 <file_read>
400849c8: b9002be0     	str	w0, [sp, #0x28]
400849cc: 14000001     	b	0x400849d0 <test_fs_file_open_close+0x2d0>
400849d0: b9402be8     	ldr	w8, [sp, #0x28]
400849d4: b90027e8     	str	w8, [sp, #0x24]
400849d8: 2a1f03e8     	mov	w8, wzr
400849dc: b90023e8     	str	w8, [sp, #0x20]
400849e0: b94027e8     	ldr	w8, [sp, #0x24]
400849e4: b94023e9     	ldr	w9, [sp, #0x20]
400849e8: 6b090108     	subs	w8, w8, w9
400849ec: 54000320     	b.eq	0x40084a50 <test_fs_file_open_close+0x350>
400849f0: 14000001     	b	0x400849f4 <test_fs_file_open_close+0x2f4>
400849f4: d0000060     	adrp	x0, 0x40092000 <UART0_FR+0x14d8>
400849f8: 91036400     	add	x0, x0, #0xd9
400849fc: 94000249     	bl	0x40085320 <uart_puts>
40084a00: 52800420     	mov	w0, #0x21               // =33
40084a04: 94000263     	bl	0x40085390 <print_int>
40084a08: d0000060     	adrp	x0, 0x40092000 <UART0_FR+0x14d8>
40084a0c: 91214400     	add	x0, x0, #0x851
40084a10: 94000244     	bl	0x40085320 <uart_puts>
40084a14: b94027e0     	ldr	w0, [sp, #0x24]
40084a18: 9400025e     	bl	0x40085390 <print_int>
40084a1c: d0000060     	adrp	x0, 0x40092000 <UART0_FR+0x14d8>
40084a20: 91217000     	add	x0, x0, #0x85c
40084a24: 9400023f     	bl	0x40085320 <uart_puts>
40084a28: b94023e0     	ldr	w0, [sp, #0x20]
40084a2c: 94000259     	bl	0x40085390 <print_int>
40084a30: b0000060     	adrp	x0, 0x40091000 <UART0_FR+0x4d8>
40084a34: 913b0800     	add	x0, x0, #0xec2
40084a38: 9400023a     	bl	0x40085320 <uart_puts>
40084a3c: d0000ce9     	adrp	x9, 0x40222000 <syscall_tasks+0x7f8>
40084a40: b9400d28     	ldr	w8, [x9, #0xc]
40084a44: 11000508     	add	w8, w8, #0x1
40084a48: b9000d28     	str	w8, [x9, #0xc]
40084a4c: 14000075     	b	0x40084c20 <test_fs_file_open_close+0x520>
40084a50: 14000001     	b	0x40084a54 <test_fs_file_open_close+0x354>
40084a54: b85ec3a0     	ldur	w0, [x29, #-0x14]
40084a58: 97fffc96     	bl	0x40083cb0 <file_close>
40084a5c: b9001fe0     	str	w0, [sp, #0x1c]
40084a60: 14000001     	b	0x40084a64 <test_fs_file_open_close+0x364>
40084a64: b9401fe8     	ldr	w8, [sp, #0x1c]
40084a68: b9001be8     	str	w8, [sp, #0x18]
40084a6c: 2a1f03e8     	mov	w8, wzr
40084a70: b90017e8     	str	w8, [sp, #0x14]
40084a74: b9401be8     	ldr	w8, [sp, #0x18]
40084a78: b94017e9     	ldr	w9, [sp, #0x14]
40084a7c: 6b090108     	subs	w8, w8, w9
40084a80: 54000320     	b.eq	0x40084ae4 <test_fs_file_open_close+0x3e4>
40084a84: 14000001     	b	0x40084a88 <test_fs_file_open_close+0x388>
40084a88: 90000060     	adrp	x0, 0x40090000 <virtio_input_init+0x360>
40084a8c: 9139a400     	add	x0, x0, #0xe69
40084a90: 94000224     	bl	0x40085320 <uart_puts>
40084a94: 528004a0     	mov	w0, #0x25               // =37
40084a98: 9400023e     	bl	0x40085390 <print_int>
40084a9c: d0000060     	adrp	x0, 0x40092000 <UART0_FR+0x14d8>
40084aa0: 91214400     	add	x0, x0, #0x851
40084aa4: 9400021f     	bl	0x40085320 <uart_puts>
40084aa8: b9401be0     	ldr	w0, [sp, #0x18]
40084aac: 94000239     	bl	0x40085390 <print_int>
40084ab0: d0000060     	adrp	x0, 0x40092000 <UART0_FR+0x14d8>
40084ab4: 91217000     	add	x0, x0, #0x85c
40084ab8: 9400021a     	bl	0x40085320 <uart_puts>
40084abc: b94017e0     	ldr	w0, [sp, #0x14]
40084ac0: 94000234     	bl	0x40085390 <print_int>
40084ac4: b0000060     	adrp	x0, 0x40091000 <UART0_FR+0x4d8>
40084ac8: 913b0800     	add	x0, x0, #0xec2
40084acc: 94000215     	bl	0x40085320 <uart_puts>
40084ad0: d0000ce9     	adrp	x9, 0x40222000 <syscall_tasks+0x7f8>
40084ad4: b9400d28     	ldr	w8, [x9, #0xc]
40084ad8: 11000508     	add	w8, w8, #0x1
40084adc: b9000d28     	str	w8, [x9, #0xc]
40084ae0: 14000050     	b	0x40084c20 <test_fs_file_open_close+0x520>
40084ae4: 14000001     	b	0x40084ae8 <test_fs_file_open_close+0x3e8>
40084ae8: 14000001     	b	0x40084aec <test_fs_file_open_close+0x3ec>
40084aec: f85d83a8     	ldur	x8, [x29, #-0x28]
40084af0: b89ec3a9     	ldursw	x9, [x29, #-0x14]
40084af4: 8b090908     	add	x8, x8, x9, lsl #2
40084af8: b9415108     	ldr	w8, [x8, #0x150]
40084afc: b90013e8     	str	w8, [sp, #0x10]
40084b00: 12800008     	mov	w8, #-0x1               // =-1
40084b04: b9000fe8     	str	w8, [sp, #0xc]
40084b08: b94013e8     	ldr	w8, [sp, #0x10]
40084b0c: b9400fe9     	ldr	w9, [sp, #0xc]
40084b10: 6b090108     	subs	w8, w8, w9
40084b14: 54000320     	b.eq	0x40084b78 <test_fs_file_open_close+0x478>
40084b18: 14000001     	b	0x40084b1c <test_fs_file_open_close+0x41c>
40084b1c: b0000060     	adrp	x0, 0x40091000 <UART0_FR+0x4d8>
40084b20: 91049c00     	add	x0, x0, #0x127
40084b24: 940001ff     	bl	0x40085320 <uart_puts>
40084b28: 528004c0     	mov	w0, #0x26               // =38
40084b2c: 94000219     	bl	0x40085390 <print_int>
40084b30: d0000060     	adrp	x0, 0x40092000 <UART0_FR+0x14d8>
40084b34: 91214400     	add	x0, x0, #0x851
40084b38: 940001fa     	bl	0x40085320 <uart_puts>
40084b3c: b94013e0     	ldr	w0, [sp, #0x10]
40084b40: 94000214     	bl	0x40085390 <print_int>
40084b44: d0000060     	adrp	x0, 0x40092000 <UART0_FR+0x14d8>
40084b48: 91217000     	add	x0, x0, #0x85c
40084b4c: 940001f5     	bl	0x40085320 <uart_puts>
40084b50: b9400fe0     	ldr	w0, [sp, #0xc]
40084b54: 9400020f     	bl	0x40085390 <print_int>
40084b58: b0000060     	adrp	x0, 0x40091000 <UART0_FR+0x4d8>
40084b5c: 913b0800     	add	x0, x0, #0xec2
40084b60: 940001f0     	bl	0x40085320 <uart_puts>
40084b64: d0000ce9     	adrp	x9, 0x40222000 <syscall_tasks+0x7f8>
40084b68: b9400d28     	ldr	w8, [x9, #0xc]
40084b6c: 11000508     	add	w8, w8, #0x1
40084b70: b9000d28     	str	w8, [x9, #0xc]
40084b74: 1400002b     	b	0x40084c20 <test_fs_file_open_close+0x520>
40084b78: 14000001     	b	0x40084b7c <test_fs_file_open_close+0x47c>
40084b7c: 14000001     	b	0x40084b80 <test_fs_file_open_close+0x480>
40084b80: f85d83a8     	ldur	x8, [x29, #-0x28]
40084b84: b941d108     	ldr	w8, [x8, #0x1d0]
40084b88: b9000be8     	str	w8, [sp, #0x8]
40084b8c: 2a1f03e8     	mov	w8, wzr
40084b90: b90007e8     	str	w8, [sp, #0x4]
40084b94: b9400be8     	ldr	w8, [sp, #0x8]
40084b98: b94007e9     	ldr	w9, [sp, #0x4]
40084b9c: 6b090108     	subs	w8, w8, w9
40084ba0: 54000320     	b.eq	0x40084c04 <test_fs_file_open_close+0x504>
40084ba4: 14000001     	b	0x40084ba8 <test_fs_file_open_close+0x4a8>
40084ba8: b0000060     	adrp	x0, 0x40091000 <UART0_FR+0x4d8>
40084bac: 91330800     	add	x0, x0, #0xcc2
40084bb0: 940001dc     	bl	0x40085320 <uart_puts>
40084bb4: 528004e0     	mov	w0, #0x27               // =39
40084bb8: 940001f6     	bl	0x40085390 <print_int>
40084bbc: d0000060     	adrp	x0, 0x40092000 <UART0_FR+0x14d8>
40084bc0: 91214400     	add	x0, x0, #0x851
40084bc4: 940001d7     	bl	0x40085320 <uart_puts>
40084bc8: b9400be0     	ldr	w0, [sp, #0x8]
40084bcc: 940001f1     	bl	0x40085390 <print_int>
40084bd0: d0000060     	adrp	x0, 0x40092000 <UART0_FR+0x14d8>
40084bd4: 91217000     	add	x0, x0, #0x85c
40084bd8: 940001d2     	bl	0x40085320 <uart_puts>
40084bdc: b94007e0     	ldr	w0, [sp, #0x4]
40084be0: 940001ec     	bl	0x40085390 <print_int>
40084be4: b0000060     	adrp	x0, 0x40091000 <UART0_FR+0x4d8>
40084be8: 913b0800     	add	x0, x0, #0xec2
40084bec: 940001cd     	bl	0x40085320 <uart_puts>
40084bf0: d0000ce9     	adrp	x9, 0x40222000 <syscall_tasks+0x7f8>
40084bf4: b9400d28     	ldr	w8, [x9, #0xc]
40084bf8: 11000508     	add	w8, w8, #0x1
40084bfc: b9000d28     	str	w8, [x9, #0xc]
40084c00: 14000008     	b	0x40084c20 <test_fs_file_open_close+0x520>
40084c04: 14000001     	b	0x40084c08 <test_fs_file_open_close+0x508>
40084c08: b85f03a8     	ldur	w8, [x29, #-0x10]
40084c0c: b0000ce9     	adrp	x9, 0x40221000 <proc_table+0x3418>
40084c10: b906e928     	str	w8, [x9, #0x6e8]
40084c14: b85fc3a0     	ldur	w0, [x29, #-0x4]
40084c18: 940018ba     	bl	0x4008af00 <process_kill>
40084c1c: 14000001     	b	0x40084c20 <test_fs_file_open_close+0x520>
40084c20: a9477bfd     	ldp	x29, x30, [sp, #0x70]
40084c24: 910203ff     	add	sp, sp, #0x80
40084c28: d65f03c0     	ret
40084c2c: 00000000     	udf	#0x0

0000000040084c30 <gic_init_distributor>:
40084c30: d10083ff     	sub	sp, sp, #0x20
40084c34: a9017bfd     	stp	x29, x30, [sp, #0x10]
40084c38: 910043fd     	add	x29, sp, #0x10
40084c3c: 2a1f03e1     	mov	w1, wzr
40084c40: 2a0103e0     	mov	w0, w1
40084c44: 94000037     	bl	0x40084d20 <gicd_write32>
40084c48: 52800080     	mov	w0, #0x4                // =4
40084c4c: 94000041     	bl	0x40084d50 <gicd_read32>
40084c50: b81fc3a0     	stur	w0, [x29, #-0x4]
40084c54: b85fc3a8     	ldur	w8, [x29, #-0x4]
40084c58: 12001108     	and	w8, w8, #0x1f
40084c5c: 531b6908     	lsl	w8, w8, #5
40084c60: 11008108     	add	w8, w8, #0x20
40084c64: b9000be8     	str	w8, [sp, #0x8]
40084c68: 52800408     	mov	w8, #0x20               // =32
40084c6c: b90007e8     	str	w8, [sp, #0x4]
40084c70: 14000001     	b	0x40084c74 <gic_init_distributor+0x44>
40084c74: b94007e8     	ldr	w8, [sp, #0x4]
40084c78: b9400be9     	ldr	w9, [sp, #0x8]
40084c7c: 6b090108     	subs	w8, w8, w9
40084c80: 54000182     	b.hs	0x40084cb0 <gic_init_distributor+0x80>
40084c84: 14000001     	b	0x40084c88 <gic_init_distributor+0x58>
40084c88: b94007e8     	ldr	w8, [sp, #0x4]
40084c8c: 121e7508     	and	w8, w8, #0xfffffffc
40084c90: 11200100     	add	w0, w8, #0x800
40084c94: 3200c3e1     	mov	w1, #0x1010101          // =16843009
40084c98: 94000022     	bl	0x40084d20 <gicd_write32>
40084c9c: 14000001     	b	0x40084ca0 <gic_init_distributor+0x70>
40084ca0: b94007e8     	ldr	w8, [sp, #0x4]
40084ca4: 11001108     	add	w8, w8, #0x4
40084ca8: b90007e8     	str	w8, [sp, #0x4]
40084cac: 17fffff2     	b	0x40084c74 <gic_init_distributor+0x44>
40084cb0: 2a1f03e8     	mov	w8, wzr
40084cb4: b90003e8     	str	w8, [sp]
40084cb8: 14000001     	b	0x40084cbc <gic_init_distributor+0x8c>
40084cbc: b94003e8     	ldr	w8, [sp]
40084cc0: b9400be9     	ldr	w9, [sp, #0x8]
40084cc4: 6b090108     	subs	w8, w8, w9
40084cc8: 540001a2     	b.hs	0x40084cfc <gic_init_distributor+0xcc>
40084ccc: 14000001     	b	0x40084cd0 <gic_init_distributor+0xa0>
40084cd0: b94003e8     	ldr	w8, [sp]
40084cd4: 121e7508     	and	w8, w8, #0xfffffffc
40084cd8: 11100100     	add	w0, w8, #0x400
40084cdc: 52941401     	mov	w1, #0xa0a0             // =41120
40084ce0: 72b41401     	movk	w1, #0xa0a0, lsl #16
40084ce4: 9400000f     	bl	0x40084d20 <gicd_write32>
40084ce8: 14000001     	b	0x40084cec <gic_init_distributor+0xbc>
40084cec: b94003e8     	ldr	w8, [sp]
40084cf0: 11001108     	add	w8, w8, #0x4
40084cf4: b90003e8     	str	w8, [sp]
40084cf8: 17fffff1     	b	0x40084cbc <gic_init_distributor+0x8c>
40084cfc: 2a1f03e0     	mov	w0, wzr
40084d00: 52800021     	mov	w1, #0x1                // =1
40084d04: 94000007     	bl	0x40084d20 <gicd_write32>
40084d08: a9417bfd     	ldp	x29, x30, [sp, #0x10]
40084d0c: 910083ff     	add	sp, sp, #0x20
40084d10: d65f03c0     	ret
40084d14: d503201f     	nop
40084d18: d503201f     	nop
40084d1c: d503201f     	nop

0000000040084d20 <gicd_write32>:
40084d20: d10043ff     	sub	sp, sp, #0x10
40084d24: b9000fe0     	str	w0, [sp, #0xc]
40084d28: b9000be1     	str	w1, [sp, #0x8]
40084d2c: b9400be8     	ldr	w8, [sp, #0x8]
40084d30: b9400fe9     	ldr	w9, [sp, #0xc]
40084d34: 52a1000a     	mov	w10, #0x8000000         // =134217728
40084d38: b82a6928     	str	w8, [x9, x10]
40084d3c: 910043ff     	add	sp, sp, #0x10
40084d40: d65f03c0     	ret
40084d44: d503201f     	nop
40084d48: d503201f     	nop
40084d4c: d503201f     	nop

0000000040084d50 <gicd_read32>:
40084d50: d10043ff     	sub	sp, sp, #0x10
40084d54: b9000fe0     	str	w0, [sp, #0xc]
40084d58: b9400fe8     	ldr	w8, [sp, #0xc]
40084d5c: 52a10009     	mov	w9, #0x8000000          // =134217728
40084d60: b8696900     	ldr	w0, [x8, x9]
40084d64: 910043ff     	add	sp, sp, #0x10
40084d68: d65f03c0     	ret
40084d6c: d503201f     	nop

0000000040084d70 <gic_init_cpu>:
40084d70: a9bf7bfd     	stp	x29, x30, [sp, #-0x10]!
40084d74: 910003fd     	mov	x29, sp
40084d78: 52800080     	mov	w0, #0x4                // =4
40084d7c: 52801e01     	mov	w1, #0xf0               // =240
40084d80: 94000008     	bl	0x40084da0 <gicc_write32>
40084d84: 2a1f03e0     	mov	w0, wzr
40084d88: 52800021     	mov	w1, #0x1                // =1
40084d8c: 94000005     	bl	0x40084da0 <gicc_write32>
40084d90: a8c17bfd     	ldp	x29, x30, [sp], #0x10
40084d94: d65f03c0     	ret
40084d98: d503201f     	nop
40084d9c: d503201f     	nop

0000000040084da0 <gicc_write32>:
40084da0: d10043ff     	sub	sp, sp, #0x10
40084da4: b9000fe0     	str	w0, [sp, #0xc]
40084da8: b9000be1     	str	w1, [sp, #0x8]
40084dac: b9400be8     	ldr	w8, [sp, #0x8]
40084db0: b9400fe9     	ldr	w9, [sp, #0xc]
40084db4: 52a1002a     	mov	w10, #0x8010000         // =134283264
40084db8: b82a6928     	str	w8, [x9, x10]
40084dbc: 910043ff     	add	sp, sp, #0x10
40084dc0: d65f03c0     	ret
40084dc4: d503201f     	nop
40084dc8: d503201f     	nop
40084dcc: d503201f     	nop

0000000040084dd0 <gic_init>:
40084dd0: a9bf7bfd     	stp	x29, x30, [sp, #-0x10]!
40084dd4: 910003fd     	mov	x29, sp
40084dd8: 97ffff96     	bl	0x40084c30 <gic_init_distributor>
40084ddc: 97ffffe5     	bl	0x40084d70 <gic_init_cpu>
40084de0: a8c17bfd     	ldp	x29, x30, [sp], #0x10
40084de4: d65f03c0     	ret
40084de8: d503201f     	nop
40084dec: d503201f     	nop

0000000040084df0 <gic_enable_interrupt>:
40084df0: d10083ff     	sub	sp, sp, #0x20
40084df4: a9017bfd     	stp	x29, x30, [sp, #0x10]
40084df8: 910043fd     	add	x29, sp, #0x10
40084dfc: b81fc3a0     	stur	w0, [x29, #-0x4]
40084e00: b85fc3a9     	ldur	w9, [x29, #-0x4]
40084e04: 53037d28     	lsr	w8, w9, #3
40084e08: 121e6908     	and	w8, w8, #0x1ffffffc
40084e0c: 11040100     	add	w0, w8, #0x100
40084e10: 52800028     	mov	w8, #0x1                // =1
40084e14: 1ac92101     	lsl	w1, w8, w9
40084e18: 97ffffc2     	bl	0x40084d20 <gicd_write32>
40084e1c: a9417bfd     	ldp	x29, x30, [sp, #0x10]
40084e20: 910083ff     	add	sp, sp, #0x20
40084e24: d65f03c0     	ret
40084e28: d503201f     	nop
40084e2c: d503201f     	nop

0000000040084e30 <gic_acknowledge_interrupt>:
40084e30: a9bf7bfd     	stp	x29, x30, [sp, #-0x10]!
40084e34: 910003fd     	mov	x29, sp
40084e38: 52800180     	mov	w0, #0xc                // =12
40084e3c: 94000005     	bl	0x40084e50 <gicc_read32>
40084e40: 12002400     	and	w0, w0, #0x3ff
40084e44: a8c17bfd     	ldp	x29, x30, [sp], #0x10
40084e48: d65f03c0     	ret
40084e4c: d503201f     	nop

0000000040084e50 <gicc_read32>:
40084e50: d10043ff     	sub	sp, sp, #0x10
40084e54: b9000fe0     	str	w0, [sp, #0xc]
40084e58: b9400fe8     	ldr	w8, [sp, #0xc]
40084e5c: 52a10029     	mov	w9, #0x8010000          // =134283264
40084e60: b8696900     	ldr	w0, [x8, x9]
40084e64: 910043ff     	add	sp, sp, #0x10
40084e68: d65f03c0     	ret
40084e6c: d503201f     	nop

0000000040084e70 <gic_end_interrupt>:
40084e70: d10083ff     	sub	sp, sp, #0x20
40084e74: a9017bfd     	stp	x29, x30, [sp, #0x10]
40084e78: 910043fd     	add	x29, sp, #0x10
40084e7c: b81fc3a0     	stur	w0, [x29, #-0x4]
40084e80: b85fc3a1     	ldur	w1, [x29, #-0x4]
40084e84: 52800200     	mov	w0, #0x10               // =16
40084e88: 97ffffc6     	bl	0x40084da0 <gicc_write32>
40084e8c: a9417bfd     	ldp	x29, x30, [sp, #0x10]
40084e90: 910083ff     	add	sp, sp, #0x20
40084e94: d65f03c0     	ret
		...

0000000040084ea0 <spinlock_init>:
40084ea0: d10043ff     	sub	sp, sp, #0x10
40084ea4: f90007e0     	str	x0, [sp, #0x8]
40084ea8: f94007e9     	ldr	x9, [sp, #0x8]
40084eac: 2a1f03e8     	mov	w8, wzr
40084eb0: b9000128     	str	w8, [x9]
40084eb4: 910043ff     	add	sp, sp, #0x10
40084eb8: d65f03c0     	ret
40084ebc: d503201f     	nop

0000000040084ec0 <spinlock_acquire>:
40084ec0: d10043ff     	sub	sp, sp, #0x10
40084ec4: f90007e0     	str	x0, [sp, #0x8]
40084ec8: f94007e9     	ldr	x9, [sp, #0x8]
40084ecc: 5280002a     	mov	w10, #0x1               // =1
40084ed0: 885ffd28     	ldaxr	w8, [x9]
40084ed4: 35ffffe8     	cbnz	w8, 0x40084ed0 <spinlock_acquire+0x10>
40084ed8: 88087d2a     	stxr	w8, w10, [x9]
40084edc: 35ffffa8     	cbnz	w8, 0x40084ed0 <spinlock_acquire+0x10>
40084ee0: b90007e8     	str	w8, [sp, #0x4]
40084ee4: 910043ff     	add	sp, sp, #0x10
40084ee8: d65f03c0     	ret
40084eec: d503201f     	nop

0000000040084ef0 <spinlock_release>:
40084ef0: d10043ff     	sub	sp, sp, #0x10
40084ef4: f90007e0     	str	x0, [sp, #0x8]
40084ef8: f94007e8     	ldr	x8, [sp, #0x8]
40084efc: 889ffd1f     	stlr	wzr, [x8]
40084f00: 910043ff     	add	sp, sp, #0x10
40084f04: d65f03c0     	ret
40084f08: d503201f     	nop
40084f0c: d503201f     	nop

0000000040084f10 <spinlock_acquire_irqsave>:
40084f10: d10083ff     	sub	sp, sp, #0x20
40084f14: a9017bfd     	stp	x29, x30, [sp, #0x10]
40084f18: 910043fd     	add	x29, sp, #0x10
40084f1c: f90007e0     	str	x0, [sp, #0x8]
40084f20: d53b4228     	mrs	x8, DAIF
40084f24: d50342df     	msr	DAIFSet, #0x2
40084f28: f90003e8     	str	x8, [sp]
40084f2c: f94007e0     	ldr	x0, [sp, #0x8]
40084f30: 97ffffe4     	bl	0x40084ec0 <spinlock_acquire>
40084f34: f94003e0     	ldr	x0, [sp]
40084f38: a9417bfd     	ldp	x29, x30, [sp, #0x10]
40084f3c: 910083ff     	add	sp, sp, #0x20
40084f40: d65f03c0     	ret
40084f44: d503201f     	nop
40084f48: d503201f     	nop
40084f4c: d503201f     	nop

0000000040084f50 <spinlock_release_irqrestore>:
40084f50: d10083ff     	sub	sp, sp, #0x20
40084f54: a9017bfd     	stp	x29, x30, [sp, #0x10]
40084f58: 910043fd     	add	x29, sp, #0x10
40084f5c: f90007e0     	str	x0, [sp, #0x8]
40084f60: f90003e1     	str	x1, [sp]
40084f64: f94007e0     	ldr	x0, [sp, #0x8]
40084f68: 97ffffe2     	bl	0x40084ef0 <spinlock_release>
40084f6c: f94003e8     	ldr	x8, [sp]
40084f70: d51b4228     	msr	DAIF, x8
40084f74: a9417bfd     	ldp	x29, x30, [sp, #0x10]
40084f78: 910083ff     	add	sp, sp, #0x20
40084f7c: d65f03c0     	ret

0000000040084f80 <locks_test_suite>:
40084f80: a9bf7bfd     	stp	x29, x30, [sp, #-0x10]!
40084f84: 910003fd     	mov	x29, sp
40084f88: d503201f     	nop
40084f8c: 10061aa0     	adr	x0, 0x400912e0 <UART0_FR+0x7b8>
40084f90: 940000e4     	bl	0x40085320 <uart_puts>
40084f94: 94000007     	bl	0x40084fb0 <test_spinlock_init>
40084f98: 9400003a     	bl	0x40085080 <test_spinlock_acquire_release>
40084f9c: a8c17bfd     	ldp	x29, x30, [sp], #0x10
40084fa0: d65f03c0     	ret
40084fa4: d503201f     	nop
40084fa8: d503201f     	nop
40084fac: d503201f     	nop

0000000040084fb0 <test_spinlock_init>:
40084fb0: d10083ff     	sub	sp, sp, #0x20
40084fb4: a9017bfd     	stp	x29, x30, [sp, #0x10]
40084fb8: 910043fd     	add	x29, sp, #0x10
40084fbc: b0000060     	adrp	x0, 0x40091000 <UART0_FR+0x4d8>
40084fc0: 91235400     	add	x0, x0, #0x8d5
40084fc4: 940000d7     	bl	0x40085320 <uart_puts>
40084fc8: d0000ce9     	adrp	x9, 0x40222000 <syscall_tasks+0x7f8>
40084fcc: b9400928     	ldr	w8, [x9, #0x8]
40084fd0: 11000508     	add	w8, w8, #0x1
40084fd4: b9000928     	str	w8, [x9, #0x8]
40084fd8: d10013a0     	sub	x0, x29, #0x4
40084fdc: 97ffffb1     	bl	0x40084ea0 <spinlock_init>
40084fe0: 14000001     	b	0x40084fe4 <test_spinlock_init+0x34>
40084fe4: b85fc3a8     	ldur	w8, [x29, #-0x4]
40084fe8: b9000be8     	str	w8, [sp, #0x8]
40084fec: 2a1f03e8     	mov	w8, wzr
40084ff0: b90007e8     	str	w8, [sp, #0x4]
40084ff4: b9400be8     	ldr	w8, [sp, #0x8]
40084ff8: b94007e9     	ldr	w9, [sp, #0x4]
40084ffc: 6b090108     	subs	w8, w8, w9
40085000: 54000320     	b.eq	0x40085064 <test_spinlock_init+0xb4>
40085004: 14000001     	b	0x40085008 <test_spinlock_init+0x58>
40085008: f0000040     	adrp	x0, 0x40090000 <virtio_input_init+0x360>
4008500c: 91306000     	add	x0, x0, #0xc18
40085010: 940000c4     	bl	0x40085320 <uart_puts>
40085014: 52800180     	mov	w0, #0xc                // =12
40085018: 940000de     	bl	0x40085390 <print_int>
4008501c: b0000060     	adrp	x0, 0x40092000 <UART0_FR+0x14d8>
40085020: 91214400     	add	x0, x0, #0x851
40085024: 940000bf     	bl	0x40085320 <uart_puts>
40085028: b9400be0     	ldr	w0, [sp, #0x8]
4008502c: 940000d9     	bl	0x40085390 <print_int>
40085030: b0000060     	adrp	x0, 0x40092000 <UART0_FR+0x14d8>
40085034: 91217000     	add	x0, x0, #0x85c
40085038: 940000ba     	bl	0x40085320 <uart_puts>
4008503c: b94007e0     	ldr	w0, [sp, #0x4]
40085040: 940000d4     	bl	0x40085390 <print_int>
40085044: 90000060     	adrp	x0, 0x40091000 <UART0_FR+0x4d8>
40085048: 913b0800     	add	x0, x0, #0xec2
4008504c: 940000b5     	bl	0x40085320 <uart_puts>
40085050: b0000ce9     	adrp	x9, 0x40222000 <syscall_tasks+0x7f8>
40085054: b9400d28     	ldr	w8, [x9, #0xc]
40085058: 11000508     	add	w8, w8, #0x1
4008505c: b9000d28     	str	w8, [x9, #0xc]
40085060: 14000002     	b	0x40085068 <test_spinlock_init+0xb8>
40085064: 14000001     	b	0x40085068 <test_spinlock_init+0xb8>
40085068: a9417bfd     	ldp	x29, x30, [sp, #0x10]
4008506c: 910083ff     	add	sp, sp, #0x20
40085070: d65f03c0     	ret
40085074: d503201f     	nop
40085078: d503201f     	nop
4008507c: d503201f     	nop

0000000040085080 <test_spinlock_acquire_release>:
40085080: d100c3ff     	sub	sp, sp, #0x30
40085084: a9027bfd     	stp	x29, x30, [sp, #0x20]
40085088: 910083fd     	add	x29, sp, #0x20
4008508c: b0000060     	adrp	x0, 0x40092000 <UART0_FR+0x14d8>
40085090: 910f1c00     	add	x0, x0, #0x3c7
40085094: 940000a3     	bl	0x40085320 <uart_puts>
40085098: b0000ce9     	adrp	x9, 0x40222000 <syscall_tasks+0x7f8>
4008509c: b9400928     	ldr	w8, [x9, #0x8]
400850a0: 11000508     	add	w8, w8, #0x1
400850a4: b9000928     	str	w8, [x9, #0x8]
400850a8: d10013a0     	sub	x0, x29, #0x4
400850ac: f90003e0     	str	x0, [sp]
400850b0: 97ffff7c     	bl	0x40084ea0 <spinlock_init>
400850b4: f94003e0     	ldr	x0, [sp]
400850b8: 97ffff82     	bl	0x40084ec0 <spinlock_acquire>
400850bc: 14000001     	b	0x400850c0 <test_spinlock_acquire_release+0x40>
400850c0: b85fc3a8     	ldur	w8, [x29, #-0x4]
400850c4: b81f83a8     	stur	w8, [x29, #-0x8]
400850c8: 52800028     	mov	w8, #0x1                // =1
400850cc: b81f43a8     	stur	w8, [x29, #-0xc]
400850d0: b85f83a8     	ldur	w8, [x29, #-0x8]
400850d4: b85f43a9     	ldur	w9, [x29, #-0xc]
400850d8: 6b090108     	subs	w8, w8, w9
400850dc: 54000320     	b.eq	0x40085140 <test_spinlock_acquire_release+0xc0>
400850e0: 14000001     	b	0x400850e4 <test_spinlock_acquire_release+0x64>
400850e4: 90000060     	adrp	x0, 0x40091000 <UART0_FR+0x4d8>
400850e8: 9105a800     	add	x0, x0, #0x16a
400850ec: 9400008d     	bl	0x40085320 <uart_puts>
400850f0: 528002e0     	mov	w0, #0x17               // =23
400850f4: 940000a7     	bl	0x40085390 <print_int>
400850f8: b0000060     	adrp	x0, 0x40092000 <UART0_FR+0x14d8>
400850fc: 91214400     	add	x0, x0, #0x851
40085100: 94000088     	bl	0x40085320 <uart_puts>
40085104: b85f83a0     	ldur	w0, [x29, #-0x8]
40085108: 940000a2     	bl	0x40085390 <print_int>
4008510c: b0000060     	adrp	x0, 0x40092000 <UART0_FR+0x14d8>
40085110: 91217000     	add	x0, x0, #0x85c
40085114: 94000083     	bl	0x40085320 <uart_puts>
40085118: b85f43a0     	ldur	w0, [x29, #-0xc]
4008511c: 9400009d     	bl	0x40085390 <print_int>
40085120: 90000060     	adrp	x0, 0x40091000 <UART0_FR+0x4d8>
40085124: 913b0800     	add	x0, x0, #0xec2
40085128: 9400007e     	bl	0x40085320 <uart_puts>
4008512c: b0000ce9     	adrp	x9, 0x40222000 <syscall_tasks+0x7f8>
40085130: b9400d28     	ldr	w8, [x9, #0xc]
40085134: 11000508     	add	w8, w8, #0x1
40085138: b9000d28     	str	w8, [x9, #0xc]
4008513c: 14000026     	b	0x400851d4 <test_spinlock_acquire_release+0x154>
40085140: 14000001     	b	0x40085144 <test_spinlock_acquire_release+0xc4>
40085144: d10013a0     	sub	x0, x29, #0x4
40085148: 97ffff6a     	bl	0x40084ef0 <spinlock_release>
4008514c: 14000001     	b	0x40085150 <test_spinlock_acquire_release+0xd0>
40085150: b85fc3a8     	ldur	w8, [x29, #-0x4]
40085154: b90013e8     	str	w8, [sp, #0x10]
40085158: 2a1f03e8     	mov	w8, wzr
4008515c: b9000fe8     	str	w8, [sp, #0xc]
40085160: b94013e8     	ldr	w8, [sp, #0x10]
40085164: b9400fe9     	ldr	w9, [sp, #0xc]
40085168: 6b090108     	subs	w8, w8, w9
4008516c: 54000320     	b.eq	0x400851d0 <test_spinlock_acquire_release+0x150>
40085170: 14000001     	b	0x40085174 <test_spinlock_acquire_release+0xf4>
40085174: f0000040     	adrp	x0, 0x40090000 <virtio_input_init+0x360>
40085178: 91306000     	add	x0, x0, #0xc18
4008517c: 94000069     	bl	0x40085320 <uart_puts>
40085180: 52800340     	mov	w0, #0x1a               // =26
40085184: 94000083     	bl	0x40085390 <print_int>
40085188: b0000060     	adrp	x0, 0x40092000 <UART0_FR+0x14d8>
4008518c: 91214400     	add	x0, x0, #0x851
40085190: 94000064     	bl	0x40085320 <uart_puts>
40085194: b94013e0     	ldr	w0, [sp, #0x10]
40085198: 9400007e     	bl	0x40085390 <print_int>
4008519c: b0000060     	adrp	x0, 0x40092000 <UART0_FR+0x14d8>
400851a0: 91217000     	add	x0, x0, #0x85c
400851a4: 9400005f     	bl	0x40085320 <uart_puts>
400851a8: b9400fe0     	ldr	w0, [sp, #0xc]
400851ac: 94000079     	bl	0x40085390 <print_int>
400851b0: 90000060     	adrp	x0, 0x40091000 <UART0_FR+0x4d8>
400851b4: 913b0800     	add	x0, x0, #0xec2
400851b8: 9400005a     	bl	0x40085320 <uart_puts>
400851bc: b0000ce9     	adrp	x9, 0x40222000 <syscall_tasks+0x7f8>
400851c0: b9400d28     	ldr	w8, [x9, #0xc]
400851c4: 11000508     	add	w8, w8, #0x1
400851c8: b9000d28     	str	w8, [x9, #0xc]
400851cc: 14000002     	b	0x400851d4 <test_spinlock_acquire_release+0x154>
400851d0: 14000001     	b	0x400851d4 <test_spinlock_acquire_release+0x154>
400851d4: a9427bfd     	ldp	x29, x30, [sp, #0x20]
400851d8: 9100c3ff     	add	sp, sp, #0x30
400851dc: d65f03c0     	ret

00000000400851e0 <irq_handler_c>:
400851e0: d10083ff     	sub	sp, sp, #0x20
400851e4: a9017bfd     	stp	x29, x30, [sp, #0x10]
400851e8: 910043fd     	add	x29, sp, #0x10
400851ec: f90007e0     	str	x0, [sp, #0x8]
400851f0: 97ffff10     	bl	0x40084e30 <gic_acknowledge_interrupt>
400851f4: b90007e0     	str	w0, [sp, #0x4]
400851f8: b94007e8     	ldr	w8, [sp, #0x4]
400851fc: b0000069     	adrp	x9, 0x40092000 <UART0_FR+0x14d8>
40085200: b94b7929     	ldr	w9, [x9, #0xb78]
40085204: 6b090108     	subs	w8, w8, w9
40085208: 54000081     	b.ne	0x40085218 <irq_handler_c+0x38>
4008520c: 14000001     	b	0x40085210 <irq_handler_c+0x30>
40085210: 940025b4     	bl	0x4008e8e0 <virtio_blk_handle_irq>
40085214: 1400001d     	b	0x40085288 <irq_handler_c+0xa8>
40085218: b94007e8     	ldr	w8, [sp, #0x4]
4008521c: b0000069     	adrp	x9, 0x40092000 <UART0_FR+0x14d8>
40085220: b94b7d29     	ldr	w9, [x9, #0xb7c]
40085224: 6b090108     	subs	w8, w8, w9
40085228: 54000081     	b.ne	0x40085238 <irq_handler_c+0x58>
4008522c: 14000001     	b	0x40085230 <irq_handler_c+0x50>
40085230: 94002d98     	bl	0x40090890 <virtio_net_handle_irq>
40085234: 14000014     	b	0x40085284 <irq_handler_c+0xa4>
40085238: b94007e8     	ldr	w8, [sp, #0x4]
4008523c: 7100c108     	subs	w8, w8, #0x30
40085240: 54000123     	b.lo	0x40085264 <irq_handler_c+0x84>
40085244: 14000001     	b	0x40085248 <irq_handler_c+0x68>
40085248: b94007e8     	ldr	w8, [sp, #0x4]
4008524c: 71013d08     	subs	w8, w8, #0x4f
40085250: 540000a8     	b.hi	0x40085264 <irq_handler_c+0x84>
40085254: 14000001     	b	0x40085258 <irq_handler_c+0x78>
40085258: b94007e0     	ldr	w0, [sp, #0x4]
4008525c: 940029a9     	bl	0x4008f900 <virtio_input_handle_irq>
40085260: 14000008     	b	0x40085280 <irq_handler_c+0xa0>
40085264: b94007e8     	ldr	w8, [sp, #0x4]
40085268: 71007908     	subs	w8, w8, #0x1e
4008526c: 54000081     	b.ne	0x4008527c <irq_handler_c+0x9c>
40085270: 14000001     	b	0x40085274 <irq_handler_c+0x94>
40085274: 94001dd3     	bl	0x4008c9c0 <timer_reload>
40085278: 14000001     	b	0x4008527c <irq_handler_c+0x9c>
4008527c: 14000001     	b	0x40085280 <irq_handler_c+0xa0>
40085280: 14000001     	b	0x40085284 <irq_handler_c+0xa4>
40085284: 14000001     	b	0x40085288 <irq_handler_c+0xa8>
40085288: 94001882     	bl	0x4008b490 <process_wake_kernel_threads>
4008528c: b94007e0     	ldr	w0, [sp, #0x4]
40085290: 97fffef8     	bl	0x40084e70 <gic_end_interrupt>
40085294: a9417bfd     	ldp	x29, x30, [sp, #0x10]
40085298: 910083ff     	add	sp, sp, #0x20
4008529c: d65f03c0     	ret

00000000400852a0 <uart_putc>:
400852a0: d10043ff     	sub	sp, sp, #0x10
400852a4: 39003fe0     	strb	w0, [sp, #0xf]
400852a8: 39403fe8     	ldrb	w8, [sp, #0xf]
400852ac: 71002908     	subs	w8, w8, #0xa
400852b0: 540001c1     	b.ne	0x400852e8 <uart_putc+0x48>
400852b4: 14000001     	b	0x400852b8 <uart_putc+0x18>
400852b8: 14000001     	b	0x400852bc <uart_putc+0x1c>
400852bc: 52800308     	mov	w8, #0x18               // =24
400852c0: 72a12008     	movk	w8, #0x900, lsl #16
400852c4: b9400108     	ldr	w8, [x8]
400852c8: 36280068     	tbz	w8, #0x5, 0x400852d4 <uart_putc+0x34>
400852cc: 14000001     	b	0x400852d0 <uart_putc+0x30>
400852d0: 17fffffb     	b	0x400852bc <uart_putc+0x1c>
400852d4: 52a12008     	mov	w8, #0x9000000          // =150994944
400852d8: 2a0803e9     	mov	w9, w8
400852dc: 528001a8     	mov	w8, #0xd                // =13
400852e0: b9000128     	str	w8, [x9]
400852e4: 14000001     	b	0x400852e8 <uart_putc+0x48>
400852e8: 14000001     	b	0x400852ec <uart_putc+0x4c>
400852ec: 52800308     	mov	w8, #0x18               // =24
400852f0: 72a12008     	movk	w8, #0x900, lsl #16
400852f4: b9400108     	ldr	w8, [x8]
400852f8: 36280068     	tbz	w8, #0x5, 0x40085304 <uart_putc+0x64>
400852fc: 14000001     	b	0x40085300 <uart_putc+0x60>
40085300: 17fffffb     	b	0x400852ec <uart_putc+0x4c>
40085304: 39403fe8     	ldrb	w8, [sp, #0xf]
40085308: 52a12009     	mov	w9, #0x9000000          // =150994944
4008530c: b9000128     	str	w8, [x9]
40085310: 910043ff     	add	sp, sp, #0x10
40085314: d65f03c0     	ret
40085318: d503201f     	nop
4008531c: d503201f     	nop

0000000040085320 <uart_puts>:
40085320: d10083ff     	sub	sp, sp, #0x20
40085324: a9017bfd     	stp	x29, x30, [sp, #0x10]
40085328: 910043fd     	add	x29, sp, #0x10
4008532c: f90007e0     	str	x0, [sp, #0x8]
40085330: b0000be0     	adrp	x0, 0x40202000 <global_file_table+0x1fb8>
40085334: 91012000     	add	x0, x0, #0x48
40085338: 97fffef6     	bl	0x40084f10 <spinlock_acquire_irqsave>
4008533c: f90003e0     	str	x0, [sp]
40085340: 14000001     	b	0x40085344 <uart_puts+0x24>
40085344: f94007e8     	ldr	x8, [sp, #0x8]
40085348: 39400108     	ldrb	w8, [x8]
4008534c: 34000128     	cbz	w8, 0x40085370 <uart_puts+0x50>
40085350: 14000001     	b	0x40085354 <uart_puts+0x34>
40085354: f94007e8     	ldr	x8, [sp, #0x8]
40085358: 39400100     	ldrb	w0, [x8]
4008535c: 97ffffd1     	bl	0x400852a0 <uart_putc>
40085360: f94007e8     	ldr	x8, [sp, #0x8]
40085364: 91000508     	add	x8, x8, #0x1
40085368: f90007e8     	str	x8, [sp, #0x8]
4008536c: 17fffff6     	b	0x40085344 <uart_puts+0x24>
40085370: f94003e1     	ldr	x1, [sp]
40085374: b0000be0     	adrp	x0, 0x40202000 <global_file_table+0x1fb8>
40085378: 91012000     	add	x0, x0, #0x48
4008537c: 97fffef5     	bl	0x40084f50 <spinlock_release_irqrestore>
40085380: a9417bfd     	ldp	x29, x30, [sp, #0x10]
40085384: 910083ff     	add	sp, sp, #0x20
40085388: d65f03c0     	ret
4008538c: d503201f     	nop

0000000040085390 <print_int>:
40085390: d10103ff     	sub	sp, sp, #0x40
40085394: a9037bfd     	stp	x29, x30, [sp, #0x30]
40085398: 9100c3fd     	add	x29, sp, #0x30
4008539c: b81fc3a0     	stur	w0, [x29, #-0x4]
400853a0: b0000be0     	adrp	x0, 0x40202000 <global_file_table+0x1fb8>
400853a4: 91012000     	add	x0, x0, #0x48
400853a8: 97fffeda     	bl	0x40084f10 <spinlock_acquire_irqsave>
400853ac: f81f03a0     	stur	x0, [x29, #-0x10]
400853b0: b85fc3a8     	ldur	w8, [x29, #-0x4]
400853b4: 36f80128     	tbz	w8, #0x1f, 0x400853d8 <print_int+0x48>
400853b8: 14000001     	b	0x400853bc <print_int+0x2c>
400853bc: 528005a0     	mov	w0, #0x2d               // =45
400853c0: 97ffffb8     	bl	0x400852a0 <uart_putc>
400853c4: b85fc3a9     	ldur	w9, [x29, #-0x4]
400853c8: 2a1f03e8     	mov	w8, wzr
400853cc: 6b090108     	subs	w8, w8, w9
400853d0: b81fc3a8     	stur	w8, [x29, #-0x4]
400853d4: 14000001     	b	0x400853d8 <print_int+0x48>
400853d8: b85fc3a8     	ldur	w8, [x29, #-0x4]
400853dc: 35000128     	cbnz	w8, 0x40085400 <print_int+0x70>
400853e0: 14000001     	b	0x400853e4 <print_int+0x54>
400853e4: 52800600     	mov	w0, #0x30               // =48
400853e8: 97ffffae     	bl	0x400852a0 <uart_putc>
400853ec: f85f03a1     	ldur	x1, [x29, #-0x10]
400853f0: b0000be0     	adrp	x0, 0x40202000 <global_file_table+0x1fb8>
400853f4: 91012000     	add	x0, x0, #0x48
400853f8: 97fffed6     	bl	0x40084f50 <spinlock_release_irqrestore>
400853fc: 14000035     	b	0x400854d0 <print_int+0x140>
40085400: 2a1f03e8     	mov	w8, wzr
40085404: b9000fe8     	str	w8, [sp, #0xc]
40085408: 14000001     	b	0x4008540c <print_int+0x7c>
4008540c: b85fc3a8     	ldur	w8, [x29, #-0x4]
40085410: 71000508     	subs	w8, w8, #0x1
40085414: 540003cb     	b.lt	0x4008548c <print_int+0xfc>
40085418: 14000001     	b	0x4008541c <print_int+0x8c>
4008541c: b89fc3a8     	ldursw	x8, [x29, #-0x4]
40085420: 528ccce9     	mov	w9, #0x6667             // =26215
40085424: 72acccc9     	movk	w9, #0x6666, lsl #16
40085428: 2a0903e0     	mov	w0, w9
4008542c: 2a0003e9     	mov	w9, w0
40085430: 9b297d0b     	smull	x11, w8, w9
40085434: d362fd6a     	lsr	x10, x11, #34
40085438: 2a0a03e0     	mov	w0, w10
4008543c: 2a0003ea     	mov	w10, w0
40085440: 8b4bfd4a     	add	x10, x10, x11, lsr #63
40085444: 5280014b     	mov	w11, #0xa               // =10
40085448: 1b0b7d4a     	mul	w10, w10, w11
4008544c: 6b0a0108     	subs	w8, w8, w10
40085450: 1100c108     	add	w8, w8, #0x30
40085454: b9800feb     	ldrsw	x11, [sp, #0xc]
40085458: 2a0b03ea     	mov	w10, w11
4008545c: 1100054a     	add	w10, w10, #0x1
40085460: b9000fea     	str	w10, [sp, #0xc]
40085464: 910043ea     	add	x10, sp, #0x10
40085468: 382b6948     	strb	w8, [x10, x11]
4008546c: b89fc3a8     	ldursw	x8, [x29, #-0x4]
40085470: 9b297d09     	smull	x9, w8, w9
40085474: 9362fd28     	asr	x8, x9, #34
40085478: 2a0803e0     	mov	w0, w8
4008547c: 2a0003e8     	mov	w8, w0
40085480: 8b49fd08     	add	x8, x8, x9, lsr #63
40085484: b81fc3a8     	stur	w8, [x29, #-0x4]
40085488: 17ffffe1     	b	0x4008540c <print_int+0x7c>
4008548c: 14000001     	b	0x40085490 <print_int+0x100>
40085490: b9400fe8     	ldr	w8, [sp, #0xc]
40085494: 71000508     	subs	w8, w8, #0x1
40085498: 5400012b     	b.lt	0x400854bc <print_int+0x12c>
4008549c: 14000001     	b	0x400854a0 <print_int+0x110>
400854a0: b9400fe8     	ldr	w8, [sp, #0xc]
400854a4: 71000509     	subs	w9, w8, #0x1
400854a8: b9000fe9     	str	w9, [sp, #0xc]
400854ac: 910043e8     	add	x8, sp, #0x10
400854b0: 3869c900     	ldrb	w0, [x8, w9, sxtw]
400854b4: 97ffff7b     	bl	0x400852a0 <uart_putc>
400854b8: 17fffff6     	b	0x40085490 <print_int+0x100>
400854bc: f85f03a1     	ldur	x1, [x29, #-0x10]
400854c0: b0000be0     	adrp	x0, 0x40202000 <global_file_table+0x1fb8>
400854c4: 91012000     	add	x0, x0, #0x48
400854c8: 97fffea2     	bl	0x40084f50 <spinlock_release_irqrestore>
400854cc: 14000001     	b	0x400854d0 <print_int+0x140>
400854d0: a9437bfd     	ldp	x29, x30, [sp, #0x30]
400854d4: 910103ff     	add	sp, sp, #0x40
400854d8: d65f03c0     	ret
400854dc: d503201f     	nop

00000000400854e0 <uart_print_hex>:
400854e0: d10103ff     	sub	sp, sp, #0x40
400854e4: a9037bfd     	stp	x29, x30, [sp, #0x30]
400854e8: 9100c3fd     	add	x29, sp, #0x30
400854ec: f81f83a0     	stur	x0, [x29, #-0x8]
400854f0: b0000be0     	adrp	x0, 0x40202000 <global_file_table+0x1fb8>
400854f4: 91012000     	add	x0, x0, #0x48
400854f8: 97fffe86     	bl	0x40084f10 <spinlock_acquire_irqsave>
400854fc: f81f03a0     	stur	x0, [x29, #-0x10]
40085500: 2a1f03e8     	mov	w8, wzr
40085504: 390063e8     	strb	w8, [sp, #0x18]
40085508: d503201f     	nop
4008550c: 1005c569     	adr	x9, 0x40090db8 <UART0_FR+0x290>
40085510: f9400128     	ldr	x8, [x9]
40085514: f9400529     	ldr	x9, [x9, #0x8]
40085518: f9000be9     	str	x9, [sp, #0x10]
4008551c: f90007e8     	str	x8, [sp, #0x8]
40085520: 52800600     	mov	w0, #0x30               // =48
40085524: 97ffff5f     	bl	0x400852a0 <uart_putc>
40085528: 52800f00     	mov	w0, #0x78               // =120
4008552c: 97ffff5d     	bl	0x400852a0 <uart_putc>
40085530: 52800788     	mov	w8, #0x3c               // =60
40085534: b90007e8     	str	w8, [sp, #0x4]
40085538: 14000001     	b	0x4008553c <uart_print_hex+0x5c>
4008553c: b94007e8     	ldr	w8, [sp, #0x4]
40085540: 37f801c8     	tbnz	w8, #0x1f, 0x40085578 <uart_print_hex+0x98>
40085544: 14000001     	b	0x40085548 <uart_print_hex+0x68>
40085548: f85f83a8     	ldur	x8, [x29, #-0x8]
4008554c: b94007e9     	ldr	w9, [sp, #0x4]
40085550: 9ac92508     	lsr	x8, x8, x9
40085554: 92400d09     	and	x9, x8, #0xf
40085558: 910023e8     	add	x8, sp, #0x8
4008555c: 38696900     	ldrb	w0, [x8, x9]
40085560: 97ffff50     	bl	0x400852a0 <uart_putc>
40085564: 14000001     	b	0x40085568 <uart_print_hex+0x88>
40085568: b94007e8     	ldr	w8, [sp, #0x4]
4008556c: 71001108     	subs	w8, w8, #0x4
40085570: b90007e8     	str	w8, [sp, #0x4]
40085574: 17fffff2     	b	0x4008553c <uart_print_hex+0x5c>
40085578: f85f03a1     	ldur	x1, [x29, #-0x10]
4008557c: b0000be0     	adrp	x0, 0x40202000 <global_file_table+0x1fb8>
40085580: 91012000     	add	x0, x0, #0x48
40085584: 97fffe73     	bl	0x40084f50 <spinlock_release_irqrestore>
40085588: a9437bfd     	ldp	x29, x30, [sp, #0x30]
4008558c: 910103ff     	add	sp, sp, #0x40
40085590: d65f03c0     	ret
40085594: d503201f     	nop
40085598: d503201f     	nop
4008559c: d503201f     	nop

00000000400855a0 <main>:
400855a0: a9bf7bfd     	stp	x29, x30, [sp, #-0x10]!
400855a4: 910003fd     	mov	x29, sp
400855a8: b0000be0     	adrp	x0, 0x40202000 <global_file_table+0x1fb8>
400855ac: 91012000     	add	x0, x0, #0x48
400855b0: 97fffe3c     	bl	0x40084ea0 <spinlock_init>
400855b4: b0000060     	adrp	x0, 0x40092000 <UART0_FR+0x14d8>
400855b8: 91081000     	add	x0, x0, #0x204
400855bc: 97ffff59     	bl	0x40085320 <uart_puts>
400855c0: 94000144     	bl	0x40085ad0 <mmu_init>
400855c4: 90000060     	adrp	x0, 0x40091000 <UART0_FR+0x4d8>
400855c8: 9126c000     	add	x0, x0, #0x9b0
400855cc: 97ffff55     	bl	0x40085320 <uart_puts>
400855d0: 940026b8     	bl	0x4008f0b0 <virtio_gpu_init>
400855d4: 350000c0     	cbnz	w0, 0x400855ec <main+0x4c>
400855d8: 14000001     	b	0x400855dc <main+0x3c>
400855dc: 90000060     	adrp	x0, 0x40091000 <UART0_FR+0x4d8>
400855e0: 91341000     	add	x0, x0, #0xd04
400855e4: 97ffff4f     	bl	0x40085320 <uart_puts>
400855e8: 14000005     	b	0x400855fc <main+0x5c>
400855ec: b0000060     	adrp	x0, 0x40092000 <UART0_FR+0x14d8>
400855f0: 91187000     	add	x0, x0, #0x61c
400855f4: 97ffff4b     	bl	0x40085320 <uart_puts>
400855f8: 14000001     	b	0x400855fc <main+0x5c>
400855fc: 940029a9     	bl	0x4008fca0 <virtio_input_init>
40085600: 350000c0     	cbnz	w0, 0x40085618 <main+0x78>
40085604: 14000001     	b	0x40085608 <main+0x68>
40085608: 90000060     	adrp	x0, 0x40091000 <UART0_FR+0x4d8>
4008560c: 9106a400     	add	x0, x0, #0x1a9
40085610: 97ffff44     	bl	0x40085320 <uart_puts>
40085614: 14000005     	b	0x40085628 <main+0x88>
40085618: f0000040     	adrp	x0, 0x40090000 <virtio_input_init+0x360>
4008561c: 91372400     	add	x0, x0, #0xdc9
40085620: 97ffff40     	bl	0x40085320 <uart_puts>
40085624: 14000001     	b	0x40085628 <main+0x88>
40085628: 97fffdea     	bl	0x40084dd0 <gic_init>
4008562c: 940012a9     	bl	0x4008a0d0 <process_init>
40085630: 97fff860     	bl	0x400837b0 <fs_init>
40085634: 94000c17     	bl	0x40088690 <pipes_init>
40085638: 528003c0     	mov	w0, #0x1e               // =30
4008563c: 97fffded     	bl	0x40084df0 <gic_enable_interrupt>
40085640: 94001cc8     	bl	0x4008c960 <timer_init>
40085644: 94001c17     	bl	0x4008c6a0 <smp_init>
40085648: d50342ff     	msr	DAIFClr, #0x2
4008564c: 940024dd     	bl	0x4008e9c0 <virtio_blk_init>
40085650: 340000c0     	cbz	w0, 0x40085668 <main+0xc8>
40085654: 14000001     	b	0x40085658 <main+0xb8>
40085658: 90000060     	adrp	x0, 0x40091000 <UART0_FR+0x4d8>
4008565c: 91200400     	add	x0, x0, #0x801
40085660: 97ffff30     	bl	0x40085320 <uart_puts>
40085664: 1400002d     	b	0x40085718 <main+0x178>
40085668: b0000068     	adrp	x8, 0x40092000 <UART0_FR+0x14d8>
4008566c: b94b7900     	ldr	w0, [x8, #0xb78]
40085670: 97fffde0     	bl	0x40084df0 <gic_enable_interrupt>
40085674: f0000040     	adrp	x0, 0x40090000 <virtio_input_init+0x360>
40085678: 913ee800     	add	x0, x0, #0xfba
4008567c: 97ffff29     	bl	0x40085320 <uart_puts>
40085680: 97fff208     	bl	0x40081ea0 <fat16_init>
40085684: 340000c0     	cbz	w0, 0x4008569c <main+0xfc>
40085688: 14000001     	b	0x4008568c <main+0xec>
4008568c: 90000060     	adrp	x0, 0x40091000 <UART0_FR+0x4d8>
40085690: 9119b000     	add	x0, x0, #0x66c
40085694: 97ffff23     	bl	0x40085320 <uart_puts>
40085698: 14000020     	b	0x40085718 <main+0x178>
4008569c: b0000060     	adrp	x0, 0x40092000 <UART0_FR+0x14d8>
400856a0: 9109a400     	add	x0, x0, #0x269
400856a4: 97ffff1f     	bl	0x40085320 <uart_puts>
400856a8: 9400032e     	bl	0x40086360 <net_init>
400856ac: 94002a99     	bl	0x40090110 <virtio_net_init>
400856b0: 35000140     	cbnz	w0, 0x400856d8 <main+0x138>
400856b4: 14000001     	b	0x400856b8 <main+0x118>
400856b8: 90000060     	adrp	x0, 0x40091000 <UART0_FR+0x4d8>
400856bc: 913b1000     	add	x0, x0, #0xec4
400856c0: 97ffff18     	bl	0x40085320 <uart_puts>
400856c4: b0000068     	adrp	x8, 0x40092000 <UART0_FR+0x14d8>
400856c8: b94b7d00     	ldr	w0, [x8, #0xb7c]
400856cc: 97fffdc9     	bl	0x40084df0 <gic_enable_interrupt>
400856d0: 97fff154     	bl	0x40081c20 <dhcp_init>
400856d4: 14000005     	b	0x400856e8 <main+0x148>
400856d8: 90000060     	adrp	x0, 0x40091000 <UART0_FR+0x4d8>
400856dc: 9114ec00     	add	x0, x0, #0x53b
400856e0: 97ffff10     	bl	0x40085320 <uart_puts>
400856e4: 14000001     	b	0x400856e8 <main+0x148>
400856e8: 90000060     	adrp	x0, 0x40091000 <UART0_FR+0x4d8>
400856ec: 91209800     	add	x0, x0, #0x826
400856f0: 97ffff0c     	bl	0x40085320 <uart_puts>
400856f4: 90000060     	adrp	x0, 0x40091000 <UART0_FR+0x4d8>
400856f8: 913bb800     	add	x0, x0, #0xeee
400856fc: 97ffff09     	bl	0x40085320 <uart_puts>
40085700: 94002434     	bl	0x4008e7d0 <run_all_unit_tests>
40085704: 940017cf     	bl	0x4008b640 <start_scheduler>
40085708: b0000060     	adrp	x0, 0x40092000 <UART0_FR+0x14d8>
4008570c: 9115ac00     	add	x0, x0, #0x56b
40085710: 97ffff04     	bl	0x40085320 <uart_puts>
40085714: 14000001     	b	0x40085718 <main+0x178>
40085718: a8c17bfd     	ldp	x29, x30, [sp], #0x10
4008571c: d65f03c0     	ret

0000000040085720 <secondary_main>:
40085720: d10083ff     	sub	sp, sp, #0x20
40085724: a9017bfd     	stp	x29, x30, [sp, #0x10]
40085728: 910043fd     	add	x29, sp, #0x10
4008572c: 94001bd5     	bl	0x4008c680 <get_cpuid>
40085730: b81fc3a0     	stur	w0, [x29, #-0x4]
40085734: 940000c3     	bl	0x40085a40 <mmu_init_core>
40085738: 97fffd8e     	bl	0x40084d70 <gic_init_cpu>
4008573c: 94001c89     	bl	0x4008c960 <timer_init>
40085740: 528003c0     	mov	w0, #0x1e               // =30
40085744: 97fffdab     	bl	0x40084df0 <gic_enable_interrupt>
40085748: d50342ff     	msr	DAIFClr, #0x2
4008574c: 940017bd     	bl	0x4008b640 <start_scheduler>
40085750: a9417bfd     	ldp	x29, x30, [sp, #0x10]
40085754: 910083ff     	add	sp, sp, #0x20
40085758: d65f03c0     	ret
4008575c: 00000000     	udf	#0x0

0000000040085760 <mmu_init_tables>:
40085760: d10143ff     	sub	sp, sp, #0x50
40085764: a9047bfd     	stp	x29, x30, [sp, #0x40]
40085768: 910103fd     	add	x29, sp, #0x40
4008576c: d0000be0     	adrp	x0, 0x40203000 <mmu_lock>
40085770: 91000000     	add	x0, x0, #0x0
40085774: 97fffdcb     	bl	0x40084ea0 <spinlock_init>
40085778: 2a1f03e8     	mov	w8, wzr
4008577c: b81fc3a8     	stur	w8, [x29, #-0x4]
40085780: 14000001     	b	0x40085784 <mmu_init_tables+0x24>
40085784: b85fc3a8     	ldur	w8, [x29, #-0x4]
40085788: 71000d08     	subs	w8, w8, #0x3
4008578c: 5400060c     	b.gt	0x4008584c <mmu_init_tables+0xec>
40085790: 14000001     	b	0x40085794 <mmu_init_tables+0x34>
40085794: 2a1f03e8     	mov	w8, wzr
40085798: b81f83a8     	stur	w8, [x29, #-0x8]
4008579c: 14000001     	b	0x400857a0 <mmu_init_tables+0x40>
400857a0: b85f83a8     	ldur	w8, [x29, #-0x8]
400857a4: 7107fd08     	subs	w8, w8, #0x1ff
400857a8: 5400028c     	b.gt	0x400857f8 <mmu_init_tables+0x98>
400857ac: 14000001     	b	0x400857b0 <mmu_init_tables+0x50>
400857b0: b89fc3a9     	ldursw	x9, [x29, #-0x4]
400857b4: f0000be8     	adrp	x8, 0x40204000 <l1_table>
400857b8: 91000108     	add	x8, x8, #0x0
400857bc: 8b093109     	add	x9, x8, x9, lsl #12
400857c0: b89f83aa     	ldursw	x10, [x29, #-0x8]
400857c4: aa1f03e8     	mov	x8, xzr
400857c8: f82a7928     	str	x8, [x9, x10, lsl #3]
400857cc: b89fc3aa     	ldursw	x10, [x29, #-0x4]
400857d0: f0000c09     	adrp	x9, 0x40208000 <l2_table_1>
400857d4: 91000129     	add	x9, x9, #0x0
400857d8: 8b0a3129     	add	x9, x9, x10, lsl #12
400857dc: b89f83aa     	ldursw	x10, [x29, #-0x8]
400857e0: f82a7928     	str	x8, [x9, x10, lsl #3]
400857e4: 14000001     	b	0x400857e8 <mmu_init_tables+0x88>
400857e8: b85f83a8     	ldur	w8, [x29, #-0x8]
400857ec: 11000508     	add	w8, w8, #0x1
400857f0: b81f83a8     	stur	w8, [x29, #-0x8]
400857f4: 17ffffeb     	b	0x400857a0 <mmu_init_tables+0x40>
400857f8: f0000c28     	adrp	x8, 0x4020c000 <l2_table_0>
400857fc: 91000108     	add	x8, x8, #0x0
40085800: b2400508     	orr	x8, x8, #0x3
40085804: b89fc3a9     	ldursw	x9, [x29, #-0x4]
40085808: d374cd2a     	lsl	x10, x9, #12
4008580c: f0000be9     	adrp	x9, 0x40204000 <l1_table>
40085810: 91000129     	add	x9, x9, #0x0
40085814: f82a6928     	str	x8, [x9, x10]
40085818: b89fc3a8     	ldursw	x8, [x29, #-0x4]
4008581c: d374cd0a     	lsl	x10, x8, #12
40085820: f0000c08     	adrp	x8, 0x40208000 <l2_table_1>
40085824: 91000108     	add	x8, x8, #0x0
40085828: 8b0a0108     	add	x8, x8, x10
4008582c: b2400508     	orr	x8, x8, #0x3
40085830: 8b0a0129     	add	x9, x9, x10
40085834: f9000528     	str	x8, [x9, #0x8]
40085838: 14000001     	b	0x4008583c <mmu_init_tables+0xdc>
4008583c: b85fc3a8     	ldur	w8, [x29, #-0x4]
40085840: 11000508     	add	w8, w8, #0x1
40085844: b81fc3a8     	stur	w8, [x29, #-0x4]
40085848: 17ffffcf     	b	0x40085784 <mmu_init_tables+0x24>
4008584c: 2a1f03e8     	mov	w8, wzr
40085850: b81f43a8     	stur	w8, [x29, #-0xc]
40085854: 14000001     	b	0x40085858 <mmu_init_tables+0xf8>
40085858: b85f43a8     	ldur	w8, [x29, #-0xc]
4008585c: 7107fd08     	subs	w8, w8, #0x1ff
40085860: 5400018c     	b.gt	0x40085890 <mmu_init_tables+0x130>
40085864: 14000001     	b	0x40085868 <mmu_init_tables+0x108>
40085868: b89f43aa     	ldursw	x10, [x29, #-0xc]
4008586c: f0000c29     	adrp	x9, 0x4020c000 <l2_table_0>
40085870: 91000129     	add	x9, x9, #0x0
40085874: aa1f03e8     	mov	x8, xzr
40085878: f82a7928     	str	x8, [x9, x10, lsl #3]
4008587c: 14000001     	b	0x40085880 <mmu_init_tables+0x120>
40085880: b85f43a8     	ldur	w8, [x29, #-0xc]
40085884: 11000508     	add	w8, w8, #0x1
40085888: b81f43a8     	stur	w8, [x29, #-0xc]
4008588c: 17fffff3     	b	0x40085858 <mmu_init_tables+0xf8>
40085890: 2a1f03e8     	mov	w8, wzr
40085894: b81f03a8     	stur	w8, [x29, #-0x10]
40085898: 14000001     	b	0x4008589c <mmu_init_tables+0x13c>
4008589c: b85f03a8     	ldur	w8, [x29, #-0x10]
400858a0: 7107fd08     	subs	w8, w8, #0x1ff
400858a4: 540002cc     	b.gt	0x400858fc <mmu_init_tables+0x19c>
400858a8: 14000001     	b	0x400858ac <mmu_init_tables+0x14c>
400858ac: b89f03a8     	ldursw	x8, [x29, #-0x10]
400858b0: d36ba908     	lsl	x8, x8, #21
400858b4: f81e83a8     	stur	x8, [x29, #-0x18]
400858b8: 52808028     	mov	w8, #0x401              // =1025
400858bc: f90013e8     	str	x8, [sp, #0x20]
400858c0: f94013e8     	ldr	x8, [sp, #0x20]
400858c4: b24b0508     	orr	x8, x8, #0x60000000000000
400858c8: f90013e8     	str	x8, [sp, #0x20]
400858cc: f85e83a8     	ldur	x8, [x29, #-0x18]
400858d0: f94013e9     	ldr	x9, [sp, #0x20]
400858d4: aa090108     	orr	x8, x8, x9
400858d8: b89f03aa     	ldursw	x10, [x29, #-0x10]
400858dc: f0000c29     	adrp	x9, 0x4020c000 <l2_table_0>
400858e0: 91000129     	add	x9, x9, #0x0
400858e4: f82a7928     	str	x8, [x9, x10, lsl #3]
400858e8: 14000001     	b	0x400858ec <mmu_init_tables+0x18c>
400858ec: b85f03a8     	ldur	w8, [x29, #-0x10]
400858f0: 11000508     	add	w8, w8, #0x1
400858f4: b81f03a8     	stur	w8, [x29, #-0x10]
400858f8: 17ffffe9     	b	0x4008589c <mmu_init_tables+0x13c>
400858fc: 2a1f03e8     	mov	w8, wzr
40085900: b9001fe8     	str	w8, [sp, #0x1c]
40085904: 14000001     	b	0x40085908 <mmu_init_tables+0x1a8>
40085908: b9401fe8     	ldr	w8, [sp, #0x1c]
4008590c: 7107fd08     	subs	w8, w8, #0x1ff
40085910: 540008cc     	b.gt	0x40085a28 <mmu_init_tables+0x2c8>
40085914: 14000001     	b	0x40085918 <mmu_init_tables+0x1b8>
40085918: b9801fe9     	ldrsw	x9, [sp, #0x1c]
4008591c: 52a80008     	mov	w8, #0x40000000         // =1073741824
40085920: 8b095508     	add	x8, x8, x9, lsl #21
40085924: f9000be8     	str	x8, [sp, #0x10]
40085928: 52808028     	mov	w8, #0x401              // =1025
4008592c: f90007e8     	str	x8, [sp, #0x8]
40085930: f9400be8     	ldr	x8, [sp, #0x10]
40085934: d35efd08     	lsr	x8, x8, #30
40085938: b40003c8     	cbz	x8, 0x400859b0 <mmu_init_tables+0x250>
4008593c: 14000001     	b	0x40085940 <mmu_init_tables+0x1e0>
40085940: f9400be8     	ldr	x8, [sp, #0x10]
40085944: d35ffd08     	lsr	x8, x8, #31
40085948: b5000348     	cbnz	x8, 0x400859b0 <mmu_init_tables+0x250>
4008594c: 14000001     	b	0x40085950 <mmu_init_tables+0x1f0>
40085950: 528080a8     	mov	w8, #0x405              // =1029
40085954: f90007e8     	str	x8, [sp, #0x8]
40085958: f9400be8     	ldr	x8, [sp, #0x10]
4008595c: d35afd08     	lsr	x8, x8, #26
40085960: f1004508     	subs	x8, x8, #0x11
40085964: 540001c3     	b.lo	0x4008599c <mmu_init_tables+0x23c>
40085968: 14000001     	b	0x4008596c <mmu_init_tables+0x20c>
4008596c: f9400be8     	ldr	x8, [sp, #0x10]
40085970: d358fd08     	lsr	x8, x8, #24
40085974: f1011108     	subs	x8, x8, #0x44
40085978: 54000128     	b.hi	0x4008599c <mmu_init_tables+0x23c>
4008597c: 14000001     	b	0x40085980 <mmu_init_tables+0x220>
40085980: f94007e8     	ldr	x8, [sp, #0x8]
40085984: b27a0108     	orr	x8, x8, #0x40
40085988: f90007e8     	str	x8, [sp, #0x8]
4008598c: f94007e8     	ldr	x8, [sp, #0x8]
40085990: b24b0108     	orr	x8, x8, #0x20000000000000
40085994: f90007e8     	str	x8, [sp, #0x8]
40085998: 14000005     	b	0x400859ac <mmu_init_tables+0x24c>
4008599c: f94007e8     	ldr	x8, [sp, #0x8]
400859a0: b24a0108     	orr	x8, x8, #0x40000000000000
400859a4: f90007e8     	str	x8, [sp, #0x8]
400859a8: 14000001     	b	0x400859ac <mmu_init_tables+0x24c>
400859ac: 14000005     	b	0x400859c0 <mmu_init_tables+0x260>
400859b0: f94007e8     	ldr	x8, [sp, #0x8]
400859b4: b24b0508     	orr	x8, x8, #0x60000000000000
400859b8: f90007e8     	str	x8, [sp, #0x8]
400859bc: 14000001     	b	0x400859c0 <mmu_init_tables+0x260>
400859c0: 2a1f03e8     	mov	w8, wzr
400859c4: b90007e8     	str	w8, [sp, #0x4]
400859c8: 14000001     	b	0x400859cc <mmu_init_tables+0x26c>
400859cc: b94007e8     	ldr	w8, [sp, #0x4]
400859d0: 71000d08     	subs	w8, w8, #0x3
400859d4: 5400020c     	b.gt	0x40085a14 <mmu_init_tables+0x2b4>
400859d8: 14000001     	b	0x400859dc <mmu_init_tables+0x27c>
400859dc: f9400be8     	ldr	x8, [sp, #0x10]
400859e0: f94007e9     	ldr	x9, [sp, #0x8]
400859e4: aa090108     	orr	x8, x8, x9
400859e8: b98007ea     	ldrsw	x10, [sp, #0x4]
400859ec: f0000c09     	adrp	x9, 0x40208000 <l2_table_1>
400859f0: 91000129     	add	x9, x9, #0x0
400859f4: 8b0a3129     	add	x9, x9, x10, lsl #12
400859f8: b9801fea     	ldrsw	x10, [sp, #0x1c]
400859fc: f82a7928     	str	x8, [x9, x10, lsl #3]
40085a00: 14000001     	b	0x40085a04 <mmu_init_tables+0x2a4>
40085a04: b94007e8     	ldr	w8, [sp, #0x4]
40085a08: 11000508     	add	w8, w8, #0x1
40085a0c: b90007e8     	str	w8, [sp, #0x4]
40085a10: 17ffffef     	b	0x400859cc <mmu_init_tables+0x26c>
40085a14: 14000001     	b	0x40085a18 <mmu_init_tables+0x2b8>
40085a18: b9401fe8     	ldr	w8, [sp, #0x1c]
40085a1c: 11000508     	add	w8, w8, #0x1
40085a20: b9001fe8     	str	w8, [sp, #0x1c]
40085a24: 17ffffb9     	b	0x40085908 <mmu_init_tables+0x1a8>
40085a28: a9447bfd     	ldp	x29, x30, [sp, #0x40]
40085a2c: 910143ff     	add	sp, sp, #0x50
40085a30: d65f03c0     	ret
40085a34: d503201f     	nop
40085a38: d503201f     	nop
40085a3c: d503201f     	nop

0000000040085a40 <mmu_init_core>:
40085a40: d100c3ff     	sub	sp, sp, #0x30
40085a44: a9027bfd     	stp	x29, x30, [sp, #0x20]
40085a48: 910083fd     	add	x29, sp, #0x20
40085a4c: 52888008     	mov	w8, #0x4400             // =17408
40085a50: f81f83a8     	stur	x8, [x29, #-0x8]
40085a54: f85f83a8     	ldur	x8, [x29, #-0x8]
40085a58: d518a208     	msr	MAIR_EL1, x8
40085a5c: 5282a328     	mov	w8, #0x1519             // =5401
40085a60: 72a01008     	movk	w8, #0x80, lsl #16
40085a64: f9000be8     	str	x8, [sp, #0x10]
40085a68: f9400be8     	ldr	x8, [sp, #0x10]
40085a6c: d5182048     	msr	TCR_EL1, x8
40085a70: 94001b04     	bl	0x4008c680 <get_cpuid>
40085a74: b9000fe0     	str	w0, [sp, #0xc]
40085a78: b9400fe8     	ldr	w8, [sp, #0xc]
40085a7c: 2a0803e9     	mov	w9, w8
40085a80: f0000be8     	adrp	x8, 0x40204000 <l1_table>
40085a84: 91000108     	add	x8, x8, #0x0
40085a88: 8b093108     	add	x8, x8, x9, lsl #12
40085a8c: d5182008     	msr	TTBR0_EL1, x8
40085a90: d5033fdf     	isb
40085a94: d5381008     	mrs	x8, SCTLR_EL1
40085a98: f90003e8     	str	x8, [sp]
40085a9c: f94003e8     	ldr	x8, [sp]
40085aa0: b2400108     	orr	x8, x8, #0x1
40085aa4: f90003e8     	str	x8, [sp]
40085aa8: f94003e8     	ldr	x8, [sp]
40085aac: 927ef908     	and	x8, x8, #0xfffffffffffffffd
40085ab0: f90003e8     	str	x8, [sp]
40085ab4: f94003e8     	ldr	x8, [sp]
40085ab8: d5181008     	msr	SCTLR_EL1, x8
40085abc: d5033fdf     	isb
40085ac0: a9427bfd     	ldp	x29, x30, [sp, #0x20]
40085ac4: 9100c3ff     	add	sp, sp, #0x30
40085ac8: d65f03c0     	ret
40085acc: d503201f     	nop

0000000040085ad0 <mmu_init>:
40085ad0: a9bf7bfd     	stp	x29, x30, [sp, #-0x10]!
40085ad4: 910003fd     	mov	x29, sp
40085ad8: 97ffff22     	bl	0x40085760 <mmu_init_tables>
40085adc: 97ffffd9     	bl	0x40085a40 <mmu_init_core>
40085ae0: a8c17bfd     	ldp	x29, x30, [sp], #0x10
40085ae4: d65f03c0     	ret
40085ae8: d503201f     	nop
40085aec: d503201f     	nop

0000000040085af0 <mmu_make_user_block_desc>:
40085af0: d10043ff     	sub	sp, sp, #0x10
40085af4: f90007e0     	str	x0, [sp, #0x8]
40085af8: 528080a8     	mov	w8, #0x405              // =1029
40085afc: f90003e8     	str	x8, [sp]
40085b00: f94003e8     	ldr	x8, [sp]
40085b04: b27a0108     	orr	x8, x8, #0x40
40085b08: f90003e8     	str	x8, [sp]
40085b0c: f94003e8     	ldr	x8, [sp]
40085b10: b24b0108     	orr	x8, x8, #0x20000000000000
40085b14: f90003e8     	str	x8, [sp]
40085b18: f94007e8     	ldr	x8, [sp, #0x8]
40085b1c: f94003e9     	ldr	x9, [sp]
40085b20: aa090100     	orr	x0, x8, x9
40085b24: 910043ff     	add	sp, sp, #0x10
40085b28: d65f03c0     	ret
40085b2c: d503201f     	nop

0000000040085b30 <mmu_switch_user_mapping>:
40085b30: d100c3ff     	sub	sp, sp, #0x30
40085b34: a9027bfd     	stp	x29, x30, [sp, #0x20]
40085b38: 910083fd     	add	x29, sp, #0x20
40085b3c: f81f83a0     	stur	x0, [x29, #-0x8]
40085b40: d0000be0     	adrp	x0, 0x40203000 <mmu_lock>
40085b44: 91000000     	add	x0, x0, #0x0
40085b48: 97fffcf2     	bl	0x40084f10 <spinlock_acquire_irqsave>
40085b4c: f9000be0     	str	x0, [sp, #0x10]
40085b50: 52800108     	mov	w8, #0x8                // =8
40085b54: b9000fe8     	str	w8, [sp, #0xc]
40085b58: 94001aca     	bl	0x4008c680 <get_cpuid>
40085b5c: b9000be0     	str	w0, [sp, #0x8]
40085b60: 2a1f03e8     	mov	w8, wzr
40085b64: b90007e8     	str	w8, [sp, #0x4]
40085b68: 14000001     	b	0x40085b6c <mmu_switch_user_mapping+0x3c>
40085b6c: b94007e8     	ldr	w8, [sp, #0x4]
40085b70: b9400fe9     	ldr	w9, [sp, #0xc]
40085b74: 6b090108     	subs	w8, w8, w9
40085b78: 5400026a     	b.ge	0x40085bc4 <mmu_switch_user_mapping+0x94>
40085b7c: 14000001     	b	0x40085b80 <mmu_switch_user_mapping+0x50>
40085b80: f85f83a8     	ldur	x8, [x29, #-0x8]
40085b84: b98007e9     	ldrsw	x9, [sp, #0x4]
40085b88: 8b095500     	add	x0, x8, x9, lsl #21
40085b8c: 97ffffd9     	bl	0x40085af0 <mmu_make_user_block_desc>
40085b90: b9400be8     	ldr	w8, [sp, #0x8]
40085b94: 2a0803e9     	mov	w9, w8
40085b98: f0000c08     	adrp	x8, 0x40208000 <l2_table_1>
40085b9c: 91000108     	add	x8, x8, #0x0
40085ba0: 8b093108     	add	x8, x8, x9, lsl #12
40085ba4: b98007e9     	ldrsw	x9, [sp, #0x4]
40085ba8: 8b090d08     	add	x8, x8, x9, lsl #3
40085bac: f9008100     	str	x0, [x8, #0x100]
40085bb0: 14000001     	b	0x40085bb4 <mmu_switch_user_mapping+0x84>
40085bb4: b94007e8     	ldr	w8, [sp, #0x4]
40085bb8: 11000508     	add	w8, w8, #0x1
40085bbc: b90007e8     	str	w8, [sp, #0x4]
40085bc0: 17ffffeb     	b	0x40085b6c <mmu_switch_user_mapping+0x3c>
40085bc4: d5033f9f     	dsb	sy
40085bc8: d508871f     	tlbi	vmalle1
40085bcc: d5033f9f     	dsb	sy
40085bd0: d5033fdf     	isb
40085bd4: f9400be1     	ldr	x1, [sp, #0x10]
40085bd8: d0000be0     	adrp	x0, 0x40203000 <mmu_lock>
40085bdc: 91000000     	add	x0, x0, #0x0
40085be0: 97fffcdc     	bl	0x40084f50 <spinlock_release_irqrestore>
40085be4: a9427bfd     	ldp	x29, x30, [sp, #0x20]
40085be8: 9100c3ff     	add	sp, sp, #0x30
40085bec: d65f03c0     	ret

0000000040085bf0 <mmu_map_user_framebuffer>:
40085bf0: d100c3ff     	sub	sp, sp, #0x30
40085bf4: a9027bfd     	stp	x29, x30, [sp, #0x20]
40085bf8: 910083fd     	add	x29, sp, #0x20
40085bfc: f81f83a0     	stur	x0, [x29, #-0x8]
40085c00: d0000be0     	adrp	x0, 0x40203000 <mmu_lock>
40085c04: 91000000     	add	x0, x0, #0x0
40085c08: 97fffcc2     	bl	0x40084f10 <spinlock_acquire_irqsave>
40085c0c: f9000be0     	str	x0, [sp, #0x10]
40085c10: 2a1f03e8     	mov	w8, wzr
40085c14: b9000fe8     	str	w8, [sp, #0xc]
40085c18: 14000001     	b	0x40085c1c <mmu_map_user_framebuffer+0x2c>
40085c1c: b9400fe8     	ldr	w8, [sp, #0xc]
40085c20: 71000d08     	subs	w8, w8, #0x3
40085c24: 540002cc     	b.gt	0x40085c7c <mmu_map_user_framebuffer+0x8c>
40085c28: 14000001     	b	0x40085c2c <mmu_map_user_framebuffer+0x3c>
40085c2c: f85f83a0     	ldur	x0, [x29, #-0x8]
40085c30: 97ffffb0     	bl	0x40085af0 <mmu_make_user_block_desc>
40085c34: b9800fe9     	ldrsw	x9, [sp, #0xc]
40085c38: f0000c08     	adrp	x8, 0x40208000 <l2_table_1>
40085c3c: 91000108     	add	x8, x8, #0x0
40085c40: f90003e8     	str	x8, [sp]
40085c44: 8b093108     	add	x8, x8, x9, lsl #12
40085c48: f9020100     	str	x0, [x8, #0x400]
40085c4c: f85f83a8     	ldur	x8, [x29, #-0x8]
40085c50: 91480100     	add	x0, x8, #0x200, lsl #12 // =0x200000
40085c54: 97ffffa7     	bl	0x40085af0 <mmu_make_user_block_desc>
40085c58: f94003e8     	ldr	x8, [sp]
40085c5c: b9800fe9     	ldrsw	x9, [sp, #0xc]
40085c60: 8b093108     	add	x8, x8, x9, lsl #12
40085c64: f9020500     	str	x0, [x8, #0x408]
40085c68: 14000001     	b	0x40085c6c <mmu_map_user_framebuffer+0x7c>
40085c6c: b9400fe8     	ldr	w8, [sp, #0xc]
40085c70: 11000508     	add	w8, w8, #0x1
40085c74: b9000fe8     	str	w8, [sp, #0xc]
40085c78: 17ffffe9     	b	0x40085c1c <mmu_map_user_framebuffer+0x2c>
40085c7c: d5033f9f     	dsb	sy
40085c80: d508831f     	tlbi	vmalle1is
40085c84: d5033f9f     	dsb	sy
40085c88: d5033fdf     	isb
40085c8c: f9400be1     	ldr	x1, [sp, #0x10]
40085c90: d0000be0     	adrp	x0, 0x40203000 <mmu_lock>
40085c94: 91000000     	add	x0, x0, #0x0
40085c98: 97fffcae     	bl	0x40084f50 <spinlock_release_irqrestore>
40085c9c: a9427bfd     	ldp	x29, x30, [sp, #0x20]
40085ca0: 9100c3ff     	add	sp, sp, #0x30
40085ca4: d65f03c0     	ret
40085ca8: d503201f     	nop
40085cac: d503201f     	nop

0000000040085cb0 <__clear_cache>:
40085cb0: d100c3ff     	sub	sp, sp, #0x30
40085cb4: f90017e0     	str	x0, [sp, #0x28]
40085cb8: f90013e1     	str	x1, [sp, #0x20]
40085cbc: 52800808     	mov	w8, #0x40               // =64
40085cc0: b9001fe8     	str	w8, [sp, #0x1c]
40085cc4: f94017e8     	ldr	x8, [sp, #0x28]
40085cc8: 927ae508     	and	x8, x8, #0xffffffffffffffc0
40085ccc: f9000be8     	str	x8, [sp, #0x10]
40085cd0: f9400be8     	ldr	x8, [sp, #0x10]
40085cd4: f90007e8     	str	x8, [sp, #0x8]
40085cd8: 14000001     	b	0x40085cdc <__clear_cache+0x2c>
40085cdc: f94007e8     	ldr	x8, [sp, #0x8]
40085ce0: f94013e9     	ldr	x9, [sp, #0x20]
40085ce4: eb090108     	subs	x8, x8, x9
40085ce8: 54000122     	b.hs	0x40085d0c <__clear_cache+0x5c>
40085cec: 14000001     	b	0x40085cf0 <__clear_cache+0x40>
40085cf0: f94007e8     	ldr	x8, [sp, #0x8]
40085cf4: d50b7b28     	dc	cvau, x8
40085cf8: 14000001     	b	0x40085cfc <__clear_cache+0x4c>
40085cfc: f94007e8     	ldr	x8, [sp, #0x8]
40085d00: 91010108     	add	x8, x8, #0x40
40085d04: f90007e8     	str	x8, [sp, #0x8]
40085d08: 17fffff5     	b	0x40085cdc <__clear_cache+0x2c>
40085d0c: d5033b9f     	dsb	ish
40085d10: d508711f     	ic	ialluis
40085d14: d5033b9f     	dsb	ish
40085d18: d5033fdf     	isb
40085d1c: 9100c3ff     	add	sp, sp, #0x30
40085d20: d65f03c0     	ret
		...

0000000040085d30 <mmu_test_suite>:
40085d30: a9bf7bfd     	stp	x29, x30, [sp, #-0x10]!
40085d34: 910003fd     	mov	x29, sp
40085d38: d503201f     	nop
40085d3c: 70065440     	adr	x0, 0x400927c7 <UART0_FR+0x1c9f>
40085d40: 97fffd78     	bl	0x40085320 <uart_puts>
40085d44: 94000007     	bl	0x40085d60 <test_mmu_make_user_block_desc>
40085d48: 9400006a     	bl	0x40085ef0 <test_mmu_switch_user_mapping>
40085d4c: 940000b9     	bl	0x40086030 <test_mmu_map_user_framebuffer>
40085d50: a8c17bfd     	ldp	x29, x30, [sp], #0x10
40085d54: d65f03c0     	ret
40085d58: d503201f     	nop
40085d5c: d503201f     	nop

0000000040085d60 <test_mmu_make_user_block_desc>:
40085d60: d10103ff     	sub	sp, sp, #0x40
40085d64: a9037bfd     	stp	x29, x30, [sp, #0x30]
40085d68: 9100c3fd     	add	x29, sp, #0x30
40085d6c: b0000ce9     	adrp	x9, 0x40222000 <syscall_tasks+0x7f8>
40085d70: b9400928     	ldr	w8, [x9, #0x8]
40085d74: 11000508     	add	w8, w8, #0x1
40085d78: b9000928     	str	w8, [x9, #0x8]
40085d7c: 90000060     	adrp	x0, 0x40091000 <UART0_FR+0x4d8>
40085d80: 913c7800     	add	x0, x0, #0xf1e
40085d84: 97fffd67     	bl	0x40085320 <uart_puts>
40085d88: 52a80008     	mov	w8, #0x40000000         // =1073741824
40085d8c: f81f83a8     	stur	x8, [x29, #-0x8]
40085d90: f85f83a0     	ldur	x0, [x29, #-0x8]
40085d94: 97ffff57     	bl	0x40085af0 <mmu_make_user_block_desc>
40085d98: f81f03a0     	stur	x0, [x29, #-0x10]
40085d9c: 14000001     	b	0x40085da0 <test_mmu_make_user_block_desc+0x40>
40085da0: f85f03a8     	ldur	x8, [x29, #-0x10]
40085da4: 92748d08     	and	x8, x8, #0xfffffffff000
40085da8: f85f83a9     	ldur	x9, [x29, #-0x8]
40085dac: eb090108     	subs	x8, x8, x9
40085db0: 1a9f17e8     	cset	w8, eq
40085db4: b81ec3a8     	stur	w8, [x29, #-0x14]
40085db8: 52800028     	mov	w8, #0x1                // =1
40085dbc: b9001be8     	str	w8, [sp, #0x18]
40085dc0: b85ec3a8     	ldur	w8, [x29, #-0x14]
40085dc4: b9401be9     	ldr	w9, [sp, #0x18]
40085dc8: 6b090108     	subs	w8, w8, w9
40085dcc: 54000320     	b.eq	0x40085e30 <test_mmu_make_user_block_desc+0xd0>
40085dd0: 14000001     	b	0x40085dd4 <test_mmu_make_user_block_desc+0x74>
40085dd4: 90000060     	adrp	x0, 0x40091000 <UART0_FR+0x4d8>
40085dd8: 91356800     	add	x0, x0, #0xd5a
40085ddc: 97fffd51     	bl	0x40085320 <uart_puts>
40085de0: 52800300     	mov	w0, #0x18               // =24
40085de4: 97fffd6b     	bl	0x40085390 <print_int>
40085de8: b0000060     	adrp	x0, 0x40092000 <UART0_FR+0x14d8>
40085dec: 91214400     	add	x0, x0, #0x851
40085df0: 97fffd4c     	bl	0x40085320 <uart_puts>
40085df4: b85ec3a0     	ldur	w0, [x29, #-0x14]
40085df8: 97fffd66     	bl	0x40085390 <print_int>
40085dfc: b0000060     	adrp	x0, 0x40092000 <UART0_FR+0x14d8>
40085e00: 91217000     	add	x0, x0, #0x85c
40085e04: 97fffd47     	bl	0x40085320 <uart_puts>
40085e08: b9401be0     	ldr	w0, [sp, #0x18]
40085e0c: 97fffd61     	bl	0x40085390 <print_int>
40085e10: 90000060     	adrp	x0, 0x40091000 <UART0_FR+0x4d8>
40085e14: 913b0800     	add	x0, x0, #0xec2
40085e18: 97fffd42     	bl	0x40085320 <uart_puts>
40085e1c: b0000ce9     	adrp	x9, 0x40222000 <syscall_tasks+0x7f8>
40085e20: b9400d28     	ldr	w8, [x9, #0xc]
40085e24: 11000508     	add	w8, w8, #0x1
40085e28: b9000d28     	str	w8, [x9, #0xc]
40085e2c: 1400002d     	b	0x40085ee0 <test_mmu_make_user_block_desc+0x180>
40085e30: 14000001     	b	0x40085e34 <test_mmu_make_user_block_desc+0xd4>
40085e34: 528080a8     	mov	w8, #0x405              // =1029
40085e38: f9000be8     	str	x8, [sp, #0x10]
40085e3c: f9400be8     	ldr	x8, [sp, #0x10]
40085e40: b27a0108     	orr	x8, x8, #0x40
40085e44: f9000be8     	str	x8, [sp, #0x10]
40085e48: f9400be8     	ldr	x8, [sp, #0x10]
40085e4c: b24b0108     	orr	x8, x8, #0x20000000000000
40085e50: f9000be8     	str	x8, [sp, #0x10]
40085e54: 14000001     	b	0x40085e58 <test_mmu_make_user_block_desc+0xf8>
40085e58: b85f03a8     	ldur	w8, [x29, #-0x10]
40085e5c: 12002d08     	and	w8, w8, #0xfff
40085e60: b9000fe8     	str	w8, [sp, #0xc]
40085e64: f9400be8     	ldr	x8, [sp, #0x10]
40085e68: b9000be8     	str	w8, [sp, #0x8]
40085e6c: b9400fe8     	ldr	w8, [sp, #0xc]
40085e70: b9400be9     	ldr	w9, [sp, #0x8]
40085e74: 6b090108     	subs	w8, w8, w9
40085e78: 54000320     	b.eq	0x40085edc <test_mmu_make_user_block_desc+0x17c>
40085e7c: 14000001     	b	0x40085e80 <test_mmu_make_user_block_desc+0x120>
40085e80: 90000060     	adrp	x0, 0x40091000 <UART0_FR+0x4d8>
40085e84: 912fe000     	add	x0, x0, #0xbf8
40085e88: 97fffd26     	bl	0x40085320 <uart_puts>
40085e8c: 528003e0     	mov	w0, #0x1f               // =31
40085e90: 97fffd40     	bl	0x40085390 <print_int>
40085e94: b0000060     	adrp	x0, 0x40092000 <UART0_FR+0x14d8>
40085e98: 91214400     	add	x0, x0, #0x851
40085e9c: 97fffd21     	bl	0x40085320 <uart_puts>
40085ea0: b9400fe0     	ldr	w0, [sp, #0xc]
40085ea4: 97fffd3b     	bl	0x40085390 <print_int>
40085ea8: b0000060     	adrp	x0, 0x40092000 <UART0_FR+0x14d8>
40085eac: 91217000     	add	x0, x0, #0x85c
40085eb0: 97fffd1c     	bl	0x40085320 <uart_puts>
40085eb4: b9400be0     	ldr	w0, [sp, #0x8]
40085eb8: 97fffd36     	bl	0x40085390 <print_int>
40085ebc: 90000060     	adrp	x0, 0x40091000 <UART0_FR+0x4d8>
40085ec0: 913b0800     	add	x0, x0, #0xec2
40085ec4: 97fffd17     	bl	0x40085320 <uart_puts>
40085ec8: b0000ce9     	adrp	x9, 0x40222000 <syscall_tasks+0x7f8>
40085ecc: b9400d28     	ldr	w8, [x9, #0xc]
40085ed0: 11000508     	add	w8, w8, #0x1
40085ed4: b9000d28     	str	w8, [x9, #0xc]
40085ed8: 14000002     	b	0x40085ee0 <test_mmu_make_user_block_desc+0x180>
40085edc: 14000001     	b	0x40085ee0 <test_mmu_make_user_block_desc+0x180>
40085ee0: a9437bfd     	ldp	x29, x30, [sp, #0x30]
40085ee4: 910103ff     	add	sp, sp, #0x40
40085ee8: d65f03c0     	ret
40085eec: d503201f     	nop

0000000040085ef0 <test_mmu_switch_user_mapping>:
40085ef0: d10103ff     	sub	sp, sp, #0x40
40085ef4: a9037bfd     	stp	x29, x30, [sp, #0x30]
40085ef8: 9100c3fd     	add	x29, sp, #0x30
40085efc: b0000ce9     	adrp	x9, 0x40222000 <syscall_tasks+0x7f8>
40085f00: b9400928     	ldr	w8, [x9, #0x8]
40085f04: 11000508     	add	w8, w8, #0x1
40085f08: b9000928     	str	w8, [x9, #0x8]
40085f0c: 90000060     	adrp	x0, 0x40091000 <UART0_FR+0x4d8>
40085f10: 913d2800     	add	x0, x0, #0xf4a
40085f14: 97fffd03     	bl	0x40085320 <uart_puts>
40085f18: 940019da     	bl	0x4008c680 <get_cpuid>
40085f1c: b81fc3a0     	stur	w0, [x29, #-0x4]
40085f20: 52ac0008     	mov	w8, #0x60000000         // =1610612736
40085f24: f81f03a8     	stur	x8, [x29, #-0x10]
40085f28: f85f03a0     	ldur	x0, [x29, #-0x10]
40085f2c: 97ffff01     	bl	0x40085b30 <mmu_switch_user_mapping>
40085f30: 52800108     	mov	w8, #0x8                // =8
40085f34: b81ec3a8     	stur	w8, [x29, #-0x14]
40085f38: 2a1f03e8     	mov	w8, wzr
40085f3c: b9001be8     	str	w8, [sp, #0x18]
40085f40: 14000001     	b	0x40085f44 <test_mmu_switch_user_mapping+0x54>
40085f44: b9401be8     	ldr	w8, [sp, #0x18]
40085f48: b85ec3a9     	ldur	w9, [x29, #-0x14]
40085f4c: 6b090108     	subs	w8, w8, w9
40085f50: 540006aa     	b.ge	0x40086024 <test_mmu_switch_user_mapping+0x134>
40085f54: 14000001     	b	0x40085f58 <test_mmu_switch_user_mapping+0x68>
40085f58: f85f03a8     	ldur	x8, [x29, #-0x10]
40085f5c: b9801be9     	ldrsw	x9, [sp, #0x18]
40085f60: 8b095500     	add	x0, x8, x9, lsl #21
40085f64: 97fffee3     	bl	0x40085af0 <mmu_make_user_block_desc>
40085f68: f9000be0     	str	x0, [sp, #0x10]
40085f6c: 14000001     	b	0x40085f70 <test_mmu_switch_user_mapping+0x80>
40085f70: b85fc3a8     	ldur	w8, [x29, #-0x4]
40085f74: 2a0803e9     	mov	w9, w8
40085f78: f0000c08     	adrp	x8, 0x40208000 <l2_table_1>
40085f7c: 91000108     	add	x8, x8, #0x0
40085f80: 8b093108     	add	x8, x8, x9, lsl #12
40085f84: b9801be9     	ldrsw	x9, [sp, #0x18]
40085f88: 8b090d08     	add	x8, x8, x9, lsl #3
40085f8c: f9408108     	ldr	x8, [x8, #0x100]
40085f90: b9000fe8     	str	w8, [sp, #0xc]
40085f94: f9400be8     	ldr	x8, [sp, #0x10]
40085f98: b9000be8     	str	w8, [sp, #0x8]
40085f9c: b9400fe8     	ldr	w8, [sp, #0xc]
40085fa0: b9400be9     	ldr	w9, [sp, #0x8]
40085fa4: 6b090108     	subs	w8, w8, w9
40085fa8: 54000320     	b.eq	0x4008600c <test_mmu_switch_user_mapping+0x11c>
40085fac: 14000001     	b	0x40085fb0 <test_mmu_switch_user_mapping+0xc0>
40085fb0: 90000060     	adrp	x0, 0x40091000 <UART0_FR+0x4d8>
40085fb4: 91212400     	add	x0, x0, #0x849
40085fb8: 97fffcda     	bl	0x40085320 <uart_puts>
40085fbc: 52800660     	mov	w0, #0x33               // =51
40085fc0: 97fffcf4     	bl	0x40085390 <print_int>
40085fc4: b0000060     	adrp	x0, 0x40092000 <UART0_FR+0x14d8>
40085fc8: 91214400     	add	x0, x0, #0x851
40085fcc: 97fffcd5     	bl	0x40085320 <uart_puts>
40085fd0: b9400fe0     	ldr	w0, [sp, #0xc]
40085fd4: 97fffcef     	bl	0x40085390 <print_int>
40085fd8: b0000060     	adrp	x0, 0x40092000 <UART0_FR+0x14d8>
40085fdc: 91217000     	add	x0, x0, #0x85c
40085fe0: 97fffcd0     	bl	0x40085320 <uart_puts>
40085fe4: b9400be0     	ldr	w0, [sp, #0x8]
40085fe8: 97fffcea     	bl	0x40085390 <print_int>
40085fec: 90000060     	adrp	x0, 0x40091000 <UART0_FR+0x4d8>
40085ff0: 913b0800     	add	x0, x0, #0xec2
40085ff4: 97fffccb     	bl	0x40085320 <uart_puts>
40085ff8: b0000ce9     	adrp	x9, 0x40222000 <syscall_tasks+0x7f8>
40085ffc: b9400d28     	ldr	w8, [x9, #0xc]
40086000: 11000508     	add	w8, w8, #0x1
40086004: b9000d28     	str	w8, [x9, #0xc]
40086008: 14000007     	b	0x40086024 <test_mmu_switch_user_mapping+0x134>
4008600c: 14000001     	b	0x40086010 <test_mmu_switch_user_mapping+0x120>
40086010: 14000001     	b	0x40086014 <test_mmu_switch_user_mapping+0x124>
40086014: b9401be8     	ldr	w8, [sp, #0x18]
40086018: 11000508     	add	w8, w8, #0x1
4008601c: b9001be8     	str	w8, [sp, #0x18]
40086020: 17ffffc9     	b	0x40085f44 <test_mmu_switch_user_mapping+0x54>
40086024: a9437bfd     	ldp	x29, x30, [sp, #0x30]
40086028: 910103ff     	add	sp, sp, #0x40
4008602c: d65f03c0     	ret

0000000040086030 <test_mmu_map_user_framebuffer>:
40086030: d100c3ff     	sub	sp, sp, #0x30
40086034: a9027bfd     	stp	x29, x30, [sp, #0x20]
40086038: 910083fd     	add	x29, sp, #0x20
4008603c: 90000ce9     	adrp	x9, 0x40222000 <syscall_tasks+0x7f8>
40086040: b9400928     	ldr	w8, [x9, #0x8]
40086044: 11000508     	add	w8, w8, #0x1
40086048: b9000928     	str	w8, [x9, #0x8]
4008604c: f0000040     	adrp	x0, 0x40091000 <UART0_FR+0x4d8>
40086050: 91313000     	add	x0, x0, #0xc4c
40086054: 97fffcb3     	bl	0x40085320 <uart_puts>
40086058: 52b00008     	mov	w8, #-0x80000000        // =-2147483648
4008605c: f81f83a8     	stur	x8, [x29, #-0x8]
40086060: f85f83a0     	ldur	x0, [x29, #-0x8]
40086064: 97fffee3     	bl	0x40085bf0 <mmu_map_user_framebuffer>
40086068: 2a1f03e8     	mov	w8, wzr
4008606c: b81f43a8     	stur	w8, [x29, #-0xc]
40086070: 14000001     	b	0x40086074 <test_mmu_map_user_framebuffer+0x44>
40086074: b85f43a8     	ldur	w8, [x29, #-0xc]
40086078: 71000d08     	subs	w8, w8, #0x3
4008607c: 54000b0c     	b.gt	0x400861dc <test_mmu_map_user_framebuffer+0x1ac>
40086080: 14000001     	b	0x40086084 <test_mmu_map_user_framebuffer+0x54>
40086084: 14000001     	b	0x40086088 <test_mmu_map_user_framebuffer+0x58>
40086088: b89f43a9     	ldursw	x9, [x29, #-0xc]
4008608c: d0000c08     	adrp	x8, 0x40208000 <l2_table_1>
40086090: 91000108     	add	x8, x8, #0x0
40086094: 8b093108     	add	x8, x8, x9, lsl #12
40086098: f9420108     	ldr	x8, [x8, #0x400]
4008609c: b90013e8     	str	w8, [sp, #0x10]
400860a0: f85f83a0     	ldur	x0, [x29, #-0x8]
400860a4: 97fffe93     	bl	0x40085af0 <mmu_make_user_block_desc>
400860a8: 2a0003e8     	mov	w8, w0
400860ac: b9000fe8     	str	w8, [sp, #0xc]
400860b0: b94013e8     	ldr	w8, [sp, #0x10]
400860b4: b9400fe9     	ldr	w9, [sp, #0xc]
400860b8: 6b090108     	subs	w8, w8, w9
400860bc: 54000320     	b.eq	0x40086120 <test_mmu_map_user_framebuffer+0xf0>
400860c0: 14000001     	b	0x400860c4 <test_mmu_map_user_framebuffer+0x94>
400860c4: 90000060     	adrp	x0, 0x40092000 <UART0_FR+0x14d8>
400860c8: 910fcc00     	add	x0, x0, #0x3f3
400860cc: 97fffc95     	bl	0x40085320 <uart_puts>
400860d0: 52800840     	mov	w0, #0x42               // =66
400860d4: 97fffcaf     	bl	0x40085390 <print_int>
400860d8: 90000060     	adrp	x0, 0x40092000 <UART0_FR+0x14d8>
400860dc: 91214400     	add	x0, x0, #0x851
400860e0: 97fffc90     	bl	0x40085320 <uart_puts>
400860e4: b94013e0     	ldr	w0, [sp, #0x10]
400860e8: 97fffcaa     	bl	0x40085390 <print_int>
400860ec: 90000060     	adrp	x0, 0x40092000 <UART0_FR+0x14d8>
400860f0: 91217000     	add	x0, x0, #0x85c
400860f4: 97fffc8b     	bl	0x40085320 <uart_puts>
400860f8: b9400fe0     	ldr	w0, [sp, #0xc]
400860fc: 97fffca5     	bl	0x40085390 <print_int>
40086100: f0000040     	adrp	x0, 0x40091000 <UART0_FR+0x4d8>
40086104: 913b0800     	add	x0, x0, #0xec2
40086108: 97fffc86     	bl	0x40085320 <uart_puts>
4008610c: 90000ce9     	adrp	x9, 0x40222000 <syscall_tasks+0x7f8>
40086110: b9400d28     	ldr	w8, [x9, #0xc]
40086114: 11000508     	add	w8, w8, #0x1
40086118: b9000d28     	str	w8, [x9, #0xc]
4008611c: 14000030     	b	0x400861dc <test_mmu_map_user_framebuffer+0x1ac>
40086120: 14000001     	b	0x40086124 <test_mmu_map_user_framebuffer+0xf4>
40086124: 14000001     	b	0x40086128 <test_mmu_map_user_framebuffer+0xf8>
40086128: b89f43a9     	ldursw	x9, [x29, #-0xc]
4008612c: d0000c08     	adrp	x8, 0x40208000 <l2_table_1>
40086130: 91000108     	add	x8, x8, #0x0
40086134: 8b093108     	add	x8, x8, x9, lsl #12
40086138: f9420508     	ldr	x8, [x8, #0x408]
4008613c: b9000be8     	str	w8, [sp, #0x8]
40086140: f85f83a8     	ldur	x8, [x29, #-0x8]
40086144: 91480100     	add	x0, x8, #0x200, lsl #12 // =0x200000
40086148: 97fffe6a     	bl	0x40085af0 <mmu_make_user_block_desc>
4008614c: 2a0003e8     	mov	w8, w0
40086150: b90007e8     	str	w8, [sp, #0x4]
40086154: b9400be8     	ldr	w8, [sp, #0x8]
40086158: b94007e9     	ldr	w9, [sp, #0x4]
4008615c: 6b090108     	subs	w8, w8, w9
40086160: 54000320     	b.eq	0x400861c4 <test_mmu_map_user_framebuffer+0x194>
40086164: 14000001     	b	0x40086168 <test_mmu_map_user_framebuffer+0x138>
40086168: d0000040     	adrp	x0, 0x40090000 <virtio_input_init+0x360>
4008616c: 91315c00     	add	x0, x0, #0xc57
40086170: 97fffc6c     	bl	0x40085320 <uart_puts>
40086174: 52800860     	mov	w0, #0x43               // =67
40086178: 97fffc86     	bl	0x40085390 <print_int>
4008617c: 90000060     	adrp	x0, 0x40092000 <UART0_FR+0x14d8>
40086180: 91214400     	add	x0, x0, #0x851
40086184: 97fffc67     	bl	0x40085320 <uart_puts>
40086188: b9400be0     	ldr	w0, [sp, #0x8]
4008618c: 97fffc81     	bl	0x40085390 <print_int>
40086190: 90000060     	adrp	x0, 0x40092000 <UART0_FR+0x14d8>
40086194: 91217000     	add	x0, x0, #0x85c
40086198: 97fffc62     	bl	0x40085320 <uart_puts>
4008619c: b94007e0     	ldr	w0, [sp, #0x4]
400861a0: 97fffc7c     	bl	0x40085390 <print_int>
400861a4: f0000040     	adrp	x0, 0x40091000 <UART0_FR+0x4d8>
400861a8: 913b0800     	add	x0, x0, #0xec2
400861ac: 97fffc5d     	bl	0x40085320 <uart_puts>
400861b0: 90000ce9     	adrp	x9, 0x40222000 <syscall_tasks+0x7f8>
400861b4: b9400d28     	ldr	w8, [x9, #0xc]
400861b8: 11000508     	add	w8, w8, #0x1
400861bc: b9000d28     	str	w8, [x9, #0xc]
400861c0: 14000007     	b	0x400861dc <test_mmu_map_user_framebuffer+0x1ac>
400861c4: 14000001     	b	0x400861c8 <test_mmu_map_user_framebuffer+0x198>
400861c8: 14000001     	b	0x400861cc <test_mmu_map_user_framebuffer+0x19c>
400861cc: b85f43a8     	ldur	w8, [x29, #-0xc]
400861d0: 11000508     	add	w8, w8, #0x1
400861d4: b81f43a8     	stur	w8, [x29, #-0xc]
400861d8: 17ffffa7     	b	0x40086074 <test_mmu_map_user_framebuffer+0x44>
400861dc: a9427bfd     	ldp	x29, x30, [sp, #0x20]
400861e0: 9100c3ff     	add	sp, sp, #0x30
400861e4: d65f03c0     	ret
		...

00000000400861f0 <htons>:
400861f0: d10043ff     	sub	sp, sp, #0x10
400861f4: 79001fe0     	strh	w0, [sp, #0xe]
400861f8: 79401fe9     	ldrh	w9, [sp, #0xe]
400861fc: 53087d28     	lsr	w8, w9, #8
40086200: 2a092100     	orr	w0, w8, w9, lsl #8
40086204: 910043ff     	add	sp, sp, #0x10
40086208: d65f03c0     	ret
4008620c: d503201f     	nop

0000000040086210 <ntohs>:
40086210: d10083ff     	sub	sp, sp, #0x20
40086214: a9017bfd     	stp	x29, x30, [sp, #0x10]
40086218: 910043fd     	add	x29, sp, #0x10
4008621c: 781fe3a0     	sturh	w0, [x29, #-0x2]
40086220: 785fe3a0     	ldurh	w0, [x29, #-0x2]
40086224: 97fffff3     	bl	0x400861f0 <htons>
40086228: a9417bfd     	ldp	x29, x30, [sp, #0x10]
4008622c: 910083ff     	add	sp, sp, #0x20
40086230: d65f03c0     	ret
40086234: d503201f     	nop
40086238: d503201f     	nop
4008623c: d503201f     	nop

0000000040086240 <htonl>:
40086240: d10043ff     	sub	sp, sp, #0x10
40086244: b9000fe0     	str	w0, [sp, #0xc]
40086248: b9400fe8     	ldr	w8, [sp, #0xc]
4008624c: 53185d09     	lsl	w9, w8, #8
40086250: 12101d29     	and	w9, w9, #0xff0000
40086254: 2a086129     	orr	w9, w9, w8, lsl #24
40086258: 12101d0a     	and	w10, w8, #0xff0000
4008625c: 2a4a2120     	orr	w0, w9, w10, lsr #8
40086260: 33187d00     	bfxil	w0, w8, #24, #8
40086264: 910043ff     	add	sp, sp, #0x10
40086268: d65f03c0     	ret
4008626c: d503201f     	nop

0000000040086270 <ntohl>:
40086270: d10083ff     	sub	sp, sp, #0x20
40086274: a9017bfd     	stp	x29, x30, [sp, #0x10]
40086278: 910043fd     	add	x29, sp, #0x10
4008627c: b81fc3a0     	stur	w0, [x29, #-0x4]
40086280: b85fc3a0     	ldur	w0, [x29, #-0x4]
40086284: 97ffffef     	bl	0x40086240 <htonl>
40086288: a9417bfd     	ldp	x29, x30, [sp, #0x10]
4008628c: 910083ff     	add	sp, sp, #0x20
40086290: d65f03c0     	ret
40086294: d503201f     	nop
40086298: d503201f     	nop
4008629c: d503201f     	nop

00000000400862a0 <net_checksum>:
400862a0: d10083ff     	sub	sp, sp, #0x20
400862a4: f9000fe0     	str	x0, [sp, #0x18]
400862a8: b90017e1     	str	w1, [sp, #0x14]
400862ac: f9400fe8     	ldr	x8, [sp, #0x18]
400862b0: f90007e8     	str	x8, [sp, #0x8]
400862b4: 2a1f03e8     	mov	w8, wzr
400862b8: b90007e8     	str	w8, [sp, #0x4]
400862bc: 14000001     	b	0x400862c0 <net_checksum+0x20>
400862c0: b94017e8     	ldr	w8, [sp, #0x14]
400862c4: 71000908     	subs	w8, w8, #0x2
400862c8: 540001a3     	b.lo	0x400862fc <net_checksum+0x5c>
400862cc: 14000001     	b	0x400862d0 <net_checksum+0x30>
400862d0: f94007e8     	ldr	x8, [sp, #0x8]
400862d4: 91000909     	add	x9, x8, #0x2
400862d8: f90007e9     	str	x9, [sp, #0x8]
400862dc: 79400109     	ldrh	w9, [x8]
400862e0: b94007e8     	ldr	w8, [sp, #0x4]
400862e4: 0b090108     	add	w8, w8, w9
400862e8: b90007e8     	str	w8, [sp, #0x4]
400862ec: b94017e8     	ldr	w8, [sp, #0x14]
400862f0: 71000908     	subs	w8, w8, #0x2
400862f4: b90017e8     	str	w8, [sp, #0x14]
400862f8: 17fffff2     	b	0x400862c0 <net_checksum+0x20>
400862fc: b94017e8     	ldr	w8, [sp, #0x14]
40086300: 71000508     	subs	w8, w8, #0x1
40086304: 54000101     	b.ne	0x40086324 <net_checksum+0x84>
40086308: 14000001     	b	0x4008630c <net_checksum+0x6c>
4008630c: f94007e8     	ldr	x8, [sp, #0x8]
40086310: 39400109     	ldrb	w9, [x8]
40086314: b94007e8     	ldr	w8, [sp, #0x4]
40086318: 0b090108     	add	w8, w8, w9
4008631c: b90007e8     	str	w8, [sp, #0x4]
40086320: 14000001     	b	0x40086324 <net_checksum+0x84>
40086324: 14000001     	b	0x40086328 <net_checksum+0x88>
40086328: 79400fe8     	ldrh	w8, [sp, #0x6]
4008632c: 340000e8     	cbz	w8, 0x40086348 <net_checksum+0xa8>
40086330: 14000001     	b	0x40086334 <net_checksum+0x94>
40086334: b94007e9     	ldr	w9, [sp, #0x4]
40086338: 53107d28     	lsr	w8, w9, #16
4008633c: 0b292108     	add	w8, w8, w9, uxth
40086340: b90007e8     	str	w8, [sp, #0x4]
40086344: 17fffff9     	b	0x40086328 <net_checksum+0x88>
40086348: b94007e8     	ldr	w8, [sp, #0x4]
4008634c: 2a2803e0     	mvn	w0, w8
40086350: 910083ff     	add	sp, sp, #0x20
40086354: d65f03c0     	ret
40086358: d503201f     	nop
4008635c: d503201f     	nop

0000000040086360 <net_init>:
40086360: d10083ff     	sub	sp, sp, #0x20
40086364: a9017bfd     	stp	x29, x30, [sp, #0x10]
40086368: 910043fd     	add	x29, sp, #0x10
4008636c: f0000c20     	adrp	x0, 0x4020d000 <net_lock>
40086370: 91000000     	add	x0, x0, #0x0
40086374: 97fffacb     	bl	0x40084ea0 <spinlock_init>
40086378: 2a1f03e8     	mov	w8, wzr
4008637c: b81fc3a8     	stur	w8, [x29, #-0x4]
40086380: 14000001     	b	0x40086384 <net_init+0x24>
40086384: b85fc3a8     	ldur	w8, [x29, #-0x4]
40086388: 71003d08     	subs	w8, w8, #0xf
4008638c: 5400020c     	b.gt	0x400863cc <net_init+0x6c>
40086390: 14000001     	b	0x40086394 <net_init+0x34>
40086394: b89fc3a8     	ldursw	x8, [x29, #-0x4]
40086398: 52810589     	mov	w9, #0x82c              // =2092
4008639c: 2a0903e0     	mov	w0, w9
400863a0: 2a0003e9     	mov	w9, w0
400863a4: 9b297d0a     	smull	x10, w8, w9
400863a8: f0000c29     	adrp	x9, 0x4020d000 <net_lock>
400863ac: 91001129     	add	x9, x9, #0x4
400863b0: 2a1f03e8     	mov	w8, wzr
400863b4: b82a6928     	str	w8, [x9, x10]
400863b8: 14000001     	b	0x400863bc <net_init+0x5c>
400863bc: b85fc3a8     	ldur	w8, [x29, #-0x4]
400863c0: 11000508     	add	w8, w8, #0x1
400863c4: b81fc3a8     	stur	w8, [x29, #-0x4]
400863c8: 17ffffef     	b	0x40086384 <net_init+0x24>
400863cc: 2a1f03e8     	mov	w8, wzr
400863d0: b9000be8     	str	w8, [sp, #0x8]
400863d4: 14000001     	b	0x400863d8 <net_init+0x78>
400863d8: b9400be8     	ldr	w8, [sp, #0x8]
400863dc: 71003d08     	subs	w8, w8, #0xf
400863e0: 540001ac     	b.gt	0x40086414 <net_init+0xb4>
400863e4: 14000001     	b	0x400863e8 <net_init+0x88>
400863e8: b9800be9     	ldrsw	x9, [sp, #0x8]
400863ec: f0000c68     	adrp	x8, 0x40215000 <sockets+0x7ffc>
400863f0: 910b1108     	add	x8, x8, #0x2c4
400863f4: 8b091109     	add	x9, x8, x9, lsl #4
400863f8: 2a1f03e8     	mov	w8, wzr
400863fc: b9000d28     	str	w8, [x9, #0xc]
40086400: 14000001     	b	0x40086404 <net_init+0xa4>
40086404: b9400be8     	ldr	w8, [sp, #0x8]
40086408: 11000508     	add	w8, w8, #0x1
4008640c: b9000be8     	str	w8, [sp, #0x8]
40086410: 17fffff2     	b	0x400863d8 <net_init+0x78>
40086414: f0000c60     	adrp	x0, 0x40215000 <sockets+0x7ffc>
40086418: 910f1000     	add	x0, x0, #0x3c4
4008641c: 94002725     	bl	0x400900b0 <virtio_net_get_mac>
40086420: a9417bfd     	ldp	x29, x30, [sp, #0x10]
40086424: 910083ff     	add	sp, sp, #0x20
40086428: d65f03c0     	ret
4008642c: d503201f     	nop

0000000040086430 <net_set_ip>:
40086430: d100c3ff     	sub	sp, sp, #0x30
40086434: a9027bfd     	stp	x29, x30, [sp, #0x20]
40086438: 910083fd     	add	x29, sp, #0x20
4008643c: b81fc3a0     	stur	w0, [x29, #-0x4]
40086440: b81f83a1     	stur	w1, [x29, #-0x8]
40086444: b81f43a2     	stur	w2, [x29, #-0xc]
40086448: b85fc3a8     	ldur	w8, [x29, #-0x4]
4008644c: f0000c69     	adrp	x9, 0x40215000 <sockets+0x7ffc>
40086450: b903cd28     	str	w8, [x9, #0x3cc]
40086454: b85f83a8     	ldur	w8, [x29, #-0x8]
40086458: f0000c69     	adrp	x9, 0x40215000 <sockets+0x7ffc>
4008645c: b903d128     	str	w8, [x9, #0x3d0]
40086460: b85f43a8     	ldur	w8, [x29, #-0xc]
40086464: f0000c69     	adrp	x9, 0x40215000 <sockets+0x7ffc>
40086468: b903d528     	str	w8, [x9, #0x3d4]
4008646c: d503201f     	nop
40086470: 5005ab60     	adr	x0, 0x400919de <UART0_FR+0xeb6>
40086474: 97fffbab     	bl	0x40085320 <uart_puts>
40086478: b85fc3a0     	ldur	w0, [x29, #-0x4]
4008647c: 97ffff7d     	bl	0x40086270 <ntohl>
40086480: b90013e0     	str	w0, [sp, #0x10]
40086484: 39404fe0     	ldrb	w0, [sp, #0x13]
40086488: 97fffbc2     	bl	0x40085390 <print_int>
4008648c: f0000040     	adrp	x0, 0x40091000 <UART0_FR+0x4d8>
40086490: 910bcc00     	add	x0, x0, #0x2f3
40086494: f90007e0     	str	x0, [sp, #0x8]
40086498: 97fffba2     	bl	0x40085320 <uart_puts>
4008649c: 39404be0     	ldrb	w0, [sp, #0x12]
400864a0: 97fffbbc     	bl	0x40085390 <print_int>
400864a4: f94007e0     	ldr	x0, [sp, #0x8]
400864a8: 97fffb9e     	bl	0x40085320 <uart_puts>
400864ac: 394047e0     	ldrb	w0, [sp, #0x11]
400864b0: 97fffbb8     	bl	0x40085390 <print_int>
400864b4: f94007e0     	ldr	x0, [sp, #0x8]
400864b8: 97fffb9a     	bl	0x40085320 <uart_puts>
400864bc: 394043e0     	ldrb	w0, [sp, #0x10]
400864c0: 97fffbb4     	bl	0x40085390 <print_int>
400864c4: f0000040     	adrp	x0, 0x40091000 <UART0_FR+0x4d8>
400864c8: 913b0800     	add	x0, x0, #0xec2
400864cc: 97fffb95     	bl	0x40085320 <uart_puts>
400864d0: a9427bfd     	ldp	x29, x30, [sp, #0x20]
400864d4: 9100c3ff     	add	sp, sp, #0x30
400864d8: d65f03c0     	ret
400864dc: d503201f     	nop

00000000400864e0 <net_get_ip>:
400864e0: f0000c68     	adrp	x8, 0x40215000 <sockets+0x7ffc>
400864e4: b943cd00     	ldr	w0, [x8, #0x3cc]
400864e8: d65f03c0     	ret
400864ec: d503201f     	nop

00000000400864f0 <net_rx_packet>:
400864f0: d100c3ff     	sub	sp, sp, #0x30
400864f4: a9027bfd     	stp	x29, x30, [sp, #0x20]
400864f8: 910083fd     	add	x29, sp, #0x20
400864fc: f81f83a0     	stur	x0, [x29, #-0x8]
40086500: b81f43a1     	stur	w1, [x29, #-0xc]
40086504: b85f43a8     	ldur	w8, [x29, #-0xc]
40086508: 71003508     	subs	w8, w8, #0xd
4008650c: 54000068     	b.hi	0x40086518 <net_rx_packet+0x28>
40086510: 14000001     	b	0x40086514 <net_rx_packet+0x24>
40086514: 14000052     	b	0x4008665c <net_rx_packet+0x16c>
40086518: f85f83a8     	ldur	x8, [x29, #-0x8]
4008651c: f90007e8     	str	x8, [sp, #0x8]
40086520: f94007e8     	ldr	x8, [sp, #0x8]
40086524: 79401900     	ldrh	w0, [x8, #0xc]
40086528: 97ffff3a     	bl	0x40086210 <ntohs>
4008652c: 12003c08     	and	w8, w0, #0xffff
40086530: 71201908     	subs	w8, w8, #0x806
40086534: 540000c1     	b.ne	0x4008654c <net_rx_packet+0x5c>
40086538: 14000001     	b	0x4008653c <net_rx_packet+0x4c>
4008653c: f85f83a0     	ldur	x0, [x29, #-0x8]
40086540: b85f43a1     	ldur	w1, [x29, #-0xc]
40086544: 9400004b     	bl	0x40086670 <handle_arp>
40086548: 14000045     	b	0x4008665c <net_rx_packet+0x16c>
4008654c: f94007e8     	ldr	x8, [sp, #0x8]
40086550: 79401900     	ldrh	w0, [x8, #0xc]
40086554: 97ffff2f     	bl	0x40086210 <ntohs>
40086558: 12003c08     	and	w8, w0, #0xffff
4008655c: 71200108     	subs	w8, w8, #0x800
40086560: 540007c1     	b.ne	0x40086658 <net_rx_packet+0x168>
40086564: 14000001     	b	0x40086568 <net_rx_packet+0x78>
40086568: b85f43a8     	ldur	w8, [x29, #-0xc]
4008656c: 71008508     	subs	w8, w8, #0x21
40086570: 54000068     	b.hi	0x4008657c <net_rx_packet+0x8c>
40086574: 14000001     	b	0x40086578 <net_rx_packet+0x88>
40086578: 14000039     	b	0x4008665c <net_rx_packet+0x16c>
4008657c: f85f83a8     	ldur	x8, [x29, #-0x8]
40086580: 91003908     	add	x8, x8, #0xe
40086584: f90003e8     	str	x8, [sp]
40086588: f94003e8     	ldr	x8, [sp]
4008658c: b9401108     	ldr	w8, [x8, #0x10]
40086590: f0000c69     	adrp	x9, 0x40215000 <sockets+0x7ffc>
40086594: b943cd29     	ldr	w9, [x9, #0x3cc]
40086598: 6b090108     	subs	w8, w8, w9
4008659c: 54000100     	b.eq	0x400865bc <net_rx_packet+0xcc>
400865a0: 14000001     	b	0x400865a4 <net_rx_packet+0xb4>
400865a4: f94003e8     	ldr	x8, [sp]
400865a8: b9401108     	ldr	w8, [x8, #0x10]
400865ac: 31000508     	adds	w8, w8, #0x1
400865b0: 54000060     	b.eq	0x400865bc <net_rx_packet+0xcc>
400865b4: 14000001     	b	0x400865b8 <net_rx_packet+0xc8>
400865b8: 14000029     	b	0x4008665c <net_rx_packet+0x16c>
400865bc: f94003e8     	ldr	x8, [sp]
400865c0: 39402508     	ldrb	w8, [x8, #0x9]
400865c4: 71000508     	subs	w8, w8, #0x1
400865c8: 54000121     	b.ne	0x400865ec <net_rx_packet+0xfc>
400865cc: 14000001     	b	0x400865d0 <net_rx_packet+0xe0>
400865d0: f94003e0     	ldr	x0, [sp]
400865d4: f85f83a8     	ldur	x8, [x29, #-0x8]
400865d8: 91008901     	add	x1, x8, #0x22
400865dc: b85f43a8     	ldur	w8, [x29, #-0xc]
400865e0: 71008902     	subs	w2, w8, #0x22
400865e4: 9400009f     	bl	0x40086860 <handle_icmp>
400865e8: 1400001b     	b	0x40086654 <net_rx_packet+0x164>
400865ec: f94003e8     	ldr	x8, [sp]
400865f0: 39402508     	ldrb	w8, [x8, #0x9]
400865f4: 71004508     	subs	w8, w8, #0x11
400865f8: 54000121     	b.ne	0x4008661c <net_rx_packet+0x12c>
400865fc: 14000001     	b	0x40086600 <net_rx_packet+0x110>
40086600: f94003e0     	ldr	x0, [sp]
40086604: f85f83a8     	ldur	x8, [x29, #-0x8]
40086608: 91008901     	add	x1, x8, #0x22
4008660c: b85f43a8     	ldur	w8, [x29, #-0xc]
40086610: 71008902     	subs	w2, w8, #0x22
40086614: 9400012b     	bl	0x40086ac0 <handle_udp>
40086618: 1400000e     	b	0x40086650 <net_rx_packet+0x160>
4008661c: f94003e8     	ldr	x8, [sp]
40086620: 39402508     	ldrb	w8, [x8, #0x9]
40086624: 71001908     	subs	w8, w8, #0x6
40086628: 54000121     	b.ne	0x4008664c <net_rx_packet+0x15c>
4008662c: 14000001     	b	0x40086630 <net_rx_packet+0x140>
40086630: f94003e0     	ldr	x0, [sp]
40086634: f85f83a8     	ldur	x8, [x29, #-0x8]
40086638: 91008901     	add	x1, x8, #0x22
4008663c: b85f43a8     	ldur	w8, [x29, #-0xc]
40086640: 71008902     	subs	w2, w8, #0x22
40086644: 940001a3     	bl	0x40086cd0 <handle_tcp>
40086648: 14000001     	b	0x4008664c <net_rx_packet+0x15c>
4008664c: 14000001     	b	0x40086650 <net_rx_packet+0x160>
40086650: 14000001     	b	0x40086654 <net_rx_packet+0x164>
40086654: 14000001     	b	0x40086658 <net_rx_packet+0x168>
40086658: 14000001     	b	0x4008665c <net_rx_packet+0x16c>
4008665c: a9427bfd     	ldp	x29, x30, [sp, #0x20]
40086660: 9100c3ff     	add	sp, sp, #0x30
40086664: d65f03c0     	ret
40086668: d503201f     	nop
4008666c: d503201f     	nop

0000000040086670 <handle_arp>:
40086670: d101c3ff     	sub	sp, sp, #0x70
40086674: a9067bfd     	stp	x29, x30, [sp, #0x60]
40086678: 910183fd     	add	x29, sp, #0x60
4008667c: f81f83a0     	stur	x0, [x29, #-0x8]
40086680: b81f43a1     	stur	w1, [x29, #-0xc]
40086684: b85f43a8     	ldur	w8, [x29, #-0xc]
40086688: 7100a508     	subs	w8, w8, #0x29
4008668c: 54000068     	b.hi	0x40086698 <handle_arp+0x28>
40086690: 14000001     	b	0x40086694 <handle_arp+0x24>
40086694: 14000070     	b	0x40086854 <handle_arp+0x1e4>
40086698: f85f83a8     	ldur	x8, [x29, #-0x8]
4008669c: 91003908     	add	x8, x8, #0xe
400866a0: f81e83a8     	stur	x8, [x29, #-0x18]
400866a4: f85e83a8     	ldur	x8, [x29, #-0x18]
400866a8: 79400100     	ldrh	w0, [x8]
400866ac: 97fffed9     	bl	0x40086210 <ntohs>
400866b0: 12003c08     	and	w8, w0, #0xffff
400866b4: 71000508     	subs	w8, w8, #0x1
400866b8: 54000ce1     	b.ne	0x40086854 <handle_arp+0x1e4>
400866bc: 14000001     	b	0x400866c0 <handle_arp+0x50>
400866c0: f85e83a8     	ldur	x8, [x29, #-0x18]
400866c4: 79400500     	ldrh	w0, [x8, #0x2]
400866c8: 97fffed2     	bl	0x40086210 <ntohs>
400866cc: 12003c08     	and	w8, w0, #0xffff
400866d0: 71200108     	subs	w8, w8, #0x800
400866d4: 54000c01     	b.ne	0x40086854 <handle_arp+0x1e4>
400866d8: 14000001     	b	0x400866dc <handle_arp+0x6c>
400866dc: f85e83a8     	ldur	x8, [x29, #-0x18]
400866e0: b840e100     	ldur	w0, [x8, #0xe]
400866e4: 91002101     	add	x1, x8, #0x8
400866e8: 940006fe     	bl	0x400882e0 <arp_cache_update>
400866ec: f85e83a8     	ldur	x8, [x29, #-0x18]
400866f0: 79400d00     	ldrh	w0, [x8, #0x6]
400866f4: 97fffec7     	bl	0x40086210 <ntohs>
400866f8: 12003c08     	and	w8, w0, #0xffff
400866fc: 71000508     	subs	w8, w8, #0x1
40086700: 54000a81     	b.ne	0x40086850 <handle_arp+0x1e0>
40086704: 14000001     	b	0x40086708 <handle_arp+0x98>
40086708: f85e83a8     	ldur	x8, [x29, #-0x18]
4008670c: b9401908     	ldr	w8, [x8, #0x18]
40086710: f0000c69     	adrp	x9, 0x40215000 <sockets+0x7ffc>
40086714: b943cd29     	ldr	w9, [x9, #0x3cc]
40086718: 6b090108     	subs	w8, w8, w9
4008671c: 540009a1     	b.ne	0x40086850 <handle_arp+0x1e0>
40086720: 14000001     	b	0x40086724 <handle_arp+0xb4>
40086724: 91007be8     	add	x8, sp, #0x1e
40086728: f9000be8     	str	x8, [sp, #0x10]
4008672c: 91003908     	add	x8, x8, #0xe
40086730: f90007e8     	str	x8, [sp, #0x8]
40086734: 2a1f03e8     	mov	w8, wzr
40086738: b90007e8     	str	w8, [sp, #0x4]
4008673c: 14000001     	b	0x40086740 <handle_arp+0xd0>
40086740: b94007e8     	ldr	w8, [sp, #0x4]
40086744: 71001508     	subs	w8, w8, #0x5
40086748: 5400040c     	b.gt	0x400867c8 <handle_arp+0x158>
4008674c: 14000001     	b	0x40086750 <handle_arp+0xe0>
40086750: f85e83a8     	ldur	x8, [x29, #-0x18]
40086754: b98007ea     	ldrsw	x10, [sp, #0x4]
40086758: 8b0a0108     	add	x8, x8, x10
4008675c: 39402108     	ldrb	w8, [x8, #0x8]
40086760: f9400be9     	ldr	x9, [sp, #0x10]
40086764: 382a6928     	strb	w8, [x9, x10]
40086768: b98007eb     	ldrsw	x11, [sp, #0x4]
4008676c: f0000c68     	adrp	x8, 0x40215000 <sockets+0x7ffc>
40086770: 910f1108     	add	x8, x8, #0x3c4
40086774: 386b6909     	ldrb	w9, [x8, x11]
40086778: f9400bea     	ldr	x10, [sp, #0x10]
4008677c: 8b0b014a     	add	x10, x10, x11
40086780: 39001949     	strb	w9, [x10, #0x6]
40086784: f85e83a9     	ldur	x9, [x29, #-0x18]
40086788: b98007eb     	ldrsw	x11, [sp, #0x4]
4008678c: 8b0b0129     	add	x9, x9, x11
40086790: 39402129     	ldrb	w9, [x9, #0x8]
40086794: f94007ea     	ldr	x10, [sp, #0x8]
40086798: 8b0b014a     	add	x10, x10, x11
4008679c: 39004949     	strb	w9, [x10, #0x12]
400867a0: b98007ea     	ldrsw	x10, [sp, #0x4]
400867a4: 386a6908     	ldrb	w8, [x8, x10]
400867a8: f94007e9     	ldr	x9, [sp, #0x8]
400867ac: 8b0a0129     	add	x9, x9, x10
400867b0: 39002128     	strb	w8, [x9, #0x8]
400867b4: 14000001     	b	0x400867b8 <handle_arp+0x148>
400867b8: b94007e8     	ldr	w8, [sp, #0x4]
400867bc: 11000508     	add	w8, w8, #0x1
400867c0: b90007e8     	str	w8, [sp, #0x4]
400867c4: 17ffffdf     	b	0x40086740 <handle_arp+0xd0>
400867c8: 528100c0     	mov	w0, #0x806              // =2054
400867cc: 97fffe89     	bl	0x400861f0 <htons>
400867d0: f9400be8     	ldr	x8, [sp, #0x10]
400867d4: 79001900     	strh	w0, [x8, #0xc]
400867d8: 52800020     	mov	w0, #0x1                // =1
400867dc: 97fffe85     	bl	0x400861f0 <htons>
400867e0: f94007e8     	ldr	x8, [sp, #0x8]
400867e4: 79000100     	strh	w0, [x8]
400867e8: 52810000     	mov	w0, #0x800              // =2048
400867ec: 97fffe81     	bl	0x400861f0 <htons>
400867f0: f94007e8     	ldr	x8, [sp, #0x8]
400867f4: 79000500     	strh	w0, [x8, #0x2]
400867f8: f94007e9     	ldr	x9, [sp, #0x8]
400867fc: 528000c8     	mov	w8, #0x6                // =6
40086800: 39001128     	strb	w8, [x9, #0x4]
40086804: f94007e9     	ldr	x9, [sp, #0x8]
40086808: 52800088     	mov	w8, #0x4                // =4
4008680c: 39001528     	strb	w8, [x9, #0x5]
40086810: 52800040     	mov	w0, #0x2                // =2
40086814: 97fffe77     	bl	0x400861f0 <htons>
40086818: f94007e8     	ldr	x8, [sp, #0x8]
4008681c: 79000d00     	strh	w0, [x8, #0x6]
40086820: f0000c68     	adrp	x8, 0x40215000 <sockets+0x7ffc>
40086824: b943cd08     	ldr	w8, [x8, #0x3cc]
40086828: f94007e9     	ldr	x9, [sp, #0x8]
4008682c: b800e128     	stur	w8, [x9, #0xe]
40086830: f85e83a8     	ldur	x8, [x29, #-0x18]
40086834: b840e108     	ldur	w8, [x8, #0xe]
40086838: f94007e9     	ldr	x9, [sp, #0x8]
4008683c: b9001928     	str	w8, [x9, #0x18]
40086840: 91007be0     	add	x0, sp, #0x1e
40086844: 52800541     	mov	w1, #0x2a               // =42
40086848: 9400278e     	bl	0x40090680 <virtio_net_send>
4008684c: 14000001     	b	0x40086850 <handle_arp+0x1e0>
40086850: 14000001     	b	0x40086854 <handle_arp+0x1e4>
40086854: a9467bfd     	ldp	x29, x30, [sp, #0x60]
40086858: 9101c3ff     	add	sp, sp, #0x70
4008685c: d65f03c0     	ret

0000000040086860 <handle_icmp>:
40086860: a9be7bfd     	stp	x29, x30, [sp, #-0x20]!
40086864: f9000bfc     	str	x28, [sp, #0x10]
40086868: 910003fd     	mov	x29, sp
4008686c: d118c3ff     	sub	sp, sp, #0x630
40086870: f81f83a0     	stur	x0, [x29, #-0x8]
40086874: f81f03a1     	stur	x1, [x29, #-0x10]
40086878: b81ec3a2     	stur	w2, [x29, #-0x14]
4008687c: b85ec3a8     	ldur	w8, [x29, #-0x14]
40086880: 71001d08     	subs	w8, w8, #0x7
40086884: 54000068     	b.hi	0x40086890 <handle_icmp+0x30>
40086888: 14000001     	b	0x4008688c <handle_icmp+0x2c>
4008688c: 14000088     	b	0x40086aac <handle_icmp+0x24c>
40086890: f85f03a8     	ldur	x8, [x29, #-0x10]
40086894: f81e03a8     	stur	x8, [x29, #-0x20]
40086898: f85e03a8     	ldur	x8, [x29, #-0x20]
4008689c: 39400108     	ldrb	w8, [x8]
400868a0: 71002108     	subs	w8, w8, #0x8
400868a4: 54001041     	b.ne	0x40086aac <handle_icmp+0x24c>
400868a8: 14000001     	b	0x400868ac <handle_icmp+0x4c>
400868ac: f85e03a8     	ldur	x8, [x29, #-0x20]
400868b0: 39400508     	ldrb	w8, [x8, #0x1]
400868b4: 35000fc8     	cbnz	w8, 0x40086aac <handle_icmp+0x24c>
400868b8: 14000001     	b	0x400868bc <handle_icmp+0x5c>
400868bc: b85ec3a8     	ldur	w8, [x29, #-0x14]
400868c0: 11008908     	add	w8, w8, #0x22
400868c4: b90033e8     	str	w8, [sp, #0x30]
400868c8: 9100d3e8     	add	x8, sp, #0x34
400868cc: f90017e8     	str	x8, [sp, #0x28]
400868d0: 91003909     	add	x9, x8, #0xe
400868d4: f90013e9     	str	x9, [sp, #0x20]
400868d8: 91008908     	add	x8, x8, #0x22
400868dc: f9000fe8     	str	x8, [sp, #0x18]
400868e0: f85f83a8     	ldur	x8, [x29, #-0x8]
400868e4: b9400d00     	ldr	w0, [x8, #0xc]
400868e8: 91004be1     	add	x1, sp, #0x12
400868ec: 940004d1     	bl	0x40087c30 <arp_resolve>
400868f0: 35000060     	cbnz	w0, 0x400868fc <handle_icmp+0x9c>
400868f4: 14000001     	b	0x400868f8 <handle_icmp+0x98>
400868f8: 1400006d     	b	0x40086aac <handle_icmp+0x24c>
400868fc: 2a1f03e8     	mov	w8, wzr
40086900: b9000fe8     	str	w8, [sp, #0xc]
40086904: 14000001     	b	0x40086908 <handle_icmp+0xa8>
40086908: b9400fe8     	ldr	w8, [sp, #0xc]
4008690c: 71001508     	subs	w8, w8, #0x5
40086910: 5400026c     	b.gt	0x4008695c <handle_icmp+0xfc>
40086914: 14000001     	b	0x40086918 <handle_icmp+0xb8>
40086918: b9800fea     	ldrsw	x10, [sp, #0xc]
4008691c: 91004be8     	add	x8, sp, #0x12
40086920: 386a6908     	ldrb	w8, [x8, x10]
40086924: f94017e9     	ldr	x9, [sp, #0x28]
40086928: 382a6928     	strb	w8, [x9, x10]
4008692c: b9800fea     	ldrsw	x10, [sp, #0xc]
40086930: f0000c68     	adrp	x8, 0x40215000 <sockets+0x7ffc>
40086934: 910f1108     	add	x8, x8, #0x3c4
40086938: 386a6908     	ldrb	w8, [x8, x10]
4008693c: f94017e9     	ldr	x9, [sp, #0x28]
40086940: 8b0a0129     	add	x9, x9, x10
40086944: 39001928     	strb	w8, [x9, #0x6]
40086948: 14000001     	b	0x4008694c <handle_icmp+0xec>
4008694c: b9400fe8     	ldr	w8, [sp, #0xc]
40086950: 11000508     	add	w8, w8, #0x1
40086954: b9000fe8     	str	w8, [sp, #0xc]
40086958: 17ffffec     	b	0x40086908 <handle_icmp+0xa8>
4008695c: 52810000     	mov	w0, #0x800              // =2048
40086960: 97fffe24     	bl	0x400861f0 <htons>
40086964: f94017e8     	ldr	x8, [sp, #0x28]
40086968: 79001900     	strh	w0, [x8, #0xc]
4008696c: f94013e9     	ldr	x9, [sp, #0x20]
40086970: 3940012a     	ldrb	w10, [x9]
40086974: 52800808     	mov	w8, #0x40               // =64
40086978: b90003e8     	str	w8, [sp]
4008697c: 33000d48     	bfxil	w8, w10, #0, #4
40086980: 39000128     	strb	w8, [x9]
40086984: f94013e9     	ldr	x9, [sp, #0x20]
40086988: 39400128     	ldrb	w8, [x9]
4008698c: 121c0d08     	and	w8, w8, #0xf0
40086990: 528000aa     	mov	w10, #0x5               // =5
40086994: 2a0a0108     	orr	w8, w8, w10
40086998: 39000128     	strb	w8, [x9]
4008699c: f94013e9     	ldr	x9, [sp, #0x20]
400869a0: 2a1f03e8     	mov	w8, wzr
400869a4: b90007e8     	str	w8, [sp, #0x4]
400869a8: 39000528     	strb	w8, [x9, #0x1]
400869ac: b85ec3a8     	ldur	w8, [x29, #-0x14]
400869b0: 11005100     	add	w0, w8, #0x14
400869b4: 97fffe0f     	bl	0x400861f0 <htons>
400869b8: b94003e9     	ldr	w9, [sp]
400869bc: b94007e8     	ldr	w8, [sp, #0x4]
400869c0: f94013ea     	ldr	x10, [sp, #0x20]
400869c4: 79000540     	strh	w0, [x10, #0x2]
400869c8: f94013ea     	ldr	x10, [sp, #0x20]
400869cc: 79000948     	strh	w8, [x10, #0x4]
400869d0: f94013ea     	ldr	x10, [sp, #0x20]
400869d4: 79000d48     	strh	w8, [x10, #0x6]
400869d8: f94013ea     	ldr	x10, [sp, #0x20]
400869dc: 39002149     	strb	w9, [x10, #0x8]
400869e0: f94013ea     	ldr	x10, [sp, #0x20]
400869e4: 52800029     	mov	w9, #0x1                // =1
400869e8: 39002549     	strb	w9, [x10, #0x9]
400869ec: f94013e9     	ldr	x9, [sp, #0x20]
400869f0: 79001528     	strh	w8, [x9, #0xa]
400869f4: f0000c68     	adrp	x8, 0x40215000 <sockets+0x7ffc>
400869f8: b943cd08     	ldr	w8, [x8, #0x3cc]
400869fc: f94013e9     	ldr	x9, [sp, #0x20]
40086a00: b9000d28     	str	w8, [x9, #0xc]
40086a04: f85f83a8     	ldur	x8, [x29, #-0x8]
40086a08: b9400d08     	ldr	w8, [x8, #0xc]
40086a0c: f94013e9     	ldr	x9, [sp, #0x20]
40086a10: b9001128     	str	w8, [x9, #0x10]
40086a14: f94013e0     	ldr	x0, [sp, #0x20]
40086a18: 52800281     	mov	w1, #0x14               // =20
40086a1c: 97fffe21     	bl	0x400862a0 <net_checksum>
40086a20: b94007e8     	ldr	w8, [sp, #0x4]
40086a24: f94013e9     	ldr	x9, [sp, #0x20]
40086a28: 79001520     	strh	w0, [x9, #0xa]
40086a2c: b9000be8     	str	w8, [sp, #0x8]
40086a30: 14000001     	b	0x40086a34 <handle_icmp+0x1d4>
40086a34: b9400be8     	ldr	w8, [sp, #0x8]
40086a38: b85ec3a9     	ldur	w9, [x29, #-0x14]
40086a3c: 6b090108     	subs	w8, w8, w9
40086a40: 540001a2     	b.hs	0x40086a74 <handle_icmp+0x214>
40086a44: 14000001     	b	0x40086a48 <handle_icmp+0x1e8>
40086a48: f85f03a8     	ldur	x8, [x29, #-0x10]
40086a4c: b9400be9     	ldr	w9, [sp, #0x8]
40086a50: 2a0903ea     	mov	w10, w9
40086a54: 386a6908     	ldrb	w8, [x8, x10]
40086a58: f9400fe9     	ldr	x9, [sp, #0x18]
40086a5c: 382a6928     	strb	w8, [x9, x10]
40086a60: 14000001     	b	0x40086a64 <handle_icmp+0x204>
40086a64: b9400be8     	ldr	w8, [sp, #0x8]
40086a68: 11000508     	add	w8, w8, #0x1
40086a6c: b9000be8     	str	w8, [sp, #0x8]
40086a70: 17fffff1     	b	0x40086a34 <handle_icmp+0x1d4>
40086a74: f9400fe9     	ldr	x9, [sp, #0x18]
40086a78: 2a1f03e8     	mov	w8, wzr
40086a7c: 39000128     	strb	w8, [x9]
40086a80: f9400fe9     	ldr	x9, [sp, #0x18]
40086a84: 79000528     	strh	w8, [x9, #0x2]
40086a88: f9400fe0     	ldr	x0, [sp, #0x18]
40086a8c: b85ec3a1     	ldur	w1, [x29, #-0x14]
40086a90: 97fffe04     	bl	0x400862a0 <net_checksum>
40086a94: f9400fe8     	ldr	x8, [sp, #0x18]
40086a98: 79000500     	strh	w0, [x8, #0x2]
40086a9c: b94033e1     	ldr	w1, [sp, #0x30]
40086aa0: 9100d3e0     	add	x0, sp, #0x34
40086aa4: 940026f7     	bl	0x40090680 <virtio_net_send>
40086aa8: 14000001     	b	0x40086aac <handle_icmp+0x24c>
40086aac: 9118c3ff     	add	sp, sp, #0x630
40086ab0: f9400bfc     	ldr	x28, [sp, #0x10]
40086ab4: a8c27bfd     	ldp	x29, x30, [sp], #0x20
40086ab8: d65f03c0     	ret
40086abc: d503201f     	nop

0000000040086ac0 <handle_udp>:
40086ac0: d10143ff     	sub	sp, sp, #0x50
40086ac4: a9047bfd     	stp	x29, x30, [sp, #0x40]
40086ac8: 910103fd     	add	x29, sp, #0x40
40086acc: f81f83a0     	stur	x0, [x29, #-0x8]
40086ad0: f81f03a1     	stur	x1, [x29, #-0x10]
40086ad4: b81ec3a2     	stur	w2, [x29, #-0x14]
40086ad8: b85ec3a8     	ldur	w8, [x29, #-0x14]
40086adc: 71001d08     	subs	w8, w8, #0x7
40086ae0: 54000068     	b.hi	0x40086aec <handle_udp+0x2c>
40086ae4: 14000001     	b	0x40086ae8 <handle_udp+0x28>
40086ae8: 14000075     	b	0x40086cbc <handle_udp+0x1fc>
40086aec: f85f03a8     	ldur	x8, [x29, #-0x10]
40086af0: f90013e8     	str	x8, [sp, #0x20]
40086af4: f94013e8     	ldr	x8, [sp, #0x20]
40086af8: 79400500     	ldrh	w0, [x8, #0x2]
40086afc: 97fffdc5     	bl	0x40086210 <ntohs>
40086b00: 12003c08     	and	w8, w0, #0xffff
40086b04: 71011108     	subs	w8, w8, #0x44
40086b08: 540000e1     	b.ne	0x40086b24 <handle_udp+0x64>
40086b0c: 14000001     	b	0x40086b10 <handle_udp+0x50>
40086b10: f85f83a0     	ldur	x0, [x29, #-0x8]
40086b14: b85ec3a8     	ldur	w8, [x29, #-0x14]
40086b18: 11005101     	add	w1, w8, #0x14
40086b1c: 97ffea9d     	bl	0x40081590 <dhcp_rx>
40086b20: 14000067     	b	0x40086cbc <handle_udp+0x1fc>
40086b24: f0000c20     	adrp	x0, 0x4020d000 <net_lock>
40086b28: 91000000     	add	x0, x0, #0x0
40086b2c: 97fff8f9     	bl	0x40084f10 <spinlock_acquire_irqsave>
40086b30: f9000fe0     	str	x0, [sp, #0x18]
40086b34: 2a1f03e8     	mov	w8, wzr
40086b38: b90017e8     	str	w8, [sp, #0x14]
40086b3c: 14000001     	b	0x40086b40 <handle_udp+0x80>
40086b40: b94017e8     	ldr	w8, [sp, #0x14]
40086b44: 71003d08     	subs	w8, w8, #0xf
40086b48: 54000b0c     	b.gt	0x40086ca8 <handle_udp+0x1e8>
40086b4c: 14000001     	b	0x40086b50 <handle_udp+0x90>
40086b50: b98017e8     	ldrsw	x8, [sp, #0x14]
40086b54: 52810589     	mov	w9, #0x82c              // =2092
40086b58: 2a0903e0     	mov	w0, w9
40086b5c: 2a0003e9     	mov	w9, w0
40086b60: 9b297d09     	smull	x9, w8, w9
40086b64: f0000c28     	adrp	x8, 0x4020d000 <net_lock>
40086b68: 91001108     	add	x8, x8, #0x4
40086b6c: b8696908     	ldr	w8, [x8, x9]
40086b70: 34000928     	cbz	w8, 0x40086c94 <handle_udp+0x1d4>
40086b74: 14000001     	b	0x40086b78 <handle_udp+0xb8>
40086b78: b98017e8     	ldrsw	x8, [sp, #0x14]
40086b7c: 52810589     	mov	w9, #0x82c              // =2092
40086b80: 2a0903e0     	mov	w0, w9
40086b84: 2a0003e9     	mov	w9, w0
40086b88: f0000c2a     	adrp	x10, 0x4020d000 <net_lock>
40086b8c: 9100114a     	add	x10, x10, #0x4
40086b90: 9b292908     	smaddl	x8, w8, w9, x10
40086b94: b9400508     	ldr	w8, [x8, #0x4]
40086b98: 71004508     	subs	w8, w8, #0x11
40086b9c: 540007c1     	b.ne	0x40086c94 <handle_udp+0x1d4>
40086ba0: 14000001     	b	0x40086ba4 <handle_udp+0xe4>
40086ba4: b98017e8     	ldrsw	x8, [sp, #0x14]
40086ba8: 52810589     	mov	w9, #0x82c              // =2092
40086bac: 2a0903e0     	mov	w0, w9
40086bb0: 2a0003e9     	mov	w9, w0
40086bb4: f0000c2a     	adrp	x10, 0x4020d000 <net_lock>
40086bb8: 9100114a     	add	x10, x10, #0x4
40086bbc: 9b292908     	smaddl	x8, w8, w9, x10
40086bc0: 79401908     	ldrh	w8, [x8, #0xc]
40086bc4: b90003e8     	str	w8, [sp]
40086bc8: f94013e8     	ldr	x8, [sp, #0x20]
40086bcc: 79400500     	ldrh	w0, [x8, #0x2]
40086bd0: 97fffd90     	bl	0x40086210 <ntohs>
40086bd4: b94003e8     	ldr	w8, [sp]
40086bd8: 6b202108     	subs	w8, w8, w0, uxth
40086bdc: 540005c1     	b.ne	0x40086c94 <handle_udp+0x1d4>
40086be0: 14000001     	b	0x40086be4 <handle_udp+0x124>
40086be4: f94013e8     	ldr	x8, [sp, #0x20]
40086be8: 79400900     	ldrh	w0, [x8, #0x4]
40086bec: 97fffd89     	bl	0x40086210 <ntohs>
40086bf0: 12003c08     	and	w8, w0, #0xffff
40086bf4: 71002108     	subs	w8, w8, #0x8
40086bf8: b90013e8     	str	w8, [sp, #0x10]
40086bfc: f85f03a8     	ldur	x8, [x29, #-0x10]
40086c00: 91002108     	add	x8, x8, #0x8
40086c04: f90007e8     	str	x8, [sp, #0x8]
40086c08: 2a1f03e8     	mov	w8, wzr
40086c0c: b90007e8     	str	w8, [sp, #0x4]
40086c10: 14000001     	b	0x40086c14 <handle_udp+0x154>
40086c14: b94007e8     	ldr	w8, [sp, #0x4]
40086c18: b94013e9     	ldr	w9, [sp, #0x10]
40086c1c: 6b090108     	subs	w8, w8, w9
40086c20: 54000382     	b.hs	0x40086c90 <handle_udp+0x1d0>
40086c24: 14000001     	b	0x40086c28 <handle_udp+0x168>
40086c28: f94007e8     	ldr	x8, [sp, #0x8]
40086c2c: b94007e9     	ldr	w9, [sp, #0x4]
40086c30: 38696908     	ldrb	w8, [x8, x9]
40086c34: b98017e9     	ldrsw	x9, [sp, #0x14]
40086c38: 2a0903eb     	mov	w11, w9
40086c3c: 52810589     	mov	w9, #0x82c              // =2092
40086c40: 2a0903e0     	mov	w0, w9
40086c44: 2a0003e9     	mov	w9, w0
40086c48: f0000c2a     	adrp	x10, 0x4020d000 <net_lock>
40086c4c: 9100114a     	add	x10, x10, #0x4
40086c50: 9b29296b     	smaddl	x11, w11, w9, x10
40086c54: b948296c     	ldr	w12, [x11, #0x828]
40086c58: 1200298c     	and	w12, w12, #0x7ff
40086c5c: 2a0c03ec     	mov	w12, w12
40086c60: 8b0c016b     	add	x11, x11, x12
40086c64: 39009168     	strb	w8, [x11, #0x24]
40086c68: b98017e8     	ldrsw	x8, [sp, #0x14]
40086c6c: 9b292909     	smaddl	x9, w8, w9, x10
40086c70: b9482928     	ldr	w8, [x9, #0x828]
40086c74: 11000508     	add	w8, w8, #0x1
40086c78: b9082928     	str	w8, [x9, #0x828]
40086c7c: 14000001     	b	0x40086c80 <handle_udp+0x1c0>
40086c80: b94007e8     	ldr	w8, [sp, #0x4]
40086c84: 11000508     	add	w8, w8, #0x1
40086c88: b90007e8     	str	w8, [sp, #0x4]
40086c8c: 17ffffe2     	b	0x40086c14 <handle_udp+0x154>
40086c90: 14000006     	b	0x40086ca8 <handle_udp+0x1e8>
40086c94: 14000001     	b	0x40086c98 <handle_udp+0x1d8>
40086c98: b94017e8     	ldr	w8, [sp, #0x14]
40086c9c: 11000508     	add	w8, w8, #0x1
40086ca0: b90017e8     	str	w8, [sp, #0x14]
40086ca4: 17ffffa7     	b	0x40086b40 <handle_udp+0x80>
40086ca8: f9400fe1     	ldr	x1, [sp, #0x18]
40086cac: f0000c20     	adrp	x0, 0x4020d000 <net_lock>
40086cb0: 91000000     	add	x0, x0, #0x0
40086cb4: 97fff8a7     	bl	0x40084f50 <spinlock_release_irqrestore>
40086cb8: 14000001     	b	0x40086cbc <handle_udp+0x1fc>
40086cbc: a9447bfd     	ldp	x29, x30, [sp, #0x40]
40086cc0: 910143ff     	add	sp, sp, #0x50
40086cc4: d65f03c0     	ret
40086cc8: d503201f     	nop
40086ccc: d503201f     	nop

0000000040086cd0 <handle_tcp>:
40086cd0: d101c3ff     	sub	sp, sp, #0x70
40086cd4: a9067bfd     	stp	x29, x30, [sp, #0x60]
40086cd8: 910183fd     	add	x29, sp, #0x60
40086cdc: f81f83a0     	stur	x0, [x29, #-0x8]
40086ce0: f81f03a1     	stur	x1, [x29, #-0x10]
40086ce4: b81ec3a2     	stur	w2, [x29, #-0x14]
40086ce8: b85ec3a8     	ldur	w8, [x29, #-0x14]
40086cec: 71004d08     	subs	w8, w8, #0x13
40086cf0: 54000068     	b.hi	0x40086cfc <handle_tcp+0x2c>
40086cf4: 14000001     	b	0x40086cf8 <handle_tcp+0x28>
40086cf8: 140000eb     	b	0x400870a4 <handle_tcp+0x3d4>
40086cfc: f85f03a8     	ldur	x8, [x29, #-0x10]
40086d00: f81e03a8     	stur	x8, [x29, #-0x20]
40086d04: f0000c20     	adrp	x0, 0x4020d000 <net_lock>
40086d08: 91000000     	add	x0, x0, #0x0
40086d0c: 97fff881     	bl	0x40084f10 <spinlock_acquire_irqsave>
40086d10: f81d83a0     	stur	x0, [x29, #-0x28]
40086d14: 2a1f03e8     	mov	w8, wzr
40086d18: b81d43a8     	stur	w8, [x29, #-0x2c]
40086d1c: 14000001     	b	0x40086d20 <handle_tcp+0x50>
40086d20: b85d43a8     	ldur	w8, [x29, #-0x2c]
40086d24: 71003d08     	subs	w8, w8, #0xf
40086d28: 54001b4c     	b.gt	0x40087090 <handle_tcp+0x3c0>
40086d2c: 14000001     	b	0x40086d30 <handle_tcp+0x60>
40086d30: b89d43a8     	ldursw	x8, [x29, #-0x2c]
40086d34: 52810589     	mov	w9, #0x82c              // =2092
40086d38: 2a0903e0     	mov	w0, w9
40086d3c: 2a0003e9     	mov	w9, w0
40086d40: 9b297d09     	smull	x9, w8, w9
40086d44: f0000c28     	adrp	x8, 0x4020d000 <net_lock>
40086d48: 91001108     	add	x8, x8, #0x4
40086d4c: b8696908     	ldr	w8, [x8, x9]
40086d50: 34001968     	cbz	w8, 0x4008707c <handle_tcp+0x3ac>
40086d54: 14000001     	b	0x40086d58 <handle_tcp+0x88>
40086d58: b89d43a8     	ldursw	x8, [x29, #-0x2c]
40086d5c: 52810589     	mov	w9, #0x82c              // =2092
40086d60: 2a0903e0     	mov	w0, w9
40086d64: 2a0003e9     	mov	w9, w0
40086d68: f0000c2a     	adrp	x10, 0x4020d000 <net_lock>
40086d6c: 9100114a     	add	x10, x10, #0x4
40086d70: 9b292908     	smaddl	x8, w8, w9, x10
40086d74: b9400508     	ldr	w8, [x8, #0x4]
40086d78: 71001908     	subs	w8, w8, #0x6
40086d7c: 54001801     	b.ne	0x4008707c <handle_tcp+0x3ac>
40086d80: 14000001     	b	0x40086d84 <handle_tcp+0xb4>
40086d84: b89d43a8     	ldursw	x8, [x29, #-0x2c]
40086d88: 52810589     	mov	w9, #0x82c              // =2092
40086d8c: 2a0903e0     	mov	w0, w9
40086d90: 2a0003e9     	mov	w9, w0
40086d94: f0000c2a     	adrp	x10, 0x4020d000 <net_lock>
40086d98: 9100114a     	add	x10, x10, #0x4
40086d9c: 9b292908     	smaddl	x8, w8, w9, x10
40086da0: 79401908     	ldrh	w8, [x8, #0xc]
40086da4: b9001be8     	str	w8, [sp, #0x18]
40086da8: f85e03a8     	ldur	x8, [x29, #-0x20]
40086dac: 79400500     	ldrh	w0, [x8, #0x2]
40086db0: 97fffd18     	bl	0x40086210 <ntohs>
40086db4: b9401be8     	ldr	w8, [sp, #0x18]
40086db8: 6b202108     	subs	w8, w8, w0, uxth
40086dbc: 54001601     	b.ne	0x4008707c <handle_tcp+0x3ac>
40086dc0: 14000001     	b	0x40086dc4 <handle_tcp+0xf4>
40086dc4: b89d43a8     	ldursw	x8, [x29, #-0x2c]
40086dc8: 52810589     	mov	w9, #0x82c              // =2092
40086dcc: 2a0903e0     	mov	w0, w9
40086dd0: 2a0003e9     	mov	w9, w0
40086dd4: f0000c2a     	adrp	x10, 0x4020d000 <net_lock>
40086dd8: 9100114a     	add	x10, x10, #0x4
40086ddc: 9b292908     	smaddl	x8, w8, w9, x10
40086de0: 79402908     	ldrh	w8, [x8, #0x14]
40086de4: b90017e8     	str	w8, [sp, #0x14]
40086de8: f85e03a8     	ldur	x8, [x29, #-0x20]
40086dec: 79400100     	ldrh	w0, [x8]
40086df0: 97fffd08     	bl	0x40086210 <ntohs>
40086df4: b94017e8     	ldr	w8, [sp, #0x14]
40086df8: 6b202108     	subs	w8, w8, w0, uxth
40086dfc: 54001401     	b.ne	0x4008707c <handle_tcp+0x3ac>
40086e00: 14000001     	b	0x40086e04 <handle_tcp+0x134>
40086e04: b89d43a8     	ldursw	x8, [x29, #-0x2c]
40086e08: 52810589     	mov	w9, #0x82c              // =2092
40086e0c: 2a0903e0     	mov	w0, w9
40086e10: 2a0003e9     	mov	w9, w0
40086e14: f0000c2a     	adrp	x10, 0x4020d000 <net_lock>
40086e18: 9100114a     	add	x10, x10, #0x4
40086e1c: 9b292908     	smaddl	x8, w8, w9, x10
40086e20: b9401108     	ldr	w8, [x8, #0x10]
40086e24: f85f83a9     	ldur	x9, [x29, #-0x8]
40086e28: b9400d29     	ldr	w9, [x9, #0xc]
40086e2c: 6b090108     	subs	w8, w8, w9
40086e30: 54001261     	b.ne	0x4008707c <handle_tcp+0x3ac>
40086e34: 14000001     	b	0x40086e38 <handle_tcp+0x168>
40086e38: b89d43a8     	ldursw	x8, [x29, #-0x2c]
40086e3c: 52810589     	mov	w9, #0x82c              // =2092
40086e40: 2a0903e0     	mov	w0, w9
40086e44: 2a0003e9     	mov	w9, w0
40086e48: f0000c2a     	adrp	x10, 0x4020d000 <net_lock>
40086e4c: 9100114a     	add	x10, x10, #0x4
40086e50: 9b292908     	smaddl	x8, w8, w9, x10
40086e54: b9401908     	ldr	w8, [x8, #0x18]
40086e58: 71000508     	subs	w8, w8, #0x1
40086e5c: 540004e1     	b.ne	0x40086ef8 <handle_tcp+0x228>
40086e60: 14000001     	b	0x40086e64 <handle_tcp+0x194>
40086e64: f85e03a8     	ldur	x8, [x29, #-0x20]
40086e68: 79401908     	ldrh	w8, [x8, #0xc]
40086e6c: 36480468     	tbz	w8, #0x9, 0x40086ef8 <handle_tcp+0x228>
40086e70: 14000001     	b	0x40086e74 <handle_tcp+0x1a4>
40086e74: f85e03a8     	ldur	x8, [x29, #-0x20]
40086e78: 79401908     	ldrh	w8, [x8, #0xc]
40086e7c: 366003e8     	tbz	w8, #0xc, 0x40086ef8 <handle_tcp+0x228>
40086e80: 14000001     	b	0x40086e84 <handle_tcp+0x1b4>
40086e84: b89d43a8     	ldursw	x8, [x29, #-0x2c]
40086e88: 52810589     	mov	w9, #0x82c              // =2092
40086e8c: 2a0903e0     	mov	w0, w9
40086e90: 2a0003e9     	mov	w9, w0
40086e94: b90013e9     	str	w9, [sp, #0x10]
40086e98: f0000c2a     	adrp	x10, 0x4020d000 <net_lock>
40086e9c: 9100114a     	add	x10, x10, #0x4
40086ea0: f90007ea     	str	x10, [sp, #0x8]
40086ea4: 9b292909     	smaddl	x9, w8, w9, x10
40086ea8: 52800048     	mov	w8, #0x2                // =2
40086eac: b9001928     	str	w8, [x9, #0x18]
40086eb0: f85e03a8     	ldur	x8, [x29, #-0x20]
40086eb4: b9400500     	ldr	w0, [x8, #0x4]
40086eb8: 97fffcee     	bl	0x40086270 <ntohl>
40086ebc: f94007eb     	ldr	x11, [sp, #0x8]
40086ec0: b94013ea     	ldr	w10, [sp, #0x10]
40086ec4: 11000408     	add	w8, w0, #0x1
40086ec8: b89d43a9     	ldursw	x9, [x29, #-0x2c]
40086ecc: 9b2a2d29     	smaddl	x9, w9, w10, x11
40086ed0: b9002128     	str	w8, [x9, #0x20]
40086ed4: f85e03a8     	ldur	x8, [x29, #-0x20]
40086ed8: b9400900     	ldr	w0, [x8, #0x8]
40086edc: 97fffce5     	bl	0x40086270 <ntohl>
40086ee0: f94007ea     	ldr	x10, [sp, #0x8]
40086ee4: b94013e9     	ldr	w9, [sp, #0x10]
40086ee8: b89d43a8     	ldursw	x8, [x29, #-0x2c]
40086eec: 9b292908     	smaddl	x8, w8, w9, x10
40086ef0: b9001d00     	str	w0, [x8, #0x1c]
40086ef4: 14000061     	b	0x40087078 <handle_tcp+0x3a8>
40086ef8: b89d43a8     	ldursw	x8, [x29, #-0x2c]
40086efc: 52810589     	mov	w9, #0x82c              // =2092
40086f00: 2a0903e0     	mov	w0, w9
40086f04: 2a0003e9     	mov	w9, w0
40086f08: f0000c2a     	adrp	x10, 0x4020d000 <net_lock>
40086f0c: 9100114a     	add	x10, x10, #0x4
40086f10: 9b292908     	smaddl	x8, w8, w9, x10
40086f14: b9401908     	ldr	w8, [x8, #0x18]
40086f18: 71000908     	subs	w8, w8, #0x2
40086f1c: 54000ac1     	b.ne	0x40087074 <handle_tcp+0x3a4>
40086f20: 14000001     	b	0x40086f24 <handle_tcp+0x254>
40086f24: f85e03a8     	ldur	x8, [x29, #-0x20]
40086f28: 79401908     	ldrh	w8, [x8, #0xc]
40086f2c: 53027d08     	lsr	w8, w8, #2
40086f30: 121e0d08     	and	w8, w8, #0x3c
40086f34: b90033e8     	str	w8, [sp, #0x30]
40086f38: b94033e8     	ldr	w8, [sp, #0x30]
40086f3c: b85ec3a9     	ldur	w9, [x29, #-0x14]
40086f40: 6b090108     	subs	w8, w8, w9
40086f44: 54000702     	b.hs	0x40087024 <handle_tcp+0x354>
40086f48: 14000001     	b	0x40086f4c <handle_tcp+0x27c>
40086f4c: b85ec3a8     	ldur	w8, [x29, #-0x14]
40086f50: b94033e9     	ldr	w9, [sp, #0x30]
40086f54: 6b090108     	subs	w8, w8, w9
40086f58: b9002fe8     	str	w8, [sp, #0x2c]
40086f5c: f85f03a8     	ldur	x8, [x29, #-0x10]
40086f60: b94033e9     	ldr	w9, [sp, #0x30]
40086f64: 8b090108     	add	x8, x8, x9
40086f68: f90013e8     	str	x8, [sp, #0x20]
40086f6c: 2a1f03e8     	mov	w8, wzr
40086f70: b9001fe8     	str	w8, [sp, #0x1c]
40086f74: 14000001     	b	0x40086f78 <handle_tcp+0x2a8>
40086f78: b9401fe8     	ldr	w8, [sp, #0x1c]
40086f7c: b9402fe9     	ldr	w9, [sp, #0x2c]
40086f80: 6b090108     	subs	w8, w8, w9
40086f84: 54000382     	b.hs	0x40086ff4 <handle_tcp+0x324>
40086f88: 14000001     	b	0x40086f8c <handle_tcp+0x2bc>
40086f8c: f94013e8     	ldr	x8, [sp, #0x20]
40086f90: b9401fe9     	ldr	w9, [sp, #0x1c]
40086f94: 38696908     	ldrb	w8, [x8, x9]
40086f98: b89d43a9     	ldursw	x9, [x29, #-0x2c]
40086f9c: 2a0903eb     	mov	w11, w9
40086fa0: 52810589     	mov	w9, #0x82c              // =2092
40086fa4: 2a0903e0     	mov	w0, w9
40086fa8: 2a0003e9     	mov	w9, w0
40086fac: f0000c2a     	adrp	x10, 0x4020d000 <net_lock>
40086fb0: 9100114a     	add	x10, x10, #0x4
40086fb4: 9b29296b     	smaddl	x11, w11, w9, x10
40086fb8: b948296c     	ldr	w12, [x11, #0x828]
40086fbc: 1200298c     	and	w12, w12, #0x7ff
40086fc0: 2a0c03ec     	mov	w12, w12
40086fc4: 8b0c016b     	add	x11, x11, x12
40086fc8: 39009168     	strb	w8, [x11, #0x24]
40086fcc: b89d43a8     	ldursw	x8, [x29, #-0x2c]
40086fd0: 9b292909     	smaddl	x9, w8, w9, x10
40086fd4: b9482928     	ldr	w8, [x9, #0x828]
40086fd8: 11000508     	add	w8, w8, #0x1
40086fdc: b9082928     	str	w8, [x9, #0x828]
40086fe0: 14000001     	b	0x40086fe4 <handle_tcp+0x314>
40086fe4: b9401fe8     	ldr	w8, [sp, #0x1c]
40086fe8: 11000508     	add	w8, w8, #0x1
40086fec: b9001fe8     	str	w8, [sp, #0x1c]
40086ff0: 17ffffe2     	b	0x40086f78 <handle_tcp+0x2a8>
40086ff4: b9402fea     	ldr	w10, [sp, #0x2c]
40086ff8: b89d43a8     	ldursw	x8, [x29, #-0x2c]
40086ffc: 52810589     	mov	w9, #0x82c              // =2092
40087000: 2a0903e0     	mov	w0, w9
40087004: 2a0003e9     	mov	w9, w0
40087008: d0000c2b     	adrp	x11, 0x4020d000 <net_lock>
4008700c: 9100116b     	add	x11, x11, #0x4
40087010: 9b292d09     	smaddl	x9, w8, w9, x11
40087014: b9402128     	ldr	w8, [x9, #0x20]
40087018: 0b0a0108     	add	w8, w8, w10
4008701c: b9002128     	str	w8, [x9, #0x20]
40087020: 14000001     	b	0x40087024 <handle_tcp+0x354>
40087024: f85e03a8     	ldur	x8, [x29, #-0x20]
40087028: 39403508     	ldrb	w8, [x8, #0xd]
4008702c: 36000228     	tbz	w8, #0x0, 0x40087070 <handle_tcp+0x3a0>
40087030: 14000001     	b	0x40087034 <handle_tcp+0x364>
40087034: b89d43a8     	ldursw	x8, [x29, #-0x2c]
40087038: 52810589     	mov	w9, #0x82c              // =2092
4008703c: 2a0903e0     	mov	w0, w9
40087040: 2a0003e9     	mov	w9, w0
40087044: d0000c2a     	adrp	x10, 0x4020d000 <net_lock>
40087048: 9100114a     	add	x10, x10, #0x4
4008704c: 9b29290b     	smaddl	x11, w8, w9, x10
40087050: b9402168     	ldr	w8, [x11, #0x20]
40087054: 11000508     	add	w8, w8, #0x1
40087058: b9002168     	str	w8, [x11, #0x20]
4008705c: b89d43a8     	ldursw	x8, [x29, #-0x2c]
40087060: 9b292909     	smaddl	x9, w8, w9, x10
40087064: 2a1f03e8     	mov	w8, wzr
40087068: b9001928     	str	w8, [x9, #0x18]
4008706c: 14000001     	b	0x40087070 <handle_tcp+0x3a0>
40087070: 14000001     	b	0x40087074 <handle_tcp+0x3a4>
40087074: 14000001     	b	0x40087078 <handle_tcp+0x3a8>
40087078: 14000006     	b	0x40087090 <handle_tcp+0x3c0>
4008707c: 14000001     	b	0x40087080 <handle_tcp+0x3b0>
40087080: b85d43a8     	ldur	w8, [x29, #-0x2c]
40087084: 11000508     	add	w8, w8, #0x1
40087088: b81d43a8     	stur	w8, [x29, #-0x2c]
4008708c: 17ffff25     	b	0x40086d20 <handle_tcp+0x50>
40087090: f85d83a1     	ldur	x1, [x29, #-0x28]
40087094: d0000c20     	adrp	x0, 0x4020d000 <net_lock>
40087098: 91000000     	add	x0, x0, #0x0
4008709c: 97fff7ad     	bl	0x40084f50 <spinlock_release_irqrestore>
400870a0: 14000001     	b	0x400870a4 <handle_tcp+0x3d4>
400870a4: a9467bfd     	ldp	x29, x30, [sp, #0x60]
400870a8: 9101c3ff     	add	sp, sp, #0x70
400870ac: d65f03c0     	ret

00000000400870b0 <net_socket_create>:
400870b0: d10103ff     	sub	sp, sp, #0x40
400870b4: a9037bfd     	stp	x29, x30, [sp, #0x30]
400870b8: 9100c3fd     	add	x29, sp, #0x30
400870bc: b81f43a0     	stur	w0, [x29, #-0xc]
400870c0: d0000c20     	adrp	x0, 0x4020d000 <net_lock>
400870c4: 91000000     	add	x0, x0, #0x0
400870c8: 97fff792     	bl	0x40084f10 <spinlock_acquire_irqsave>
400870cc: f9000fe0     	str	x0, [sp, #0x18]
400870d0: 2a1f03e8     	mov	w8, wzr
400870d4: b90017e8     	str	w8, [sp, #0x14]
400870d8: 14000001     	b	0x400870dc <net_socket_create+0x2c>
400870dc: b94017e8     	ldr	w8, [sp, #0x14]
400870e0: 71003d08     	subs	w8, w8, #0xf
400870e4: 54000a6c     	b.gt	0x40087230 <net_socket_create+0x180>
400870e8: 14000001     	b	0x400870ec <net_socket_create+0x3c>
400870ec: b98017e8     	ldrsw	x8, [sp, #0x14]
400870f0: 52810589     	mov	w9, #0x82c              // =2092
400870f4: 2a0903e0     	mov	w0, w9
400870f8: 2a0003e9     	mov	w9, w0
400870fc: 9b297d09     	smull	x9, w8, w9
40087100: d0000c28     	adrp	x8, 0x4020d000 <net_lock>
40087104: 91001108     	add	x8, x8, #0x4
40087108: b8696908     	ldr	w8, [x8, x9]
4008710c: 35000888     	cbnz	w8, 0x4008721c <net_socket_create+0x16c>
40087110: 14000001     	b	0x40087114 <net_socket_create+0x64>
40087114: b98017e8     	ldrsw	x8, [sp, #0x14]
40087118: 52810589     	mov	w9, #0x82c              // =2092
4008711c: 2a0903e0     	mov	w0, w9
40087120: 2a0003eb     	mov	w11, w0
40087124: 9b2b7d09     	smull	x9, w8, w11
40087128: d0000c2c     	adrp	x12, 0x4020d000 <net_lock>
4008712c: 9100118c     	add	x12, x12, #0x4
40087130: 52800028     	mov	w8, #0x1                // =1
40087134: b8296988     	str	w8, [x12, x9]
40087138: b85f43a8     	ldur	w8, [x29, #-0xc]
4008713c: b98017e9     	ldrsw	x9, [sp, #0x14]
40087140: 9b2b3129     	smaddl	x9, w9, w11, x12
40087144: b9000528     	str	w8, [x9, #0x4]
40087148: d0000c68     	adrp	x8, 0x40215000 <sockets+0x7ffc>
4008714c: b943cd08     	ldr	w8, [x8, #0x3cc]
40087150: b98017e9     	ldrsw	x9, [sp, #0x14]
40087154: 9b2b3129     	smaddl	x9, w9, w11, x12
40087158: b9000928     	str	w8, [x9, #0x8]
4008715c: f0000048     	adrp	x8, 0x40092000 <UART0_FR+0x14d8>
40087160: 7956d909     	ldrh	w9, [x8, #0xb6c]
40087164: 1100052a     	add	w10, w9, #0x1
40087168: 7916d90a     	strh	w10, [x8, #0xb6c]
4008716c: b98017ea     	ldrsw	x10, [sp, #0x14]
40087170: 9b2b314a     	smaddl	x10, w10, w11, x12
40087174: 79001949     	strh	w9, [x10, #0xc]
40087178: 7956d908     	ldrh	w8, [x8, #0xb6c]
4008717c: 350000c8     	cbnz	w8, 0x40087194 <net_socket_create+0xe4>
40087180: 14000001     	b	0x40087184 <net_socket_create+0xd4>
40087184: f0000049     	adrp	x9, 0x40092000 <UART0_FR+0x14d8>
40087188: 52980008     	mov	w8, #0xc000             // =49152
4008718c: 7916d928     	strh	w8, [x9, #0xb6c]
40087190: 14000001     	b	0x40087194 <net_socket_create+0xe4>
40087194: b98017e8     	ldrsw	x8, [sp, #0x14]
40087198: 52810589     	mov	w9, #0x82c              // =2092
4008719c: 2a0903e0     	mov	w0, w9
400871a0: 2a0003ea     	mov	w10, w0
400871a4: b90013ea     	str	w10, [sp, #0x10]
400871a8: d0000c2b     	adrp	x11, 0x4020d000 <net_lock>
400871ac: 9100116b     	add	x11, x11, #0x4
400871b0: f90007eb     	str	x11, [sp, #0x8]
400871b4: 9b2a2d09     	smaddl	x9, w8, w10, x11
400871b8: 2a1f03e8     	mov	w8, wzr
400871bc: b9001928     	str	w8, [x9, #0x18]
400871c0: b98017e9     	ldrsw	x9, [sp, #0x14]
400871c4: 9b2a2d29     	smaddl	x9, w9, w10, x11
400871c8: b9082528     	str	w8, [x9, #0x824]
400871cc: b98017e9     	ldrsw	x9, [sp, #0x14]
400871d0: 9b2a2d29     	smaddl	x9, w9, w10, x11
400871d4: b9082928     	str	w8, [x9, #0x828]
400871d8: b98017e9     	ldrsw	x9, [sp, #0x14]
400871dc: 9b2a2d2c     	smaddl	x12, w9, w10, x11
400871e0: 52807d09     	mov	w9, #0x3e8              // =1000
400871e4: b9001d89     	str	w9, [x12, #0x1c]
400871e8: b98017e9     	ldrsw	x9, [sp, #0x14]
400871ec: 9b2a2d29     	smaddl	x9, w9, w10, x11
400871f0: b9002128     	str	w8, [x9, #0x20]
400871f4: f9400fe1     	ldr	x1, [sp, #0x18]
400871f8: d0000c20     	adrp	x0, 0x4020d000 <net_lock>
400871fc: 91000000     	add	x0, x0, #0x0
40087200: 97fff754     	bl	0x40084f50 <spinlock_release_irqrestore>
40087204: f94007ea     	ldr	x10, [sp, #0x8]
40087208: b94013e9     	ldr	w9, [sp, #0x10]
4008720c: b98017e8     	ldrsw	x8, [sp, #0x14]
40087210: 9b292908     	smaddl	x8, w8, w9, x10
40087214: f81f83a8     	stur	x8, [x29, #-0x8]
40087218: 1400000d     	b	0x4008724c <net_socket_create+0x19c>
4008721c: 14000001     	b	0x40087220 <net_socket_create+0x170>
40087220: b94017e8     	ldr	w8, [sp, #0x14]
40087224: 11000508     	add	w8, w8, #0x1
40087228: b90017e8     	str	w8, [sp, #0x14]
4008722c: 17ffffac     	b	0x400870dc <net_socket_create+0x2c>
40087230: f9400fe1     	ldr	x1, [sp, #0x18]
40087234: d0000c20     	adrp	x0, 0x4020d000 <net_lock>
40087238: 91000000     	add	x0, x0, #0x0
4008723c: 97fff745     	bl	0x40084f50 <spinlock_release_irqrestore>
40087240: aa1f03e8     	mov	x8, xzr
40087244: f81f83a8     	stur	x8, [x29, #-0x8]
40087248: 14000001     	b	0x4008724c <net_socket_create+0x19c>
4008724c: f85f83a0     	ldur	x0, [x29, #-0x8]
40087250: a9437bfd     	ldp	x29, x30, [sp, #0x30]
40087254: 910103ff     	add	sp, sp, #0x40
40087258: d65f03c0     	ret
4008725c: d503201f     	nop

0000000040087260 <net_socket_connect>:
40087260: d10143ff     	sub	sp, sp, #0x50
40087264: a9047bfd     	stp	x29, x30, [sp, #0x40]
40087268: 910103fd     	add	x29, sp, #0x40
4008726c: f81f03a0     	stur	x0, [x29, #-0x10]
40087270: b81ec3a1     	stur	w1, [x29, #-0x14]
40087274: 781ea3a2     	sturh	w2, [x29, #-0x16]
40087278: f85f03a8     	ldur	x8, [x29, #-0x10]
4008727c: b40000e8     	cbz	x8, 0x40087298 <net_socket_connect+0x38>
40087280: 14000001     	b	0x40087284 <net_socket_connect+0x24>
40087284: f85f03a8     	ldur	x8, [x29, #-0x10]
40087288: b9400508     	ldr	w8, [x8, #0x4]
4008728c: 71001908     	subs	w8, w8, #0x6
40087290: 540000a0     	b.eq	0x400872a4 <net_socket_connect+0x44>
40087294: 14000001     	b	0x40087298 <net_socket_connect+0x38>
40087298: 12800008     	mov	w8, #-0x1               // =-1
4008729c: b81fc3a8     	stur	w8, [x29, #-0x4]
400872a0: 14000055     	b	0x400873f4 <net_socket_connect+0x194>
400872a4: b85ec3a8     	ldur	w8, [x29, #-0x14]
400872a8: f85f03a9     	ldur	x9, [x29, #-0x10]
400872ac: b9001128     	str	w8, [x9, #0x10]
400872b0: 785ea3a8     	ldurh	w8, [x29, #-0x16]
400872b4: f85f03a9     	ldur	x9, [x29, #-0x10]
400872b8: 79002928     	strh	w8, [x9, #0x14]
400872bc: f85f03a9     	ldur	x9, [x29, #-0x10]
400872c0: 52800028     	mov	w8, #0x1                // =1
400872c4: b9001928     	str	w8, [x9, #0x18]
400872c8: f85f03a0     	ldur	x0, [x29, #-0x10]
400872cc: 52800041     	mov	w1, #0x2                // =2
400872d0: aa1f03e2     	mov	x2, xzr
400872d4: 2a1f03e3     	mov	w3, wzr
400872d8: 9400004e     	bl	0x40087410 <send_tcp_segment>
400872dc: 940015bd     	bl	0x4008c9d0 <timer_get_ms>
400872e0: f90013e0     	str	x0, [sp, #0x20]
400872e4: 14000001     	b	0x400872e8 <net_socket_connect+0x88>
400872e8: f85f03a8     	ldur	x8, [x29, #-0x10]
400872ec: b9401908     	ldr	w8, [x8, #0x18]
400872f0: 71000508     	subs	w8, w8, #0x1
400872f4: 540005e1     	b.ne	0x400873b0 <net_socket_connect+0x150>
400872f8: 14000001     	b	0x400872fc <net_socket_connect+0x9c>
400872fc: 940015b5     	bl	0x4008c9d0 <timer_get_ms>
40087300: f94013e8     	ldr	x8, [sp, #0x20]
40087304: eb080008     	subs	x8, x0, x8
40087308: 52827129     	mov	w9, #0x1389             // =5001
4008730c: eb090108     	subs	x8, x8, x9
40087310: 540004c3     	b.lo	0x400873a8 <net_socket_connect+0x148>
40087314: 14000001     	b	0x40087318 <net_socket_connect+0xb8>
40087318: f0000040     	adrp	x0, 0x40092000 <UART0_FR+0x14d8>
4008731c: 910a5800     	add	x0, x0, #0x296
40087320: 97fff800     	bl	0x40085320 <uart_puts>
40087324: b85ec3a0     	ldur	w0, [x29, #-0x14]
40087328: 97fffbd2     	bl	0x40086270 <ntohl>
4008732c: b9001fe0     	str	w0, [sp, #0x1c]
40087330: 39407fe0     	ldrb	w0, [sp, #0x1f]
40087334: 97fff817     	bl	0x40085390 <print_int>
40087338: d0000040     	adrp	x0, 0x40091000 <UART0_FR+0x4d8>
4008733c: 910bcc00     	add	x0, x0, #0x2f3
40087340: f9000be0     	str	x0, [sp, #0x10]
40087344: 97fff7f7     	bl	0x40085320 <uart_puts>
40087348: 39407be0     	ldrb	w0, [sp, #0x1e]
4008734c: 97fff811     	bl	0x40085390 <print_int>
40087350: f9400be0     	ldr	x0, [sp, #0x10]
40087354: 97fff7f3     	bl	0x40085320 <uart_puts>
40087358: 394077e0     	ldrb	w0, [sp, #0x1d]
4008735c: 97fff80d     	bl	0x40085390 <print_int>
40087360: f9400be0     	ldr	x0, [sp, #0x10]
40087364: 97fff7ef     	bl	0x40085320 <uart_puts>
40087368: 394073e0     	ldrb	w0, [sp, #0x1c]
4008736c: 97fff809     	bl	0x40085390 <print_int>
40087370: d0000040     	adrp	x0, 0x40091000 <UART0_FR+0x4d8>
40087374: 91076400     	add	x0, x0, #0x1d9
40087378: 97fff7ea     	bl	0x40085320 <uart_puts>
4008737c: 785ea3a0     	ldurh	w0, [x29, #-0x16]
40087380: 97fff804     	bl	0x40085390 <print_int>
40087384: d0000040     	adrp	x0, 0x40091000 <UART0_FR+0x4d8>
40087388: 913b0800     	add	x0, x0, #0xec2
4008738c: 97fff7e5     	bl	0x40085320 <uart_puts>
40087390: f85f03a9     	ldur	x9, [x29, #-0x10]
40087394: 2a1f03e8     	mov	w8, wzr
40087398: b9001928     	str	w8, [x9, #0x18]
4008739c: 12800008     	mov	w8, #-0x1               // =-1
400873a0: b81fc3a8     	stur	w8, [x29, #-0x4]
400873a4: 14000014     	b	0x400873f4 <net_socket_connect+0x194>
400873a8: 94000fde     	bl	0x4008b320 <process_sleep>
400873ac: 17ffffcf     	b	0x400872e8 <net_socket_connect+0x88>
400873b0: f85f03a8     	ldur	x8, [x29, #-0x10]
400873b4: b9401908     	ldr	w8, [x8, #0x18]
400873b8: 71000908     	subs	w8, w8, #0x2
400873bc: 54000161     	b.ne	0x400873e8 <net_socket_connect+0x188>
400873c0: 14000001     	b	0x400873c4 <net_socket_connect+0x164>
400873c4: f85f03a0     	ldur	x0, [x29, #-0x10]
400873c8: 52800201     	mov	w1, #0x10               // =16
400873cc: aa1f03e2     	mov	x2, xzr
400873d0: 2a1f03e3     	mov	w3, wzr
400873d4: b9000fe3     	str	w3, [sp, #0xc]
400873d8: 9400000e     	bl	0x40087410 <send_tcp_segment>
400873dc: b9400fe8     	ldr	w8, [sp, #0xc]
400873e0: b81fc3a8     	stur	w8, [x29, #-0x4]
400873e4: 14000004     	b	0x400873f4 <net_socket_connect+0x194>
400873e8: 12800008     	mov	w8, #-0x1               // =-1
400873ec: b81fc3a8     	stur	w8, [x29, #-0x4]
400873f0: 14000001     	b	0x400873f4 <net_socket_connect+0x194>
400873f4: b85fc3a0     	ldur	w0, [x29, #-0x4]
400873f8: a9447bfd     	ldp	x29, x30, [sp, #0x40]
400873fc: 910143ff     	add	sp, sp, #0x50
40087400: d65f03c0     	ret
40087404: d503201f     	nop
40087408: d503201f     	nop
4008740c: d503201f     	nop

0000000040087410 <send_tcp_segment>:
40087410: a9be7bfd     	stp	x29, x30, [sp, #-0x20]!
40087414: f9000bfc     	str	x28, [sp, #0x10]
40087418: 910003fd     	mov	x29, sp
4008741c: d11943ff     	sub	sp, sp, #0x650
40087420: d10063a8     	sub	x8, x29, #0x18
40087424: f9000be8     	str	x8, [sp, #0x10]
40087428: f9000900     	str	x0, [x8, #0x10]
4008742c: 381f73a1     	sturb	w1, [x29, #-0x9]
40087430: f9000102     	str	x2, [x8]
40087434: 781e63a3     	sturh	w3, [x29, #-0x1a]
40087438: 785e63a9     	ldurh	w9, [x29, #-0x1a]
4008743c: 1100d929     	add	w9, w9, #0x36
40087440: b90057e9     	str	w9, [sp, #0x54]
40087444: 91016be9     	add	x9, sp, #0x5a
40087448: f90027e9     	str	x9, [sp, #0x48]
4008744c: 9100392a     	add	x10, x9, #0xe
40087450: f90023ea     	str	x10, [sp, #0x40]
40087454: 9100892a     	add	x10, x9, #0x22
40087458: f9001fea     	str	x10, [sp, #0x38]
4008745c: 9100d929     	add	x9, x9, #0x36
40087460: f9001be9     	str	x9, [sp, #0x30]
40087464: f9400908     	ldr	x8, [x8, #0x10]
40087468: b9401100     	ldr	w0, [x8, #0x10]
4008746c: 9100abe1     	add	x1, sp, #0x2a
40087470: 940001f0     	bl	0x40087c30 <arp_resolve>
40087474: 35000260     	cbnz	w0, 0x400874c0 <send_tcp_segment+0xb0>
40087478: 14000001     	b	0x4008747c <send_tcp_segment+0x6c>
4008747c: 2a1f03e8     	mov	w8, wzr
40087480: b90027e8     	str	w8, [sp, #0x24]
40087484: 14000001     	b	0x40087488 <send_tcp_segment+0x78>
40087488: b94027e8     	ldr	w8, [sp, #0x24]
4008748c: 71001508     	subs	w8, w8, #0x5
40087490: 5400016c     	b.gt	0x400874bc <send_tcp_segment+0xac>
40087494: 14000001     	b	0x40087498 <send_tcp_segment+0x88>
40087498: b98027ea     	ldrsw	x10, [sp, #0x24]
4008749c: 9100abe9     	add	x9, sp, #0x2a
400874a0: 52801fe8     	mov	w8, #0xff               // =255
400874a4: 382a6928     	strb	w8, [x9, x10]
400874a8: 14000001     	b	0x400874ac <send_tcp_segment+0x9c>
400874ac: b94027e8     	ldr	w8, [sp, #0x24]
400874b0: 11000508     	add	w8, w8, #0x1
400874b4: b90027e8     	str	w8, [sp, #0x24]
400874b8: 17fffff4     	b	0x40087488 <send_tcp_segment+0x78>
400874bc: 14000001     	b	0x400874c0 <send_tcp_segment+0xb0>
400874c0: 2a1f03e8     	mov	w8, wzr
400874c4: b90023e8     	str	w8, [sp, #0x20]
400874c8: 14000001     	b	0x400874cc <send_tcp_segment+0xbc>
400874cc: b94023e8     	ldr	w8, [sp, #0x20]
400874d0: 71001508     	subs	w8, w8, #0x5
400874d4: 5400026c     	b.gt	0x40087520 <send_tcp_segment+0x110>
400874d8: 14000001     	b	0x400874dc <send_tcp_segment+0xcc>
400874dc: b98023ea     	ldrsw	x10, [sp, #0x20]
400874e0: 9100abe8     	add	x8, sp, #0x2a
400874e4: 386a6908     	ldrb	w8, [x8, x10]
400874e8: f94027e9     	ldr	x9, [sp, #0x48]
400874ec: 382a6928     	strb	w8, [x9, x10]
400874f0: b98023ea     	ldrsw	x10, [sp, #0x20]
400874f4: d0000c68     	adrp	x8, 0x40215000 <sockets+0x7ffc>
400874f8: 910f1108     	add	x8, x8, #0x3c4
400874fc: 386a6908     	ldrb	w8, [x8, x10]
40087500: f94027e9     	ldr	x9, [sp, #0x48]
40087504: 8b0a0129     	add	x9, x9, x10
40087508: 39001928     	strb	w8, [x9, #0x6]
4008750c: 14000001     	b	0x40087510 <send_tcp_segment+0x100>
40087510: b94023e8     	ldr	w8, [sp, #0x20]
40087514: 11000508     	add	w8, w8, #0x1
40087518: b90023e8     	str	w8, [sp, #0x20]
4008751c: 17ffffec     	b	0x400874cc <send_tcp_segment+0xbc>
40087520: 52810000     	mov	w0, #0x800              // =2048
40087524: b9000be0     	str	w0, [sp, #0x8]
40087528: 97fffb32     	bl	0x400861f0 <htons>
4008752c: f94027e8     	ldr	x8, [sp, #0x48]
40087530: 79001900     	strh	w0, [x8, #0xc]
40087534: f94023e9     	ldr	x9, [sp, #0x40]
40087538: 3940012a     	ldrb	w10, [x9]
4008753c: 52800808     	mov	w8, #0x40               // =64
40087540: b90007e8     	str	w8, [sp, #0x4]
40087544: 33000d48     	bfxil	w8, w10, #0, #4
40087548: 39000128     	strb	w8, [x9]
4008754c: f94023e9     	ldr	x9, [sp, #0x40]
40087550: 39400128     	ldrb	w8, [x9]
40087554: 121c0d08     	and	w8, w8, #0xf0
40087558: 528000aa     	mov	w10, #0x5               // =5
4008755c: 2a0a0108     	orr	w8, w8, w10
40087560: 39000128     	strb	w8, [x9]
40087564: f94023e9     	ldr	x9, [sp, #0x40]
40087568: 2a1f03e8     	mov	w8, wzr
4008756c: b9000fe8     	str	w8, [sp, #0xc]
40087570: 39000528     	strb	w8, [x9, #0x1]
40087574: 785e63a8     	ldurh	w8, [x29, #-0x1a]
40087578: 1100a100     	add	w0, w8, #0x28
4008757c: 97fffb1d     	bl	0x400861f0 <htons>
40087580: b94007ea     	ldr	w10, [sp, #0x4]
40087584: f9400be8     	ldr	x8, [sp, #0x10]
40087588: b9400fe9     	ldr	w9, [sp, #0xc]
4008758c: f94023eb     	ldr	x11, [sp, #0x40]
40087590: 79000560     	strh	w0, [x11, #0x2]
40087594: f94023eb     	ldr	x11, [sp, #0x40]
40087598: 79000969     	strh	w9, [x11, #0x4]
4008759c: f94023eb     	ldr	x11, [sp, #0x40]
400875a0: 79000d69     	strh	w9, [x11, #0x6]
400875a4: f94023eb     	ldr	x11, [sp, #0x40]
400875a8: 3900216a     	strb	w10, [x11, #0x8]
400875ac: f94023eb     	ldr	x11, [sp, #0x40]
400875b0: 528000ca     	mov	w10, #0x6               // =6
400875b4: 3900256a     	strb	w10, [x11, #0x9]
400875b8: f94023ea     	ldr	x10, [sp, #0x40]
400875bc: 79001549     	strh	w9, [x10, #0xa]
400875c0: f9400909     	ldr	x9, [x8, #0x10]
400875c4: b9400929     	ldr	w9, [x9, #0x8]
400875c8: f94023ea     	ldr	x10, [sp, #0x40]
400875cc: b9000d49     	str	w9, [x10, #0xc]
400875d0: f9400908     	ldr	x8, [x8, #0x10]
400875d4: b9401108     	ldr	w8, [x8, #0x10]
400875d8: f94023e9     	ldr	x9, [sp, #0x40]
400875dc: b9001128     	str	w8, [x9, #0x10]
400875e0: f94023e0     	ldr	x0, [sp, #0x40]
400875e4: 52800281     	mov	w1, #0x14               // =20
400875e8: 97fffb2e     	bl	0x400862a0 <net_checksum>
400875ec: f9400be8     	ldr	x8, [sp, #0x10]
400875f0: f94023e9     	ldr	x9, [sp, #0x40]
400875f4: 79001520     	strh	w0, [x9, #0xa]
400875f8: f9400908     	ldr	x8, [x8, #0x10]
400875fc: 79401900     	ldrh	w0, [x8, #0xc]
40087600: 97fffafc     	bl	0x400861f0 <htons>
40087604: f9400be8     	ldr	x8, [sp, #0x10]
40087608: f9401fe9     	ldr	x9, [sp, #0x38]
4008760c: 79000120     	strh	w0, [x9]
40087610: f9400908     	ldr	x8, [x8, #0x10]
40087614: 79402900     	ldrh	w0, [x8, #0x14]
40087618: 97fffaf6     	bl	0x400861f0 <htons>
4008761c: f9400be8     	ldr	x8, [sp, #0x10]
40087620: f9401fe9     	ldr	x9, [sp, #0x38]
40087624: 79000520     	strh	w0, [x9, #0x2]
40087628: f9400908     	ldr	x8, [x8, #0x10]
4008762c: b9401d00     	ldr	w0, [x8, #0x1c]
40087630: 97fffb04     	bl	0x40086240 <htonl>
40087634: f9400be8     	ldr	x8, [sp, #0x10]
40087638: f9401fe9     	ldr	x9, [sp, #0x38]
4008763c: b9000520     	str	w0, [x9, #0x4]
40087640: f9400908     	ldr	x8, [x8, #0x10]
40087644: b9402100     	ldr	w0, [x8, #0x20]
40087648: 97fffafe     	bl	0x40086240 <htonl>
4008764c: 2a0003e8     	mov	w8, w0
40087650: b9400be0     	ldr	w0, [sp, #0x8]
40087654: f9401fe9     	ldr	x9, [sp, #0x38]
40087658: b9000928     	str	w8, [x9, #0x8]
4008765c: f9401fe9     	ldr	x9, [sp, #0x38]
40087660: 79401928     	ldrh	w8, [x9, #0xc]
40087664: 12187108     	and	w8, w8, #0xffffff1f
40087668: 52800a0a     	mov	w10, #0x50              // =80
4008766c: 2a0a0108     	orr	w8, w8, w10
40087670: 79001928     	strh	w8, [x9, #0xc]
40087674: f9401fe9     	ldr	x9, [sp, #0x38]
40087678: 79401928     	ldrh	w8, [x9, #0xc]
4008767c: 121c7108     	and	w8, w8, #0xfffffff1
40087680: 79001928     	strh	w8, [x9, #0xc]
40087684: f9401fe9     	ldr	x9, [sp, #0x38]
40087688: 79401928     	ldrh	w8, [x9, #0xc]
4008768c: 121f3908     	and	w8, w8, #0xfffe
40087690: 79001928     	strh	w8, [x9, #0xc]
40087694: 385f73aa     	ldurb	w10, [x29, #-0x9]
40087698: f9401fe9     	ldr	x9, [sp, #0x38]
4008769c: 79401928     	ldrh	w8, [x9, #0xc]
400876a0: 5318014a     	ubfiz	w10, w10, #8, #1
400876a4: 12177908     	and	w8, w8, #0xfffffeff
400876a8: 2a0a0108     	orr	w8, w8, w10
400876ac: 79001928     	strh	w8, [x9, #0xc]
400876b0: 385f73aa     	ldurb	w10, [x29, #-0x9]
400876b4: f9401fe9     	ldr	x9, [sp, #0x38]
400876b8: 79401928     	ldrh	w8, [x9, #0xc]
400876bc: 53185d4a     	lsl	w10, w10, #8
400876c0: 1217014a     	and	w10, w10, #0x200
400876c4: 12167908     	and	w8, w8, #0xfffffdff
400876c8: 2a0a0108     	orr	w8, w8, w10
400876cc: 79001928     	strh	w8, [x9, #0xc]
400876d0: 385f73aa     	ldurb	w10, [x29, #-0x9]
400876d4: f9401fe9     	ldr	x9, [sp, #0x38]
400876d8: 79401928     	ldrh	w8, [x9, #0xc]
400876dc: 53185d4a     	lsl	w10, w10, #8
400876e0: 1216014a     	and	w10, w10, #0x400
400876e4: 12157908     	and	w8, w8, #0xfffffbff
400876e8: 2a0a0108     	orr	w8, w8, w10
400876ec: 79001928     	strh	w8, [x9, #0xc]
400876f0: 385f73aa     	ldurb	w10, [x29, #-0x9]
400876f4: f9401fe9     	ldr	x9, [sp, #0x38]
400876f8: 79401928     	ldrh	w8, [x9, #0xc]
400876fc: 53185d4a     	lsl	w10, w10, #8
40087700: 1215014a     	and	w10, w10, #0x800
40087704: 12147908     	and	w8, w8, #0xfffff7ff
40087708: 2a0a0108     	orr	w8, w8, w10
4008770c: 79001928     	strh	w8, [x9, #0xc]
40087710: 385f73aa     	ldurb	w10, [x29, #-0x9]
40087714: f9401fe9     	ldr	x9, [sp, #0x38]
40087718: 79401928     	ldrh	w8, [x9, #0xc]
4008771c: 53185d4a     	lsl	w10, w10, #8
40087720: 1214014a     	and	w10, w10, #0x1000
40087724: 12137908     	and	w8, w8, #0xffffefff
40087728: 2a0a0108     	orr	w8, w8, w10
4008772c: 79001928     	strh	w8, [x9, #0xc]
40087730: f9401fe9     	ldr	x9, [sp, #0x38]
40087734: 79401928     	ldrh	w8, [x9, #0xc]
40087738: 12127908     	and	w8, w8, #0xffffdfff
4008773c: 79001928     	strh	w8, [x9, #0xc]
40087740: f9401fe9     	ldr	x9, [sp, #0x38]
40087744: 79401928     	ldrh	w8, [x9, #0xc]
40087748: 12117908     	and	w8, w8, #0xffffbfff
4008774c: 79001928     	strh	w8, [x9, #0xc]
40087750: f9401fe9     	ldr	x9, [sp, #0x38]
40087754: 79401928     	ldrh	w8, [x9, #0xc]
40087758: 12003908     	and	w8, w8, #0x7fff
4008775c: 79001928     	strh	w8, [x9, #0xc]
40087760: 97fffaa4     	bl	0x400861f0 <htons>
40087764: b9400fe8     	ldr	w8, [sp, #0xc]
40087768: f9401fe9     	ldr	x9, [sp, #0x38]
4008776c: 79001d20     	strh	w0, [x9, #0xe]
40087770: f9401fe9     	ldr	x9, [sp, #0x38]
40087774: 79002128     	strh	w8, [x9, #0x10]
40087778: f9401fe9     	ldr	x9, [sp, #0x38]
4008777c: 79002528     	strh	w8, [x9, #0x12]
40087780: 785e63a8     	ldurh	w8, [x29, #-0x1a]
40087784: 71000508     	subs	w8, w8, #0x1
40087788: 540002cb     	b.lt	0x400877e0 <send_tcp_segment+0x3d0>
4008778c: 14000001     	b	0x40087790 <send_tcp_segment+0x380>
40087790: 2a1f03e8     	mov	w8, wzr
40087794: b9001fe8     	str	w8, [sp, #0x1c]
40087798: 14000001     	b	0x4008779c <send_tcp_segment+0x38c>
4008779c: b9401fe8     	ldr	w8, [sp, #0x1c]
400877a0: 785e63a9     	ldurh	w9, [x29, #-0x1a]
400877a4: 6b090108     	subs	w8, w8, w9
400877a8: 540001aa     	b.ge	0x400877dc <send_tcp_segment+0x3cc>
400877ac: 14000001     	b	0x400877b0 <send_tcp_segment+0x3a0>
400877b0: f9400be8     	ldr	x8, [sp, #0x10]
400877b4: f9400108     	ldr	x8, [x8]
400877b8: b9801fea     	ldrsw	x10, [sp, #0x1c]
400877bc: 386a6908     	ldrb	w8, [x8, x10]
400877c0: f9401be9     	ldr	x9, [sp, #0x30]
400877c4: 382a6928     	strb	w8, [x9, x10]
400877c8: 14000001     	b	0x400877cc <send_tcp_segment+0x3bc>
400877cc: b9401fe8     	ldr	w8, [sp, #0x1c]
400877d0: 11000508     	add	w8, w8, #0x1
400877d4: b9001fe8     	str	w8, [sp, #0x1c]
400877d8: 17fffff1     	b	0x4008779c <send_tcp_segment+0x38c>
400877dc: 14000001     	b	0x400877e0 <send_tcp_segment+0x3d0>
400877e0: f9400be8     	ldr	x8, [sp, #0x10]
400877e4: f9400908     	ldr	x8, [x8, #0x10]
400877e8: b9400900     	ldr	w0, [x8, #0x8]
400877ec: b9401101     	ldr	w1, [x8, #0x10]
400877f0: f9401fe3     	ldr	x3, [sp, #0x38]
400877f4: 785e63a8     	ldurh	w8, [x29, #-0x1a]
400877f8: 11005104     	add	w4, w8, #0x14
400877fc: 528000c2     	mov	w2, #0x6                // =6
40087800: 94000160     	bl	0x40087d80 <tcp_udp_checksum>
40087804: f9401fe8     	ldr	x8, [sp, #0x38]
40087808: 79002100     	strh	w0, [x8, #0x10]
4008780c: b94057e1     	ldr	w1, [sp, #0x54]
40087810: 91016be0     	add	x0, sp, #0x5a
40087814: 9400239b     	bl	0x40090680 <virtio_net_send>
40087818: 385f73a8     	ldurb	w8, [x29, #-0x9]
4008781c: 36080108     	tbz	w8, #0x1, 0x4008783c <send_tcp_segment+0x42c>
40087820: 14000001     	b	0x40087824 <send_tcp_segment+0x414>
40087824: f9400be8     	ldr	x8, [sp, #0x10]
40087828: f9400909     	ldr	x9, [x8, #0x10]
4008782c: b9401d28     	ldr	w8, [x9, #0x1c]
40087830: 11000508     	add	w8, w8, #0x1
40087834: b9001d28     	str	w8, [x9, #0x1c]
40087838: 14000001     	b	0x4008783c <send_tcp_segment+0x42c>
4008783c: 385f73a8     	ldurb	w8, [x29, #-0x9]
40087840: 36000108     	tbz	w8, #0x0, 0x40087860 <send_tcp_segment+0x450>
40087844: 14000001     	b	0x40087848 <send_tcp_segment+0x438>
40087848: f9400be8     	ldr	x8, [sp, #0x10]
4008784c: f9400909     	ldr	x9, [x8, #0x10]
40087850: b9401d28     	ldr	w8, [x9, #0x1c]
40087854: 11000508     	add	w8, w8, #0x1
40087858: b9001d28     	str	w8, [x9, #0x1c]
4008785c: 14000001     	b	0x40087860 <send_tcp_segment+0x450>
40087860: f9400be8     	ldr	x8, [sp, #0x10]
40087864: 785e63aa     	ldurh	w10, [x29, #-0x1a]
40087868: f9400909     	ldr	x9, [x8, #0x10]
4008786c: b9401d28     	ldr	w8, [x9, #0x1c]
40087870: 0b0a0108     	add	w8, w8, w10
40087874: b9001d28     	str	w8, [x9, #0x1c]
40087878: 911943ff     	add	sp, sp, #0x650
4008787c: f9400bfc     	ldr	x28, [sp, #0x10]
40087880: a8c27bfd     	ldp	x29, x30, [sp], #0x20
40087884: d65f03c0     	ret
40087888: d503201f     	nop
4008788c: d503201f     	nop

0000000040087890 <net_socket_send>:
40087890: a9be7bfd     	stp	x29, x30, [sp, #-0x20]!
40087894: f9000bfc     	str	x28, [sp, #0x10]
40087898: 910003fd     	mov	x29, sp
4008789c: d11943ff     	sub	sp, sp, #0x650
400878a0: d10063a8     	sub	x8, x29, #0x18
400878a4: f9000be8     	str	x8, [sp, #0x10]
400878a8: f9000500     	str	x0, [x8, #0x8]
400878ac: f9000101     	str	x1, [x8]
400878b0: b81e43a2     	stur	w2, [x29, #-0x1c]
400878b4: f9400508     	ldr	x8, [x8, #0x8]
400878b8: b50000a8     	cbnz	x8, 0x400878cc <net_socket_send+0x3c>
400878bc: 14000001     	b	0x400878c0 <net_socket_send+0x30>
400878c0: 12800008     	mov	w8, #-0x1               // =-1
400878c4: b81fc3a8     	stur	w8, [x29, #-0x4]
400878c8: 140000d2     	b	0x40087c10 <net_socket_send+0x380>
400878cc: f9400be8     	ldr	x8, [sp, #0x10]
400878d0: f9400508     	ldr	x8, [x8, #0x8]
400878d4: b9400508     	ldr	w8, [x8, #0x4]
400878d8: 71001908     	subs	w8, w8, #0x6
400878dc: 54000281     	b.ne	0x4008792c <net_socket_send+0x9c>
400878e0: 14000001     	b	0x400878e4 <net_socket_send+0x54>
400878e4: f9400be8     	ldr	x8, [sp, #0x10]
400878e8: f9400508     	ldr	x8, [x8, #0x8]
400878ec: b9401908     	ldr	w8, [x8, #0x18]
400878f0: 71000908     	subs	w8, w8, #0x2
400878f4: 540000a0     	b.eq	0x40087908 <net_socket_send+0x78>
400878f8: 14000001     	b	0x400878fc <net_socket_send+0x6c>
400878fc: 12800008     	mov	w8, #-0x1               // =-1
40087900: b81fc3a8     	stur	w8, [x29, #-0x4]
40087904: 140000c3     	b	0x40087c10 <net_socket_send+0x380>
40087908: f9400be8     	ldr	x8, [sp, #0x10]
4008790c: f9400500     	ldr	x0, [x8, #0x8]
40087910: f9400102     	ldr	x2, [x8]
40087914: b85e43a3     	ldur	w3, [x29, #-0x1c]
40087918: 52800301     	mov	w1, #0x18               // =24
4008791c: 97fffebd     	bl	0x40087410 <send_tcp_segment>
40087920: b85e43a8     	ldur	w8, [x29, #-0x1c]
40087924: b81fc3a8     	stur	w8, [x29, #-0x4]
40087928: 140000ba     	b	0x40087c10 <net_socket_send+0x380>
4008792c: f9400be8     	ldr	x8, [sp, #0x10]
40087930: f9400508     	ldr	x8, [x8, #0x8]
40087934: b9400508     	ldr	w8, [x8, #0x4]
40087938: 71004508     	subs	w8, w8, #0x11
4008793c: 54001621     	b.ne	0x40087c00 <net_socket_send+0x370>
40087940: 14000001     	b	0x40087944 <net_socket_send+0xb4>
40087944: f9400be8     	ldr	x8, [sp, #0x10]
40087948: b85e43a9     	ldur	w9, [x29, #-0x1c]
4008794c: 1100a929     	add	w9, w9, #0x2a
40087950: b90057e9     	str	w9, [sp, #0x54]
40087954: 910163e9     	add	x9, sp, #0x58
40087958: f90027e9     	str	x9, [sp, #0x48]
4008795c: 9100392a     	add	x10, x9, #0xe
40087960: f90023ea     	str	x10, [sp, #0x40]
40087964: 9100892a     	add	x10, x9, #0x22
40087968: f9001fea     	str	x10, [sp, #0x38]
4008796c: 9100a929     	add	x9, x9, #0x2a
40087970: f9001be9     	str	x9, [sp, #0x30]
40087974: f9400508     	ldr	x8, [x8, #0x8]
40087978: b9401100     	ldr	w0, [x8, #0x10]
4008797c: 9100abe1     	add	x1, sp, #0x2a
40087980: 940000ac     	bl	0x40087c30 <arp_resolve>
40087984: 35000260     	cbnz	w0, 0x400879d0 <net_socket_send+0x140>
40087988: 14000001     	b	0x4008798c <net_socket_send+0xfc>
4008798c: 2a1f03e8     	mov	w8, wzr
40087990: b90027e8     	str	w8, [sp, #0x24]
40087994: 14000001     	b	0x40087998 <net_socket_send+0x108>
40087998: b94027e8     	ldr	w8, [sp, #0x24]
4008799c: 71001508     	subs	w8, w8, #0x5
400879a0: 5400016c     	b.gt	0x400879cc <net_socket_send+0x13c>
400879a4: 14000001     	b	0x400879a8 <net_socket_send+0x118>
400879a8: b98027ea     	ldrsw	x10, [sp, #0x24]
400879ac: 9100abe9     	add	x9, sp, #0x2a
400879b0: 52801fe8     	mov	w8, #0xff               // =255
400879b4: 382a6928     	strb	w8, [x9, x10]
400879b8: 14000001     	b	0x400879bc <net_socket_send+0x12c>
400879bc: b94027e8     	ldr	w8, [sp, #0x24]
400879c0: 11000508     	add	w8, w8, #0x1
400879c4: b90027e8     	str	w8, [sp, #0x24]
400879c8: 17fffff4     	b	0x40087998 <net_socket_send+0x108>
400879cc: 14000001     	b	0x400879d0 <net_socket_send+0x140>
400879d0: 2a1f03e8     	mov	w8, wzr
400879d4: b90023e8     	str	w8, [sp, #0x20]
400879d8: 14000001     	b	0x400879dc <net_socket_send+0x14c>
400879dc: b94023e8     	ldr	w8, [sp, #0x20]
400879e0: 71001508     	subs	w8, w8, #0x5
400879e4: 5400026c     	b.gt	0x40087a30 <net_socket_send+0x1a0>
400879e8: 14000001     	b	0x400879ec <net_socket_send+0x15c>
400879ec: b98023ea     	ldrsw	x10, [sp, #0x20]
400879f0: 9100abe8     	add	x8, sp, #0x2a
400879f4: 386a6908     	ldrb	w8, [x8, x10]
400879f8: f94027e9     	ldr	x9, [sp, #0x48]
400879fc: 382a6928     	strb	w8, [x9, x10]
40087a00: b98023ea     	ldrsw	x10, [sp, #0x20]
40087a04: d0000c68     	adrp	x8, 0x40215000 <sockets+0x7ffc>
40087a08: 910f1108     	add	x8, x8, #0x3c4
40087a0c: 386a6908     	ldrb	w8, [x8, x10]
40087a10: f94027e9     	ldr	x9, [sp, #0x48]
40087a14: 8b0a0129     	add	x9, x9, x10
40087a18: 39001928     	strb	w8, [x9, #0x6]
40087a1c: 14000001     	b	0x40087a20 <net_socket_send+0x190>
40087a20: b94023e8     	ldr	w8, [sp, #0x20]
40087a24: 11000508     	add	w8, w8, #0x1
40087a28: b90023e8     	str	w8, [sp, #0x20]
40087a2c: 17ffffec     	b	0x400879dc <net_socket_send+0x14c>
40087a30: 52810000     	mov	w0, #0x800              // =2048
40087a34: 97fff9ef     	bl	0x400861f0 <htons>
40087a38: f94027e8     	ldr	x8, [sp, #0x48]
40087a3c: 79001900     	strh	w0, [x8, #0xc]
40087a40: f94023e9     	ldr	x9, [sp, #0x40]
40087a44: 3940012a     	ldrb	w10, [x9]
40087a48: 52800808     	mov	w8, #0x40               // =64
40087a4c: b9000be8     	str	w8, [sp, #0x8]
40087a50: 33000d48     	bfxil	w8, w10, #0, #4
40087a54: 39000128     	strb	w8, [x9]
40087a58: f94023e9     	ldr	x9, [sp, #0x40]
40087a5c: 39400128     	ldrb	w8, [x9]
40087a60: 121c0d08     	and	w8, w8, #0xf0
40087a64: 528000aa     	mov	w10, #0x5               // =5
40087a68: 2a0a0108     	orr	w8, w8, w10
40087a6c: 39000128     	strb	w8, [x9]
40087a70: f94023e9     	ldr	x9, [sp, #0x40]
40087a74: 2a1f03e8     	mov	w8, wzr
40087a78: b9000fe8     	str	w8, [sp, #0xc]
40087a7c: 39000528     	strb	w8, [x9, #0x1]
40087a80: b85e43a8     	ldur	w8, [x29, #-0x1c]
40087a84: 11007100     	add	w0, w8, #0x1c
40087a88: 97fff9da     	bl	0x400861f0 <htons>
40087a8c: b9400bea     	ldr	w10, [sp, #0x8]
40087a90: f9400be8     	ldr	x8, [sp, #0x10]
40087a94: b9400fe9     	ldr	w9, [sp, #0xc]
40087a98: f94023eb     	ldr	x11, [sp, #0x40]
40087a9c: 79000560     	strh	w0, [x11, #0x2]
40087aa0: f94023eb     	ldr	x11, [sp, #0x40]
40087aa4: 79000969     	strh	w9, [x11, #0x4]
40087aa8: f94023eb     	ldr	x11, [sp, #0x40]
40087aac: 79000d69     	strh	w9, [x11, #0x6]
40087ab0: f94023eb     	ldr	x11, [sp, #0x40]
40087ab4: 3900216a     	strb	w10, [x11, #0x8]
40087ab8: f94023eb     	ldr	x11, [sp, #0x40]
40087abc: 5280022a     	mov	w10, #0x11              // =17
40087ac0: 3900256a     	strb	w10, [x11, #0x9]
40087ac4: f94023ea     	ldr	x10, [sp, #0x40]
40087ac8: 79001549     	strh	w9, [x10, #0xa]
40087acc: f9400509     	ldr	x9, [x8, #0x8]
40087ad0: b9400929     	ldr	w9, [x9, #0x8]
40087ad4: f94023ea     	ldr	x10, [sp, #0x40]
40087ad8: b9000d49     	str	w9, [x10, #0xc]
40087adc: f9400508     	ldr	x8, [x8, #0x8]
40087ae0: b9401108     	ldr	w8, [x8, #0x10]
40087ae4: f94023e9     	ldr	x9, [sp, #0x40]
40087ae8: b9001128     	str	w8, [x9, #0x10]
40087aec: f94023e0     	ldr	x0, [sp, #0x40]
40087af0: 52800281     	mov	w1, #0x14               // =20
40087af4: 97fff9eb     	bl	0x400862a0 <net_checksum>
40087af8: f9400be8     	ldr	x8, [sp, #0x10]
40087afc: f94023e9     	ldr	x9, [sp, #0x40]
40087b00: 79001520     	strh	w0, [x9, #0xa]
40087b04: f9400508     	ldr	x8, [x8, #0x8]
40087b08: 79401900     	ldrh	w0, [x8, #0xc]
40087b0c: 97fff9b9     	bl	0x400861f0 <htons>
40087b10: f9400be8     	ldr	x8, [sp, #0x10]
40087b14: f9401fe9     	ldr	x9, [sp, #0x38]
40087b18: 79000120     	strh	w0, [x9]
40087b1c: f9400508     	ldr	x8, [x8, #0x8]
40087b20: 79402900     	ldrh	w0, [x8, #0x14]
40087b24: 97fff9b3     	bl	0x400861f0 <htons>
40087b28: f9401fe8     	ldr	x8, [sp, #0x38]
40087b2c: 79000500     	strh	w0, [x8, #0x2]
40087b30: b85e43a8     	ldur	w8, [x29, #-0x1c]
40087b34: 11002100     	add	w0, w8, #0x8
40087b38: 97fff9ae     	bl	0x400861f0 <htons>
40087b3c: b9400fe8     	ldr	w8, [sp, #0xc]
40087b40: f9401fe9     	ldr	x9, [sp, #0x38]
40087b44: 79000920     	strh	w0, [x9, #0x4]
40087b48: f9401fe9     	ldr	x9, [sp, #0x38]
40087b4c: 79000d28     	strh	w8, [x9, #0x6]
40087b50: b9001fe8     	str	w8, [sp, #0x1c]
40087b54: 14000001     	b	0x40087b58 <net_socket_send+0x2c8>
40087b58: b9401fe8     	ldr	w8, [sp, #0x1c]
40087b5c: b85e43a9     	ldur	w9, [x29, #-0x1c]
40087b60: 6b090108     	subs	w8, w8, w9
40087b64: 540001c2     	b.hs	0x40087b9c <net_socket_send+0x30c>
40087b68: 14000001     	b	0x40087b6c <net_socket_send+0x2dc>
40087b6c: f9400be8     	ldr	x8, [sp, #0x10]
40087b70: f9400108     	ldr	x8, [x8]
40087b74: b9401fe9     	ldr	w9, [sp, #0x1c]
40087b78: 2a0903ea     	mov	w10, w9
40087b7c: 386a6908     	ldrb	w8, [x8, x10]
40087b80: f9401be9     	ldr	x9, [sp, #0x30]
40087b84: 382a6928     	strb	w8, [x9, x10]
40087b88: 14000001     	b	0x40087b8c <net_socket_send+0x2fc>
40087b8c: b9401fe8     	ldr	w8, [sp, #0x1c]
40087b90: 11000508     	add	w8, w8, #0x1
40087b94: b9001fe8     	str	w8, [sp, #0x1c]
40087b98: 17fffff0     	b	0x40087b58 <net_socket_send+0x2c8>
40087b9c: f9400be8     	ldr	x8, [sp, #0x10]
40087ba0: f9400508     	ldr	x8, [x8, #0x8]
40087ba4: b9400900     	ldr	w0, [x8, #0x8]
40087ba8: b9401101     	ldr	w1, [x8, #0x10]
40087bac: f9401fe3     	ldr	x3, [sp, #0x38]
40087bb0: b85e43a8     	ldur	w8, [x29, #-0x1c]
40087bb4: 11002104     	add	w4, w8, #0x8
40087bb8: 52800222     	mov	w2, #0x11               // =17
40087bbc: 94000071     	bl	0x40087d80 <tcp_udp_checksum>
40087bc0: f9401fe8     	ldr	x8, [sp, #0x38]
40087bc4: 79000d00     	strh	w0, [x8, #0x6]
40087bc8: f9401fe8     	ldr	x8, [sp, #0x38]
40087bcc: 79400d08     	ldrh	w8, [x8, #0x6]
40087bd0: 350000c8     	cbnz	w8, 0x40087be8 <net_socket_send+0x358>
40087bd4: 14000001     	b	0x40087bd8 <net_socket_send+0x348>
40087bd8: f9401fe9     	ldr	x9, [sp, #0x38]
40087bdc: 529fffe8     	mov	w8, #0xffff             // =65535
40087be0: 79000d28     	strh	w8, [x9, #0x6]
40087be4: 14000001     	b	0x40087be8 <net_socket_send+0x358>
40087be8: b94057e1     	ldr	w1, [sp, #0x54]
40087bec: 910163e0     	add	x0, sp, #0x58
40087bf0: 940022a4     	bl	0x40090680 <virtio_net_send>
40087bf4: b85e43a8     	ldur	w8, [x29, #-0x1c]
40087bf8: b81fc3a8     	stur	w8, [x29, #-0x4]
40087bfc: 14000005     	b	0x40087c10 <net_socket_send+0x380>
40087c00: 14000001     	b	0x40087c04 <net_socket_send+0x374>
40087c04: 12800008     	mov	w8, #-0x1               // =-1
40087c08: b81fc3a8     	stur	w8, [x29, #-0x4]
40087c0c: 14000001     	b	0x40087c10 <net_socket_send+0x380>
40087c10: b85fc3a0     	ldur	w0, [x29, #-0x4]
40087c14: 911943ff     	add	sp, sp, #0x650
40087c18: f9400bfc     	ldr	x28, [sp, #0x10]
40087c1c: a8c27bfd     	ldp	x29, x30, [sp], #0x20
40087c20: d65f03c0     	ret
40087c24: d503201f     	nop
40087c28: d503201f     	nop
40087c2c: d503201f     	nop

0000000040087c30 <arp_resolve>:
40087c30: d10083ff     	sub	sp, sp, #0x20
40087c34: b9001be0     	str	w0, [sp, #0x18]
40087c38: f9000be1     	str	x1, [sp, #0x10]
40087c3c: b9401be8     	ldr	w8, [sp, #0x18]
40087c40: 31000508     	adds	w8, w8, #0x1
40087c44: 540002a1     	b.ne	0x40087c98 <arp_resolve+0x68>
40087c48: 14000001     	b	0x40087c4c <arp_resolve+0x1c>
40087c4c: 2a1f03e8     	mov	w8, wzr
40087c50: b9000fe8     	str	w8, [sp, #0xc]
40087c54: 14000001     	b	0x40087c58 <arp_resolve+0x28>
40087c58: b9400fe8     	ldr	w8, [sp, #0xc]
40087c5c: 71001508     	subs	w8, w8, #0x5
40087c60: 5400016c     	b.gt	0x40087c8c <arp_resolve+0x5c>
40087c64: 14000001     	b	0x40087c68 <arp_resolve+0x38>
40087c68: f9400be9     	ldr	x9, [sp, #0x10]
40087c6c: b9800fea     	ldrsw	x10, [sp, #0xc]
40087c70: 52801fe8     	mov	w8, #0xff               // =255
40087c74: 382a6928     	strb	w8, [x9, x10]
40087c78: 14000001     	b	0x40087c7c <arp_resolve+0x4c>
40087c7c: b9400fe8     	ldr	w8, [sp, #0xc]
40087c80: 11000508     	add	w8, w8, #0x1
40087c84: b9000fe8     	str	w8, [sp, #0xc]
40087c88: 17fffff4     	b	0x40087c58 <arp_resolve+0x28>
40087c8c: 52800028     	mov	w8, #0x1                // =1
40087c90: b9001fe8     	str	w8, [sp, #0x1c]
40087c94: 14000038     	b	0x40087d74 <arp_resolve+0x144>
40087c98: 2a1f03e8     	mov	w8, wzr
40087c9c: b9000be8     	str	w8, [sp, #0x8]
40087ca0: 14000001     	b	0x40087ca4 <arp_resolve+0x74>
40087ca4: b9400be8     	ldr	w8, [sp, #0x8]
40087ca8: 71003d08     	subs	w8, w8, #0xf
40087cac: 540005ec     	b.gt	0x40087d68 <arp_resolve+0x138>
40087cb0: 14000001     	b	0x40087cb4 <arp_resolve+0x84>
40087cb4: b9800be9     	ldrsw	x9, [sp, #0x8]
40087cb8: d0000c68     	adrp	x8, 0x40215000 <sockets+0x7ffc>
40087cbc: 910b1108     	add	x8, x8, #0x2c4
40087cc0: 8b091108     	add	x8, x8, x9, lsl #4
40087cc4: b9400d08     	ldr	w8, [x8, #0xc]
40087cc8: 34000468     	cbz	w8, 0x40087d54 <arp_resolve+0x124>
40087ccc: 14000001     	b	0x40087cd0 <arp_resolve+0xa0>
40087cd0: b9800be8     	ldrsw	x8, [sp, #0x8]
40087cd4: d37ced09     	lsl	x9, x8, #4
40087cd8: d0000c68     	adrp	x8, 0x40215000 <sockets+0x7ffc>
40087cdc: 910b1108     	add	x8, x8, #0x2c4
40087ce0: b8696908     	ldr	w8, [x8, x9]
40087ce4: b9401be9     	ldr	w9, [sp, #0x18]
40087ce8: 6b090108     	subs	w8, w8, w9
40087cec: 54000341     	b.ne	0x40087d54 <arp_resolve+0x124>
40087cf0: 14000001     	b	0x40087cf4 <arp_resolve+0xc4>
40087cf4: 2a1f03e8     	mov	w8, wzr
40087cf8: b90007e8     	str	w8, [sp, #0x4]
40087cfc: 14000001     	b	0x40087d00 <arp_resolve+0xd0>
40087d00: b94007e8     	ldr	w8, [sp, #0x4]
40087d04: 71001508     	subs	w8, w8, #0x5
40087d08: 5400020c     	b.gt	0x40087d48 <arp_resolve+0x118>
40087d0c: 14000001     	b	0x40087d10 <arp_resolve+0xe0>
40087d10: b9800be9     	ldrsw	x9, [sp, #0x8]
40087d14: d0000c68     	adrp	x8, 0x40215000 <sockets+0x7ffc>
40087d18: 910b1108     	add	x8, x8, #0x2c4
40087d1c: 8b091108     	add	x8, x8, x9, lsl #4
40087d20: b98007ea     	ldrsw	x10, [sp, #0x4]
40087d24: 8b0a0108     	add	x8, x8, x10
40087d28: 39401108     	ldrb	w8, [x8, #0x4]
40087d2c: f9400be9     	ldr	x9, [sp, #0x10]
40087d30: 382a6928     	strb	w8, [x9, x10]
40087d34: 14000001     	b	0x40087d38 <arp_resolve+0x108>
40087d38: b94007e8     	ldr	w8, [sp, #0x4]
40087d3c: 11000508     	add	w8, w8, #0x1
40087d40: b90007e8     	str	w8, [sp, #0x4]
40087d44: 17ffffef     	b	0x40087d00 <arp_resolve+0xd0>
40087d48: 52800028     	mov	w8, #0x1                // =1
40087d4c: b9001fe8     	str	w8, [sp, #0x1c]
40087d50: 14000009     	b	0x40087d74 <arp_resolve+0x144>
40087d54: 14000001     	b	0x40087d58 <arp_resolve+0x128>
40087d58: b9400be8     	ldr	w8, [sp, #0x8]
40087d5c: 11000508     	add	w8, w8, #0x1
40087d60: b9000be8     	str	w8, [sp, #0x8]
40087d64: 17ffffd0     	b	0x40087ca4 <arp_resolve+0x74>
40087d68: 2a1f03e8     	mov	w8, wzr
40087d6c: b9001fe8     	str	w8, [sp, #0x1c]
40087d70: 14000001     	b	0x40087d74 <arp_resolve+0x144>
40087d74: b9401fe0     	ldr	w0, [sp, #0x1c]
40087d78: 910083ff     	add	sp, sp, #0x20
40087d7c: d65f03c0     	ret

0000000040087d80 <tcp_udp_checksum>:
40087d80: d10183ff     	sub	sp, sp, #0x60
40087d84: a9057bfd     	stp	x29, x30, [sp, #0x50]
40087d88: 910143fd     	add	x29, sp, #0x50
40087d8c: b81fc3a0     	stur	w0, [x29, #-0x4]
40087d90: b81f83a1     	stur	w1, [x29, #-0x8]
40087d94: 381f73a2     	sturb	w2, [x29, #-0x9]
40087d98: f81e83a3     	stur	x3, [x29, #-0x18]
40087d9c: 781e63a4     	sturh	w4, [x29, #-0x1a]
40087da0: b85fc3a8     	ldur	w8, [x29, #-0x4]
40087da4: b81da3a8     	stur	w8, [x29, #-0x26]
40087da8: b85f83a8     	ldur	w8, [x29, #-0x8]
40087dac: b81de3a8     	stur	w8, [x29, #-0x22]
40087db0: 2a1f03e8     	mov	w8, wzr
40087db4: b9000fe8     	str	w8, [sp, #0xc]
40087db8: 381e23a8     	sturb	w8, [x29, #-0x1e]
40087dbc: 385f73a8     	ldurb	w8, [x29, #-0x9]
40087dc0: 381e33a8     	sturb	w8, [x29, #-0x1d]
40087dc4: 785e63a0     	ldurh	w0, [x29, #-0x1a]
40087dc8: 97fff90a     	bl	0x400861f0 <htons>
40087dcc: b9400fe8     	ldr	w8, [sp, #0xc]
40087dd0: 781e43a0     	sturh	w0, [x29, #-0x1c]
40087dd4: b90027e8     	str	w8, [sp, #0x24]
40087dd8: d1009ba9     	sub	x9, x29, #0x26
40087ddc: f9000fe9     	str	x9, [sp, #0x18]
40087de0: b90017e8     	str	w8, [sp, #0x14]
40087de4: 14000001     	b	0x40087de8 <tcp_udp_checksum+0x68>
40087de8: b98017e8     	ldrsw	x8, [sp, #0x14]
40087dec: f1001508     	subs	x8, x8, #0x5
40087df0: 540001a8     	b.hi	0x40087e24 <tcp_udp_checksum+0xa4>
40087df4: 14000001     	b	0x40087df8 <tcp_udp_checksum+0x78>
40087df8: f9400fe8     	ldr	x8, [sp, #0x18]
40087dfc: b98017e9     	ldrsw	x9, [sp, #0x14]
40087e00: 78697909     	ldrh	w9, [x8, x9, lsl #1]
40087e04: b94027e8     	ldr	w8, [sp, #0x24]
40087e08: 0b090108     	add	w8, w8, w9
40087e0c: b90027e8     	str	w8, [sp, #0x24]
40087e10: 14000001     	b	0x40087e14 <tcp_udp_checksum+0x94>
40087e14: b94017e8     	ldr	w8, [sp, #0x14]
40087e18: 11000508     	add	w8, w8, #0x1
40087e1c: b90017e8     	str	w8, [sp, #0x14]
40087e20: 17fffff2     	b	0x40087de8 <tcp_udp_checksum+0x68>
40087e24: f85e83a8     	ldur	x8, [x29, #-0x18]
40087e28: f9000fe8     	str	x8, [sp, #0x18]
40087e2c: 785e63a8     	ldurh	w8, [x29, #-0x1a]
40087e30: b90013e8     	str	w8, [sp, #0x10]
40087e34: 14000001     	b	0x40087e38 <tcp_udp_checksum+0xb8>
40087e38: b94013e8     	ldr	w8, [sp, #0x10]
40087e3c: 71000908     	subs	w8, w8, #0x2
40087e40: 540001ab     	b.lt	0x40087e74 <tcp_udp_checksum+0xf4>
40087e44: 14000001     	b	0x40087e48 <tcp_udp_checksum+0xc8>
40087e48: f9400fe8     	ldr	x8, [sp, #0x18]
40087e4c: 91000909     	add	x9, x8, #0x2
40087e50: f9000fe9     	str	x9, [sp, #0x18]
40087e54: 79400109     	ldrh	w9, [x8]
40087e58: b94027e8     	ldr	w8, [sp, #0x24]
40087e5c: 0b090108     	add	w8, w8, w9
40087e60: b90027e8     	str	w8, [sp, #0x24]
40087e64: b94013e8     	ldr	w8, [sp, #0x10]
40087e68: 71000908     	subs	w8, w8, #0x2
40087e6c: b90013e8     	str	w8, [sp, #0x10]
40087e70: 17fffff2     	b	0x40087e38 <tcp_udp_checksum+0xb8>
40087e74: b94013e8     	ldr	w8, [sp, #0x10]
40087e78: 71000508     	subs	w8, w8, #0x1
40087e7c: 54000101     	b.ne	0x40087e9c <tcp_udp_checksum+0x11c>
40087e80: 14000001     	b	0x40087e84 <tcp_udp_checksum+0x104>
40087e84: f9400fe8     	ldr	x8, [sp, #0x18]
40087e88: 39400109     	ldrb	w9, [x8]
40087e8c: b94027e8     	ldr	w8, [sp, #0x24]
40087e90: 0b090108     	add	w8, w8, w9
40087e94: b90027e8     	str	w8, [sp, #0x24]
40087e98: 14000001     	b	0x40087e9c <tcp_udp_checksum+0x11c>
40087e9c: 14000001     	b	0x40087ea0 <tcp_udp_checksum+0x120>
40087ea0: 79404fe8     	ldrh	w8, [sp, #0x26]
40087ea4: 340000e8     	cbz	w8, 0x40087ec0 <tcp_udp_checksum+0x140>
40087ea8: 14000001     	b	0x40087eac <tcp_udp_checksum+0x12c>
40087eac: b94027e9     	ldr	w9, [sp, #0x24]
40087eb0: 53107d28     	lsr	w8, w9, #16
40087eb4: 0b292108     	add	w8, w8, w9, uxth
40087eb8: b90027e8     	str	w8, [sp, #0x24]
40087ebc: 17fffff9     	b	0x40087ea0 <tcp_udp_checksum+0x120>
40087ec0: b94027e8     	ldr	w8, [sp, #0x24]
40087ec4: 2a2803e0     	mvn	w0, w8
40087ec8: a9457bfd     	ldp	x29, x30, [sp, #0x50]
40087ecc: 910183ff     	add	sp, sp, #0x60
40087ed0: d65f03c0     	ret
40087ed4: d503201f     	nop
40087ed8: d503201f     	nop
40087edc: d503201f     	nop

0000000040087ee0 <net_socket_recv>:
40087ee0: d10183ff     	sub	sp, sp, #0x60
40087ee4: a9057bfd     	stp	x29, x30, [sp, #0x50]
40087ee8: 910143fd     	add	x29, sp, #0x50
40087eec: f81f03a0     	stur	x0, [x29, #-0x10]
40087ef0: f81e83a1     	stur	x1, [x29, #-0x18]
40087ef4: b81e43a2     	stur	w2, [x29, #-0x1c]
40087ef8: f85f03a8     	ldur	x8, [x29, #-0x10]
40087efc: b50000a8     	cbnz	x8, 0x40087f10 <net_socket_recv+0x30>
40087f00: 14000001     	b	0x40087f04 <net_socket_recv+0x24>
40087f04: 12800008     	mov	w8, #-0x1               // =-1
40087f08: b81fc3a8     	stur	w8, [x29, #-0x4]
40087f0c: 14000067     	b	0x400880a8 <net_socket_recv+0x1c8>
40087f10: 940012b0     	bl	0x4008c9d0 <timer_get_ms>
40087f14: f90017e0     	str	x0, [sp, #0x28]
40087f18: 14000001     	b	0x40087f1c <net_socket_recv+0x3c>
40087f1c: f85f03a8     	ldur	x8, [x29, #-0x10]
40087f20: b9482509     	ldr	w9, [x8, #0x824]
40087f24: b948290a     	ldr	w10, [x8, #0x828]
40087f28: 2a1f03e8     	mov	w8, wzr
40087f2c: 6b0a0129     	subs	w9, w9, w10
40087f30: b9000be8     	str	w8, [sp, #0x8]
40087f34: 54000101     	b.ne	0x40087f54 <net_socket_recv+0x74>
40087f38: 14000001     	b	0x40087f3c <net_socket_recv+0x5c>
40087f3c: f85f03a8     	ldur	x8, [x29, #-0x10]
40087f40: b9401908     	ldr	w8, [x8, #0x18]
40087f44: 71000108     	subs	w8, w8, #0x0
40087f48: 1a9f07e8     	cset	w8, ne
40087f4c: b9000be8     	str	w8, [sp, #0x8]
40087f50: 14000001     	b	0x40087f54 <net_socket_recv+0x74>
40087f54: b9400be8     	ldr	w8, [sp, #0x8]
40087f58: 36000228     	tbz	w8, #0x0, 0x40087f9c <net_socket_recv+0xbc>
40087f5c: 14000001     	b	0x40087f60 <net_socket_recv+0x80>
40087f60: 9400129c     	bl	0x4008c9d0 <timer_get_ms>
40087f64: f94017e8     	ldr	x8, [sp, #0x28]
40087f68: eb080008     	subs	x8, x0, x8
40087f6c: 52827129     	mov	w9, #0x1389             // =5001
40087f70: eb090108     	subs	x8, x8, x9
40087f74: 54000103     	b.lo	0x40087f94 <net_socket_recv+0xb4>
40087f78: 14000001     	b	0x40087f7c <net_socket_recv+0x9c>
40087f7c: f0000040     	adrp	x0, 0x40092000 <UART0_FR+0x14d8>
40087f80: 91116400     	add	x0, x0, #0x459
40087f84: 97fff4e7     	bl	0x40085320 <uart_puts>
40087f88: 12800008     	mov	w8, #-0x1               // =-1
40087f8c: b81fc3a8     	stur	w8, [x29, #-0x4]
40087f90: 14000046     	b	0x400880a8 <net_socket_recv+0x1c8>
40087f94: 94000ce3     	bl	0x4008b320 <process_sleep>
40087f98: 17ffffe1     	b	0x40087f1c <net_socket_recv+0x3c>
40087f9c: d0000c20     	adrp	x0, 0x4020d000 <net_lock>
40087fa0: 91000000     	add	x0, x0, #0x0
40087fa4: 97fff3db     	bl	0x40084f10 <spinlock_acquire_irqsave>
40087fa8: f90013e0     	str	x0, [sp, #0x20]
40087fac: f85f03a9     	ldur	x9, [x29, #-0x10]
40087fb0: b9482928     	ldr	w8, [x9, #0x828]
40087fb4: b9482529     	ldr	w9, [x9, #0x824]
40087fb8: 6b090108     	subs	w8, w8, w9
40087fbc: b9001fe8     	str	w8, [sp, #0x1c]
40087fc0: b9401fe8     	ldr	w8, [sp, #0x1c]
40087fc4: 35000128     	cbnz	w8, 0x40087fe8 <net_socket_recv+0x108>
40087fc8: 14000001     	b	0x40087fcc <net_socket_recv+0xec>
40087fcc: f94013e1     	ldr	x1, [sp, #0x20]
40087fd0: d0000c20     	adrp	x0, 0x4020d000 <net_lock>
40087fd4: 91000000     	add	x0, x0, #0x0
40087fd8: 97fff3de     	bl	0x40084f50 <spinlock_release_irqrestore>
40087fdc: 2a1f03e8     	mov	w8, wzr
40087fe0: b81fc3a8     	stur	w8, [x29, #-0x4]
40087fe4: 14000031     	b	0x400880a8 <net_socket_recv+0x1c8>
40087fe8: b85e43a8     	ldur	w8, [x29, #-0x1c]
40087fec: b9401fe9     	ldr	w9, [sp, #0x1c]
40087ff0: 6b090108     	subs	w8, w8, w9
40087ff4: 540000a2     	b.hs	0x40088008 <net_socket_recv+0x128>
40087ff8: 14000001     	b	0x40087ffc <net_socket_recv+0x11c>
40087ffc: b85e43a8     	ldur	w8, [x29, #-0x1c]
40088000: b90007e8     	str	w8, [sp, #0x4]
40088004: 14000004     	b	0x40088014 <net_socket_recv+0x134>
40088008: b9401fe8     	ldr	w8, [sp, #0x1c]
4008800c: b90007e8     	str	w8, [sp, #0x4]
40088010: 14000001     	b	0x40088014 <net_socket_recv+0x134>
40088014: b94007e8     	ldr	w8, [sp, #0x4]
40088018: b9001be8     	str	w8, [sp, #0x18]
4008801c: f85e83a8     	ldur	x8, [x29, #-0x18]
40088020: f9000be8     	str	x8, [sp, #0x10]
40088024: 2a1f03e8     	mov	w8, wzr
40088028: b9000fe8     	str	w8, [sp, #0xc]
4008802c: 14000001     	b	0x40088030 <net_socket_recv+0x150>
40088030: b9400fe8     	ldr	w8, [sp, #0xc]
40088034: b9401be9     	ldr	w9, [sp, #0x18]
40088038: 6b090108     	subs	w8, w8, w9
4008803c: 54000282     	b.hs	0x4008808c <net_socket_recv+0x1ac>
40088040: 14000001     	b	0x40088044 <net_socket_recv+0x164>
40088044: f85f03a8     	ldur	x8, [x29, #-0x10]
40088048: b9482509     	ldr	w9, [x8, #0x824]
4008804c: 12002929     	and	w9, w9, #0x7ff
40088050: 2a0903e9     	mov	w9, w9
40088054: 8b090108     	add	x8, x8, x9
40088058: 39409108     	ldrb	w8, [x8, #0x24]
4008805c: f9400be9     	ldr	x9, [sp, #0x10]
40088060: b9400fea     	ldr	w10, [sp, #0xc]
40088064: 382a6928     	strb	w8, [x9, x10]
40088068: f85f03a9     	ldur	x9, [x29, #-0x10]
4008806c: b9482528     	ldr	w8, [x9, #0x824]
40088070: 11000508     	add	w8, w8, #0x1
40088074: b9082528     	str	w8, [x9, #0x824]
40088078: 14000001     	b	0x4008807c <net_socket_recv+0x19c>
4008807c: b9400fe8     	ldr	w8, [sp, #0xc]
40088080: 11000508     	add	w8, w8, #0x1
40088084: b9000fe8     	str	w8, [sp, #0xc]
40088088: 17ffffea     	b	0x40088030 <net_socket_recv+0x150>
4008808c: f94013e1     	ldr	x1, [sp, #0x20]
40088090: b0000c20     	adrp	x0, 0x4020d000 <net_lock>
40088094: 91000000     	add	x0, x0, #0x0
40088098: 97fff3ae     	bl	0x40084f50 <spinlock_release_irqrestore>
4008809c: b9401be8     	ldr	w8, [sp, #0x18]
400880a0: b81fc3a8     	stur	w8, [x29, #-0x4]
400880a4: 14000001     	b	0x400880a8 <net_socket_recv+0x1c8>
400880a8: b85fc3a0     	ldur	w0, [x29, #-0x4]
400880ac: a9457bfd     	ldp	x29, x30, [sp, #0x50]
400880b0: 910183ff     	add	sp, sp, #0x60
400880b4: d65f03c0     	ret
400880b8: d503201f     	nop
400880bc: d503201f     	nop

00000000400880c0 <net_socket_close>:
400880c0: d100c3ff     	sub	sp, sp, #0x30
400880c4: a9027bfd     	stp	x29, x30, [sp, #0x20]
400880c8: 910083fd     	add	x29, sp, #0x20
400880cc: f81f83a0     	stur	x0, [x29, #-0x8]
400880d0: f85f83a8     	ldur	x8, [x29, #-0x8]
400880d4: b5000068     	cbnz	x8, 0x400880e0 <net_socket_close+0x20>
400880d8: 14000001     	b	0x400880dc <net_socket_close+0x1c>
400880dc: 14000021     	b	0x40088160 <net_socket_close+0xa0>
400880e0: f85f83a8     	ldur	x8, [x29, #-0x8]
400880e4: b9400508     	ldr	w8, [x8, #0x4]
400880e8: 71001908     	subs	w8, w8, #0x6
400880ec: 54000201     	b.ne	0x4008812c <net_socket_close+0x6c>
400880f0: 14000001     	b	0x400880f4 <net_socket_close+0x34>
400880f4: f85f83a8     	ldur	x8, [x29, #-0x8]
400880f8: b9401908     	ldr	w8, [x8, #0x18]
400880fc: 71000908     	subs	w8, w8, #0x2
40088100: 54000161     	b.ne	0x4008812c <net_socket_close+0x6c>
40088104: 14000001     	b	0x40088108 <net_socket_close+0x48>
40088108: f85f83a9     	ldur	x9, [x29, #-0x8]
4008810c: 52800068     	mov	w8, #0x3                // =3
40088110: b9001928     	str	w8, [x9, #0x18]
40088114: f85f83a0     	ldur	x0, [x29, #-0x8]
40088118: 52800221     	mov	w1, #0x11               // =17
4008811c: aa1f03e2     	mov	x2, xzr
40088120: 2a1f03e3     	mov	w3, wzr
40088124: 97fffcbb     	bl	0x40087410 <send_tcp_segment>
40088128: 14000001     	b	0x4008812c <net_socket_close+0x6c>
4008812c: b0000c20     	adrp	x0, 0x4020d000 <net_lock>
40088130: 91000000     	add	x0, x0, #0x0
40088134: f90007e0     	str	x0, [sp, #0x8]
40088138: 97fff376     	bl	0x40084f10 <spinlock_acquire_irqsave>
4008813c: aa0003e8     	mov	x8, x0
40088140: f94007e0     	ldr	x0, [sp, #0x8]
40088144: f9000be8     	str	x8, [sp, #0x10]
40088148: f85f83a9     	ldur	x9, [x29, #-0x8]
4008814c: 2a1f03e8     	mov	w8, wzr
40088150: b9000128     	str	w8, [x9]
40088154: f9400be1     	ldr	x1, [sp, #0x10]
40088158: 97fff37e     	bl	0x40084f50 <spinlock_release_irqrestore>
4008815c: 14000001     	b	0x40088160 <net_socket_close+0xa0>
40088160: a9427bfd     	ldp	x29, x30, [sp, #0x20]
40088164: 9100c3ff     	add	sp, sp, #0x30
40088168: d65f03c0     	ret
4008816c: d503201f     	nop

0000000040088170 <net_arp_request>:
40088170: d10183ff     	sub	sp, sp, #0x60
40088174: a9057bfd     	stp	x29, x30, [sp, #0x50]
40088178: 910143fd     	add	x29, sp, #0x50
4008817c: b81fc3a0     	stur	w0, [x29, #-0x4]
40088180: 91008be8     	add	x8, sp, #0x22
40088184: f9000fe8     	str	x8, [sp, #0x18]
40088188: 91003908     	add	x8, x8, #0xe
4008818c: f9000be8     	str	x8, [sp, #0x10]
40088190: 2a1f03e8     	mov	w8, wzr
40088194: b9000fe8     	str	w8, [sp, #0xc]
40088198: 14000001     	b	0x4008819c <net_arp_request+0x2c>
4008819c: b9400fe8     	ldr	w8, [sp, #0xc]
400881a0: 71001508     	subs	w8, w8, #0x5
400881a4: 5400024c     	b.gt	0x400881ec <net_arp_request+0x7c>
400881a8: 14000001     	b	0x400881ac <net_arp_request+0x3c>
400881ac: f9400fe9     	ldr	x9, [sp, #0x18]
400881b0: b9800fea     	ldrsw	x10, [sp, #0xc]
400881b4: 52801fe8     	mov	w8, #0xff               // =255
400881b8: 382a6928     	strb	w8, [x9, x10]
400881bc: b9800fea     	ldrsw	x10, [sp, #0xc]
400881c0: b0000c68     	adrp	x8, 0x40215000 <sockets+0x7ffc>
400881c4: 910f1108     	add	x8, x8, #0x3c4
400881c8: 386a6908     	ldrb	w8, [x8, x10]
400881cc: f9400fe9     	ldr	x9, [sp, #0x18]
400881d0: 8b0a0129     	add	x9, x9, x10
400881d4: 39001928     	strb	w8, [x9, #0x6]
400881d8: 14000001     	b	0x400881dc <net_arp_request+0x6c>
400881dc: b9400fe8     	ldr	w8, [sp, #0xc]
400881e0: 11000508     	add	w8, w8, #0x1
400881e4: b9000fe8     	str	w8, [sp, #0xc]
400881e8: 17ffffed     	b	0x4008819c <net_arp_request+0x2c>
400881ec: 528100c0     	mov	w0, #0x806              // =2054
400881f0: 97fff800     	bl	0x400861f0 <htons>
400881f4: f9400fe8     	ldr	x8, [sp, #0x18]
400881f8: 79001900     	strh	w0, [x8, #0xc]
400881fc: 52800020     	mov	w0, #0x1                // =1
40088200: b90007e0     	str	w0, [sp, #0x4]
40088204: 97fff7fb     	bl	0x400861f0 <htons>
40088208: f9400be8     	ldr	x8, [sp, #0x10]
4008820c: 79000100     	strh	w0, [x8]
40088210: 52810000     	mov	w0, #0x800              // =2048
40088214: 97fff7f7     	bl	0x400861f0 <htons>
40088218: 2a0003e8     	mov	w8, w0
4008821c: b94007e0     	ldr	w0, [sp, #0x4]
40088220: f9400be9     	ldr	x9, [sp, #0x10]
40088224: 79000528     	strh	w8, [x9, #0x2]
40088228: f9400be9     	ldr	x9, [sp, #0x10]
4008822c: 528000c8     	mov	w8, #0x6                // =6
40088230: 39001128     	strb	w8, [x9, #0x4]
40088234: f9400be9     	ldr	x9, [sp, #0x10]
40088238: 52800088     	mov	w8, #0x4                // =4
4008823c: 39001528     	strb	w8, [x9, #0x5]
40088240: 97fff7ec     	bl	0x400861f0 <htons>
40088244: f9400be8     	ldr	x8, [sp, #0x10]
40088248: 79000d00     	strh	w0, [x8, #0x6]
4008824c: 2a1f03e8     	mov	w8, wzr
40088250: b9000be8     	str	w8, [sp, #0x8]
40088254: 14000001     	b	0x40088258 <net_arp_request+0xe8>
40088258: b9400be8     	ldr	w8, [sp, #0x8]
4008825c: 71001508     	subs	w8, w8, #0x5
40088260: 5400026c     	b.gt	0x400882ac <net_arp_request+0x13c>
40088264: 14000001     	b	0x40088268 <net_arp_request+0xf8>
40088268: b9800bea     	ldrsw	x10, [sp, #0x8]
4008826c: b0000c68     	adrp	x8, 0x40215000 <sockets+0x7ffc>
40088270: 910f1108     	add	x8, x8, #0x3c4
40088274: 386a6908     	ldrb	w8, [x8, x10]
40088278: f9400be9     	ldr	x9, [sp, #0x10]
4008827c: 8b0a0129     	add	x9, x9, x10
40088280: 39002128     	strb	w8, [x9, #0x8]
40088284: f9400be8     	ldr	x8, [sp, #0x10]
40088288: b9800be9     	ldrsw	x9, [sp, #0x8]
4008828c: 8b090109     	add	x9, x8, x9
40088290: 2a1f03e8     	mov	w8, wzr
40088294: 39004928     	strb	w8, [x9, #0x12]
40088298: 14000001     	b	0x4008829c <net_arp_request+0x12c>
4008829c: b9400be8     	ldr	w8, [sp, #0x8]
400882a0: 11000508     	add	w8, w8, #0x1
400882a4: b9000be8     	str	w8, [sp, #0x8]
400882a8: 17ffffec     	b	0x40088258 <net_arp_request+0xe8>
400882ac: b0000c68     	adrp	x8, 0x40215000 <sockets+0x7ffc>
400882b0: b943cd08     	ldr	w8, [x8, #0x3cc]
400882b4: f9400be9     	ldr	x9, [sp, #0x10]
400882b8: b800e128     	stur	w8, [x9, #0xe]
400882bc: b85fc3a8     	ldur	w8, [x29, #-0x4]
400882c0: f9400be9     	ldr	x9, [sp, #0x10]
400882c4: b9001928     	str	w8, [x9, #0x18]
400882c8: 91008be0     	add	x0, sp, #0x22
400882cc: 52800541     	mov	w1, #0x2a               // =42
400882d0: 940020ec     	bl	0x40090680 <virtio_net_send>
400882d4: a9457bfd     	ldp	x29, x30, [sp, #0x50]
400882d8: 910183ff     	add	sp, sp, #0x60
400882dc: d65f03c0     	ret

00000000400882e0 <arp_cache_update>:
400882e0: d10083ff     	sub	sp, sp, #0x20
400882e4: b9001fe0     	str	w0, [sp, #0x1c]
400882e8: f9000be1     	str	x1, [sp, #0x10]
400882ec: 2a1f03e8     	mov	w8, wzr
400882f0: b9000fe8     	str	w8, [sp, #0xc]
400882f4: 14000001     	b	0x400882f8 <arp_cache_update+0x18>
400882f8: b9400fe8     	ldr	w8, [sp, #0xc]
400882fc: 71003d08     	subs	w8, w8, #0xf
40088300: 540005ac     	b.gt	0x400883b4 <arp_cache_update+0xd4>
40088304: 14000001     	b	0x40088308 <arp_cache_update+0x28>
40088308: b9800fe9     	ldrsw	x9, [sp, #0xc]
4008830c: b0000c68     	adrp	x8, 0x40215000 <sockets+0x7ffc>
40088310: 910b1108     	add	x8, x8, #0x2c4
40088314: 8b091108     	add	x8, x8, x9, lsl #4
40088318: b9400d08     	ldr	w8, [x8, #0xc]
4008831c: 34000428     	cbz	w8, 0x400883a0 <arp_cache_update+0xc0>
40088320: 14000001     	b	0x40088324 <arp_cache_update+0x44>
40088324: b9800fe8     	ldrsw	x8, [sp, #0xc]
40088328: d37ced09     	lsl	x9, x8, #4
4008832c: b0000c68     	adrp	x8, 0x40215000 <sockets+0x7ffc>
40088330: 910b1108     	add	x8, x8, #0x2c4
40088334: b8696908     	ldr	w8, [x8, x9]
40088338: b9401fe9     	ldr	w9, [sp, #0x1c]
4008833c: 6b090108     	subs	w8, w8, w9
40088340: 54000301     	b.ne	0x400883a0 <arp_cache_update+0xc0>
40088344: 14000001     	b	0x40088348 <arp_cache_update+0x68>
40088348: 2a1f03e8     	mov	w8, wzr
4008834c: b9000be8     	str	w8, [sp, #0x8]
40088350: 14000001     	b	0x40088354 <arp_cache_update+0x74>
40088354: b9400be8     	ldr	w8, [sp, #0x8]
40088358: 71001508     	subs	w8, w8, #0x5
4008835c: 5400020c     	b.gt	0x4008839c <arp_cache_update+0xbc>
40088360: 14000001     	b	0x40088364 <arp_cache_update+0x84>
40088364: f9400be8     	ldr	x8, [sp, #0x10]
40088368: b9800bea     	ldrsw	x10, [sp, #0x8]
4008836c: 386a6908     	ldrb	w8, [x8, x10]
40088370: b9800feb     	ldrsw	x11, [sp, #0xc]
40088374: b0000c69     	adrp	x9, 0x40215000 <sockets+0x7ffc>
40088378: 910b1129     	add	x9, x9, #0x2c4
4008837c: 8b0b1129     	add	x9, x9, x11, lsl #4
40088380: 8b0a0129     	add	x9, x9, x10
40088384: 39001128     	strb	w8, [x9, #0x4]
40088388: 14000001     	b	0x4008838c <arp_cache_update+0xac>
4008838c: b9400be8     	ldr	w8, [sp, #0x8]
40088390: 11000508     	add	w8, w8, #0x1
40088394: b9000be8     	str	w8, [sp, #0x8]
40088398: 17ffffef     	b	0x40088354 <arp_cache_update+0x74>
4008839c: 1400003b     	b	0x40088488 <arp_cache_update+0x1a8>
400883a0: 14000001     	b	0x400883a4 <arp_cache_update+0xc4>
400883a4: b9400fe8     	ldr	w8, [sp, #0xc]
400883a8: 11000508     	add	w8, w8, #0x1
400883ac: b9000fe8     	str	w8, [sp, #0xc]
400883b0: 17ffffd2     	b	0x400882f8 <arp_cache_update+0x18>
400883b4: 2a1f03e8     	mov	w8, wzr
400883b8: b90007e8     	str	w8, [sp, #0x4]
400883bc: 14000001     	b	0x400883c0 <arp_cache_update+0xe0>
400883c0: b94007e8     	ldr	w8, [sp, #0x4]
400883c4: 71003d08     	subs	w8, w8, #0xf
400883c8: 5400060c     	b.gt	0x40088488 <arp_cache_update+0x1a8>
400883cc: 14000001     	b	0x400883d0 <arp_cache_update+0xf0>
400883d0: b98007e9     	ldrsw	x9, [sp, #0x4]
400883d4: b0000c68     	adrp	x8, 0x40215000 <sockets+0x7ffc>
400883d8: 910b1108     	add	x8, x8, #0x2c4
400883dc: 8b091108     	add	x8, x8, x9, lsl #4
400883e0: b9400d08     	ldr	w8, [x8, #0xc]
400883e4: 35000488     	cbnz	w8, 0x40088474 <arp_cache_update+0x194>
400883e8: 14000001     	b	0x400883ec <arp_cache_update+0x10c>
400883ec: b9401fe8     	ldr	w8, [sp, #0x1c]
400883f0: b98007e9     	ldrsw	x9, [sp, #0x4]
400883f4: d37ced2a     	lsl	x10, x9, #4
400883f8: b0000c69     	adrp	x9, 0x40215000 <sockets+0x7ffc>
400883fc: 910b1129     	add	x9, x9, #0x2c4
40088400: b82a6928     	str	w8, [x9, x10]
40088404: 2a1f03e8     	mov	w8, wzr
40088408: b90003e8     	str	w8, [sp]
4008840c: 14000001     	b	0x40088410 <arp_cache_update+0x130>
40088410: b94003e8     	ldr	w8, [sp]
40088414: 71001508     	subs	w8, w8, #0x5
40088418: 5400020c     	b.gt	0x40088458 <arp_cache_update+0x178>
4008841c: 14000001     	b	0x40088420 <arp_cache_update+0x140>
40088420: f9400be8     	ldr	x8, [sp, #0x10]
40088424: b98003ea     	ldrsw	x10, [sp]
40088428: 386a6908     	ldrb	w8, [x8, x10]
4008842c: b98007eb     	ldrsw	x11, [sp, #0x4]
40088430: b0000c69     	adrp	x9, 0x40215000 <sockets+0x7ffc>
40088434: 910b1129     	add	x9, x9, #0x2c4
40088438: 8b0b1129     	add	x9, x9, x11, lsl #4
4008843c: 8b0a0129     	add	x9, x9, x10
40088440: 39001128     	strb	w8, [x9, #0x4]
40088444: 14000001     	b	0x40088448 <arp_cache_update+0x168>
40088448: b94003e8     	ldr	w8, [sp]
4008844c: 11000508     	add	w8, w8, #0x1
40088450: b90003e8     	str	w8, [sp]
40088454: 17ffffef     	b	0x40088410 <arp_cache_update+0x130>
40088458: b98007e9     	ldrsw	x9, [sp, #0x4]
4008845c: b0000c68     	adrp	x8, 0x40215000 <sockets+0x7ffc>
40088460: 910b1108     	add	x8, x8, #0x2c4
40088464: 8b091109     	add	x9, x8, x9, lsl #4
40088468: 52800028     	mov	w8, #0x1                // =1
4008846c: b9000d28     	str	w8, [x9, #0xc]
40088470: 14000006     	b	0x40088488 <arp_cache_update+0x1a8>
40088474: 14000001     	b	0x40088478 <arp_cache_update+0x198>
40088478: b94007e8     	ldr	w8, [sp, #0x4]
4008847c: 11000508     	add	w8, w8, #0x1
40088480: b90007e8     	str	w8, [sp, #0x4]
40088484: 17ffffcf     	b	0x400883c0 <arp_cache_update+0xe0>
40088488: 910083ff     	add	sp, sp, #0x20
4008848c: d65f03c0     	ret

0000000040088490 <net_test>:
40088490: d10103ff     	sub	sp, sp, #0x40
40088494: a9037bfd     	stp	x29, x30, [sp, #0x30]
40088498: 9100c3fd     	add	x29, sp, #0x30
4008849c: 14000001     	b	0x400884a0 <net_test+0x10>
400884a0: 528acf00     	mov	w0, #0x5678             // =22136
400884a4: 72a24680     	movk	w0, #0x1234, lsl #16
400884a8: 97fff772     	bl	0x40086270 <ntohl>
400884ac: 52868248     	mov	w8, #0x3412             // =13330
400884b0: 72af0ac8     	movk	w8, #0x7856, lsl #16
400884b4: 6b080008     	subs	w8, w0, w8
400884b8: 540001e0     	b.eq	0x400884f4 <net_test+0x64>
400884bc: 14000001     	b	0x400884c0 <net_test+0x30>
400884c0: d503201f     	nop
400884c4: 3004efc0     	adr	x0, 0x400922bd <UART0_FR+0x1795>
400884c8: 97fff396     	bl	0x40085320 <uart_puts>
400884cc: 52800140     	mov	w0, #0xa                // =10
400884d0: 97fff3b0     	bl	0x40085390 <print_int>
400884d4: b0000040     	adrp	x0, 0x40091000 <UART0_FR+0x4d8>
400884d8: 913b0800     	add	x0, x0, #0xec2
400884dc: 97fff391     	bl	0x40085320 <uart_puts>
400884e0: d0000cc9     	adrp	x9, 0x40222000 <syscall_tasks+0x7f8>
400884e4: b9400d28     	ldr	w8, [x9, #0xc]
400884e8: 11000508     	add	w8, w8, #0x1
400884ec: b9000d28     	str	w8, [x9, #0xc]
400884f0: 1400005d     	b	0x40088664 <net_test+0x1d4>
400884f4: 14000001     	b	0x400884f8 <net_test+0x68>
400884f8: 14000001     	b	0x400884fc <net_test+0x6c>
400884fc: 528acf00     	mov	w0, #0x5678             // =22136
40088500: 72a24680     	movk	w0, #0x1234, lsl #16
40088504: 97fff74f     	bl	0x40086240 <htonl>
40088508: 52868248     	mov	w8, #0x3412             // =13330
4008850c: 72af0ac8     	movk	w8, #0x7856, lsl #16
40088510: 6b080008     	subs	w8, w0, w8
40088514: 540001e0     	b.eq	0x40088550 <net_test+0xc0>
40088518: 14000001     	b	0x4008851c <net_test+0x8c>
4008851c: b0000040     	adrp	x0, 0x40091000 <UART0_FR+0x4d8>
40088520: 911d3000     	add	x0, x0, #0x74c
40088524: 97fff37f     	bl	0x40085320 <uart_puts>
40088528: 52800160     	mov	w0, #0xb                // =11
4008852c: 97fff399     	bl	0x40085390 <print_int>
40088530: b0000040     	adrp	x0, 0x40091000 <UART0_FR+0x4d8>
40088534: 913b0800     	add	x0, x0, #0xec2
40088538: 97fff37a     	bl	0x40085320 <uart_puts>
4008853c: d0000cc9     	adrp	x9, 0x40222000 <syscall_tasks+0x7f8>
40088540: b9400d28     	ldr	w8, [x9, #0xc]
40088544: 11000508     	add	w8, w8, #0x1
40088548: b9000d28     	str	w8, [x9, #0xc]
4008854c: 14000046     	b	0x40088664 <net_test+0x1d4>
40088550: 14000001     	b	0x40088554 <net_test+0xc4>
40088554: 14000001     	b	0x40088558 <net_test+0xc8>
40088558: 52824680     	mov	w0, #0x1234             // =4660
4008855c: 97fff72d     	bl	0x40086210 <ntohs>
40088560: 52868248     	mov	w8, #0x3412             // =13330
40088564: 6b202108     	subs	w8, w8, w0, uxth
40088568: 540001e0     	b.eq	0x400885a4 <net_test+0x114>
4008856c: 14000001     	b	0x40088570 <net_test+0xe0>
40088570: d0000040     	adrp	x0, 0x40092000 <UART0_FR+0x14d8>
40088574: 91262c00     	add	x0, x0, #0x98b
40088578: 97fff36a     	bl	0x40085320 <uart_puts>
4008857c: 52800180     	mov	w0, #0xc                // =12
40088580: 97fff384     	bl	0x40085390 <print_int>
40088584: b0000040     	adrp	x0, 0x40091000 <UART0_FR+0x4d8>
40088588: 913b0800     	add	x0, x0, #0xec2
4008858c: 97fff365     	bl	0x40085320 <uart_puts>
40088590: d0000cc9     	adrp	x9, 0x40222000 <syscall_tasks+0x7f8>
40088594: b9400d28     	ldr	w8, [x9, #0xc]
40088598: 11000508     	add	w8, w8, #0x1
4008859c: b9000d28     	str	w8, [x9, #0xc]
400885a0: 14000031     	b	0x40088664 <net_test+0x1d4>
400885a4: 14000001     	b	0x400885a8 <net_test+0x118>
400885a8: 52951808     	mov	w8, #0xa8c0             // =43200
400885ac: 72b8e008     	movk	w8, #0xc700, lsl #16
400885b0: b9002be8     	str	w8, [sp, #0x28]
400885b4: d503201f     	nop
400885b8: 10042bc9     	adr	x9, 0x40090b30 <UART0_FR+0x8>
400885bc: f9400128     	ldr	x8, [x9]
400885c0: f9400529     	ldr	x9, [x9, #0x8]
400885c4: f90013e9     	str	x9, [sp, #0x20]
400885c8: f9000fe8     	str	x8, [sp, #0x18]
400885cc: 910063e0     	add	x0, sp, #0x18
400885d0: 52800281     	mov	w1, #0x14               // =20
400885d4: 97fff733     	bl	0x400862a0 <net_checksum>
400885d8: 79002fe0     	strh	w0, [sp, #0x16]
400885dc: 14000001     	b	0x400885e0 <net_test+0x150>
400885e0: 79402fe8     	ldrh	w8, [sp, #0x16]
400885e4: b90013e8     	str	w8, [sp, #0x10]
400885e8: 528c3708     	mov	w8, #0x61b8             // =25016
400885ec: b9000fe8     	str	w8, [sp, #0xc]
400885f0: b94013e8     	ldr	w8, [sp, #0x10]
400885f4: b9400fe9     	ldr	w9, [sp, #0xc]
400885f8: 6b090108     	subs	w8, w8, w9
400885fc: 54000320     	b.eq	0x40088660 <net_test+0x1d0>
40088600: 14000001     	b	0x40088604 <net_test+0x174>
40088604: b0000040     	adrp	x0, 0x40091000 <UART0_FR+0x4d8>
40088608: 910bd400     	add	x0, x0, #0x2f5
4008860c: 97fff345     	bl	0x40085320 <uart_puts>
40088610: 52800300     	mov	w0, #0x18               // =24
40088614: 97fff35f     	bl	0x40085390 <print_int>
40088618: d0000040     	adrp	x0, 0x40092000 <UART0_FR+0x14d8>
4008861c: 91214400     	add	x0, x0, #0x851
40088620: 97fff340     	bl	0x40085320 <uart_puts>
40088624: b94013e0     	ldr	w0, [sp, #0x10]
40088628: 97fff35a     	bl	0x40085390 <print_int>
4008862c: d0000040     	adrp	x0, 0x40092000 <UART0_FR+0x14d8>
40088630: 91217000     	add	x0, x0, #0x85c
40088634: 97fff33b     	bl	0x40085320 <uart_puts>
40088638: b9400fe0     	ldr	w0, [sp, #0xc]
4008863c: 97fff355     	bl	0x40085390 <print_int>
40088640: b0000040     	adrp	x0, 0x40091000 <UART0_FR+0x4d8>
40088644: 913b0800     	add	x0, x0, #0xec2
40088648: 97fff336     	bl	0x40085320 <uart_puts>
4008864c: d0000cc9     	adrp	x9, 0x40222000 <syscall_tasks+0x7f8>
40088650: b9400d28     	ldr	w8, [x9, #0xc]
40088654: 11000508     	add	w8, w8, #0x1
40088658: b9000d28     	str	w8, [x9, #0xc]
4008865c: 14000002     	b	0x40088664 <net_test+0x1d4>
40088660: 14000001     	b	0x40088664 <net_test+0x1d4>
40088664: a9437bfd     	ldp	x29, x30, [sp, #0x30]
40088668: 910103ff     	add	sp, sp, #0x40
4008866c: d65f03c0     	ret

0000000040088670 <net_test_suite>:
40088670: a9bf7bfd     	stp	x29, x30, [sp, #-0x10]!
40088674: 910003fd     	mov	x29, sp
40088678: b0000040     	adrp	x0, 0x40091000 <UART0_FR+0x4d8>
4008867c: 9127d800     	add	x0, x0, #0x9f6
40088680: 97fff328     	bl	0x40085320 <uart_puts>
40088684: 97ffff83     	bl	0x40088490 <net_test>
40088688: a8c17bfd     	ldp	x29, x30, [sp], #0x10
4008868c: d65f03c0     	ret

0000000040088690 <pipes_init>:
40088690: d10083ff     	sub	sp, sp, #0x20
40088694: a9017bfd     	stp	x29, x30, [sp, #0x10]
40088698: 910043fd     	add	x29, sp, #0x10
4008869c: b0000c60     	adrp	x0, 0x40215000 <sockets+0x7ffc>
400886a0: 910f6000     	add	x0, x0, #0x3d8
400886a4: 97fff1ff     	bl	0x40084ea0 <spinlock_init>
400886a8: 2a1f03e8     	mov	w8, wzr
400886ac: b81fc3a8     	stur	w8, [x29, #-0x4]
400886b0: 14000001     	b	0x400886b4 <pipes_init+0x24>
400886b4: b85fc3a8     	ldur	w8, [x29, #-0x4]
400886b8: 7100fd08     	subs	w8, w8, #0x3f
400886bc: 540002ec     	b.gt	0x40088718 <pipes_init+0x88>
400886c0: 14000001     	b	0x400886c4 <pipes_init+0x34>
400886c4: b89fc3a8     	ldursw	x8, [x29, #-0x4]
400886c8: 52804409     	mov	w9, #0x220              // =544
400886cc: 2a0903e0     	mov	w0, w9
400886d0: 2a0003e9     	mov	w9, w0
400886d4: b0000c6a     	adrp	x10, 0x40215000 <sockets+0x7ffc>
400886d8: 910f714a     	add	x10, x10, #0x3dc
400886dc: 9b29290b     	smaddl	x11, w8, w9, x10
400886e0: 2a1f03e8     	mov	w8, wzr
400886e4: b9021168     	str	w8, [x11, #0x210]
400886e8: b89fc3ab     	ldursw	x11, [x29, #-0x4]
400886ec: 9b29296b     	smaddl	x11, w11, w9, x10
400886f0: b9021568     	str	w8, [x11, #0x214]
400886f4: b89fc3a8     	ldursw	x8, [x29, #-0x4]
400886f8: 9b292908     	smaddl	x8, w8, w9, x10
400886fc: 91083100     	add	x0, x8, #0x20c
40088700: 97fff1e8     	bl	0x40084ea0 <spinlock_init>
40088704: 14000001     	b	0x40088708 <pipes_init+0x78>
40088708: b85fc3a8     	ldur	w8, [x29, #-0x4]
4008870c: 11000508     	add	w8, w8, #0x1
40088710: b81fc3a8     	stur	w8, [x29, #-0x4]
40088714: 17ffffe8     	b	0x400886b4 <pipes_init+0x24>
40088718: a9417bfd     	ldp	x29, x30, [sp, #0x10]
4008871c: 910083ff     	add	sp, sp, #0x20
40088720: d65f03c0     	ret
40088724: d503201f     	nop
40088728: d503201f     	nop
4008872c: d503201f     	nop

0000000040088730 <pipe_alloc>:
40088730: d10143ff     	sub	sp, sp, #0x50
40088734: a9047bfd     	stp	x29, x30, [sp, #0x40]
40088738: 910103fd     	add	x29, sp, #0x40
4008873c: f81f03a0     	stur	x0, [x29, #-0x10]
40088740: f81e83a1     	stur	x1, [x29, #-0x18]
40088744: b0000c60     	adrp	x0, 0x40215000 <sockets+0x7ffc>
40088748: 910f6000     	add	x0, x0, #0x3d8
4008874c: 97fff1f1     	bl	0x40084f10 <spinlock_acquire_irqsave>
40088750: f90013e0     	str	x0, [sp, #0x20]
40088754: 2a1f03e8     	mov	w8, wzr
40088758: b9001fe8     	str	w8, [sp, #0x1c]
4008875c: 14000001     	b	0x40088760 <pipe_alloc+0x30>
40088760: b9401fe8     	ldr	w8, [sp, #0x1c]
40088764: 7100fd08     	subs	w8, w8, #0x3f
40088768: 54000b0c     	b.gt	0x400888c8 <pipe_alloc+0x198>
4008876c: 14000001     	b	0x40088770 <pipe_alloc+0x40>
40088770: b9801fe8     	ldrsw	x8, [sp, #0x1c]
40088774: 52804409     	mov	w9, #0x220              // =544
40088778: 2a0903e0     	mov	w0, w9
4008877c: 2a0003e9     	mov	w9, w0
40088780: b0000c6a     	adrp	x10, 0x40215000 <sockets+0x7ffc>
40088784: 910f714a     	add	x10, x10, #0x3dc
40088788: 9b292908     	smaddl	x8, w8, w9, x10
4008878c: b9421108     	ldr	w8, [x8, #0x210]
40088790: 35000928     	cbnz	w8, 0x400888b4 <pipe_alloc+0x184>
40088794: 14000001     	b	0x40088798 <pipe_alloc+0x68>
40088798: b9801fe8     	ldrsw	x8, [sp, #0x1c]
4008879c: 52804409     	mov	w9, #0x220              // =544
400887a0: 2a0903e0     	mov	w0, w9
400887a4: 2a0003e9     	mov	w9, w0
400887a8: b0000c6a     	adrp	x10, 0x40215000 <sockets+0x7ffc>
400887ac: 910f714a     	add	x10, x10, #0x3dc
400887b0: 9b292908     	smaddl	x8, w8, w9, x10
400887b4: b9421508     	ldr	w8, [x8, #0x214]
400887b8: 350007e8     	cbnz	w8, 0x400888b4 <pipe_alloc+0x184>
400887bc: 14000001     	b	0x400887c0 <pipe_alloc+0x90>
400887c0: b9801fe8     	ldrsw	x8, [sp, #0x1c]
400887c4: 52804409     	mov	w9, #0x220              // =544
400887c8: 2a0903e0     	mov	w0, w9
400887cc: 2a0003ea     	mov	w10, w0
400887d0: b9000fea     	str	w10, [sp, #0xc]
400887d4: b0000c6b     	adrp	x11, 0x40215000 <sockets+0x7ffc>
400887d8: 910f716b     	add	x11, x11, #0x3dc
400887dc: f9000beb     	str	x11, [sp, #0x10]
400887e0: 9b2a2d09     	smaddl	x9, w8, w10, x11
400887e4: 52800028     	mov	w8, #0x1                // =1
400887e8: b9021128     	str	w8, [x9, #0x210]
400887ec: b9801fe9     	ldrsw	x9, [sp, #0x1c]
400887f0: 9b2a2d29     	smaddl	x9, w9, w10, x11
400887f4: b9021528     	str	w8, [x9, #0x214]
400887f8: b9801fe9     	ldrsw	x9, [sp, #0x1c]
400887fc: 9b2a2d29     	smaddl	x9, w9, w10, x11
40088800: 2a1f03ec     	mov	w12, wzr
40088804: b9001bec     	str	w12, [sp, #0x18]
40088808: b902012c     	str	w12, [x9, #0x200]
4008880c: b9801fe9     	ldrsw	x9, [sp, #0x1c]
40088810: 9b2a2d29     	smaddl	x9, w9, w10, x11
40088814: b902052c     	str	w12, [x9, #0x204]
40088818: b9801fe9     	ldrsw	x9, [sp, #0x1c]
4008881c: 9b2a2d29     	smaddl	x9, w9, w10, x11
40088820: b902092c     	str	w12, [x9, #0x208]
40088824: b9801fe9     	ldrsw	x9, [sp, #0x1c]
40088828: 9b2a2d29     	smaddl	x9, w9, w10, x11
4008882c: b902192c     	str	w12, [x9, #0x218]
40088830: b9801fe9     	ldrsw	x9, [sp, #0x1c]
40088834: 9b2a2d29     	smaddl	x9, w9, w10, x11
40088838: b9021d2c     	str	w12, [x9, #0x21c]
4008883c: f85f03a9     	ldur	x9, [x29, #-0x10]
40088840: f940012d     	ldr	x13, [x9]
40088844: 52800049     	mov	w9, #0x2                // =2
40088848: b90001a9     	str	w9, [x13]
4008884c: b9801fed     	ldrsw	x13, [sp, #0x1c]
40088850: 9b2a2dad     	smaddl	x13, w13, w10, x11
40088854: f85f03ae     	ldur	x14, [x29, #-0x10]
40088858: f94001ce     	ldr	x14, [x14]
4008885c: f90009cd     	str	x13, [x14, #0x10]
40088860: f85f03ad     	ldur	x13, [x29, #-0x10]
40088864: f94001ad     	ldr	x13, [x13]
40088868: b90019ac     	str	w12, [x13, #0x18]
4008886c: f85e83ac     	ldur	x12, [x29, #-0x18]
40088870: f940018c     	ldr	x12, [x12]
40088874: b9000189     	str	w9, [x12]
40088878: b9801fe9     	ldrsw	x9, [sp, #0x1c]
4008887c: 9b2a2d29     	smaddl	x9, w9, w10, x11
40088880: f85e83aa     	ldur	x10, [x29, #-0x18]
40088884: f940014a     	ldr	x10, [x10]
40088888: f9000949     	str	x9, [x10, #0x10]
4008888c: f85e83a9     	ldur	x9, [x29, #-0x18]
40088890: f9400129     	ldr	x9, [x9]
40088894: b9001928     	str	w8, [x9, #0x18]
40088898: f94013e1     	ldr	x1, [sp, #0x20]
4008889c: b0000c60     	adrp	x0, 0x40215000 <sockets+0x7ffc>
400888a0: 910f6000     	add	x0, x0, #0x3d8
400888a4: 97fff1ab     	bl	0x40084f50 <spinlock_release_irqrestore>
400888a8: b9401be8     	ldr	w8, [sp, #0x18]
400888ac: b81fc3a8     	stur	w8, [x29, #-0x4]
400888b0: 1400000d     	b	0x400888e4 <pipe_alloc+0x1b4>
400888b4: 14000001     	b	0x400888b8 <pipe_alloc+0x188>
400888b8: b9401fe8     	ldr	w8, [sp, #0x1c]
400888bc: 11000508     	add	w8, w8, #0x1
400888c0: b9001fe8     	str	w8, [sp, #0x1c]
400888c4: 17ffffa7     	b	0x40088760 <pipe_alloc+0x30>
400888c8: f94013e1     	ldr	x1, [sp, #0x20]
400888cc: b0000c60     	adrp	x0, 0x40215000 <sockets+0x7ffc>
400888d0: 910f6000     	add	x0, x0, #0x3d8
400888d4: 97fff19f     	bl	0x40084f50 <spinlock_release_irqrestore>
400888d8: 12800008     	mov	w8, #-0x1               // =-1
400888dc: b81fc3a8     	stur	w8, [x29, #-0x4]
400888e0: 14000001     	b	0x400888e4 <pipe_alloc+0x1b4>
400888e4: b85fc3a0     	ldur	w0, [x29, #-0x4]
400888e8: a9447bfd     	ldp	x29, x30, [sp, #0x40]
400888ec: 910143ff     	add	sp, sp, #0x50
400888f0: d65f03c0     	ret
400888f4: d503201f     	nop
400888f8: d503201f     	nop
400888fc: d503201f     	nop

0000000040088900 <pipe_reopen>:
40088900: d100c3ff     	sub	sp, sp, #0x30
40088904: a9027bfd     	stp	x29, x30, [sp, #0x20]
40088908: 910083fd     	add	x29, sp, #0x20
4008890c: f81f83a0     	stur	x0, [x29, #-0x8]
40088910: b81f43a1     	stur	w1, [x29, #-0xc]
40088914: f85f83a8     	ldur	x8, [x29, #-0x8]
40088918: 91083100     	add	x0, x8, #0x20c
4008891c: 97fff17d     	bl	0x40084f10 <spinlock_acquire_irqsave>
40088920: f90007e0     	str	x0, [sp, #0x8]
40088924: b85f43a8     	ldur	w8, [x29, #-0xc]
40088928: 350000e8     	cbnz	w8, 0x40088944 <pipe_reopen+0x44>
4008892c: 14000001     	b	0x40088930 <pipe_reopen+0x30>
40088930: f85f83a9     	ldur	x9, [x29, #-0x8]
40088934: b9421128     	ldr	w8, [x9, #0x210]
40088938: 11000508     	add	w8, w8, #0x1
4008893c: b9021128     	str	w8, [x9, #0x210]
40088940: 14000006     	b	0x40088958 <pipe_reopen+0x58>
40088944: f85f83a9     	ldur	x9, [x29, #-0x8]
40088948: b9421528     	ldr	w8, [x9, #0x214]
4008894c: 11000508     	add	w8, w8, #0x1
40088950: b9021528     	str	w8, [x9, #0x214]
40088954: 14000001     	b	0x40088958 <pipe_reopen+0x58>
40088958: f85f83a8     	ldur	x8, [x29, #-0x8]
4008895c: 91083100     	add	x0, x8, #0x20c
40088960: f94007e1     	ldr	x1, [sp, #0x8]
40088964: 97fff17b     	bl	0x40084f50 <spinlock_release_irqrestore>
40088968: a9427bfd     	ldp	x29, x30, [sp, #0x20]
4008896c: 9100c3ff     	add	sp, sp, #0x30
40088970: d65f03c0     	ret
40088974: d503201f     	nop
40088978: d503201f     	nop
4008897c: d503201f     	nop

0000000040088980 <pipe_close>:
40088980: d100c3ff     	sub	sp, sp, #0x30
40088984: a9027bfd     	stp	x29, x30, [sp, #0x20]
40088988: 910083fd     	add	x29, sp, #0x20
4008898c: f81f83a0     	stur	x0, [x29, #-0x8]
40088990: b81f43a1     	stur	w1, [x29, #-0xc]
40088994: f85f83a8     	ldur	x8, [x29, #-0x8]
40088998: 91083100     	add	x0, x8, #0x20c
4008899c: 97fff15d     	bl	0x40084f10 <spinlock_acquire_irqsave>
400889a0: f90007e0     	str	x0, [sp, #0x8]
400889a4: b85f43a8     	ldur	w8, [x29, #-0xc]
400889a8: 35000508     	cbnz	w8, 0x40088a48 <pipe_close+0xc8>
400889ac: 14000001     	b	0x400889b0 <pipe_close+0x30>
400889b0: f85f83a8     	ldur	x8, [x29, #-0x8]
400889b4: b9421108     	ldr	w8, [x8, #0x210]
400889b8: 340000e8     	cbz	w8, 0x400889d4 <pipe_close+0x54>
400889bc: 14000001     	b	0x400889c0 <pipe_close+0x40>
400889c0: f85f83a9     	ldur	x9, [x29, #-0x8]
400889c4: b9421128     	ldr	w8, [x9, #0x210]
400889c8: 71000508     	subs	w8, w8, #0x1
400889cc: b9021128     	str	w8, [x9, #0x210]
400889d0: 14000001     	b	0x400889d4 <pipe_close+0x54>
400889d4: f85f83a8     	ldur	x8, [x29, #-0x8]
400889d8: b9421108     	ldr	w8, [x8, #0x210]
400889dc: 35000348     	cbnz	w8, 0x40088a44 <pipe_close+0xc4>
400889e0: 14000001     	b	0x400889e4 <pipe_close+0x64>
400889e4: 2a1f03e8     	mov	w8, wzr
400889e8: b90007e8     	str	w8, [sp, #0x4]
400889ec: 14000001     	b	0x400889f0 <pipe_close+0x70>
400889f0: b94007e8     	ldr	w8, [sp, #0x4]
400889f4: 71007d08     	subs	w8, w8, #0x1f
400889f8: 5400024c     	b.gt	0x40088a40 <pipe_close+0xc0>
400889fc: 14000001     	b	0x40088a00 <pipe_close+0x80>
40088a00: f85f83a8     	ldur	x8, [x29, #-0x8]
40088a04: b9421d08     	ldr	w8, [x8, #0x21c]
40088a08: b94007e9     	ldr	w9, [sp, #0x4]
40088a0c: 2a0903e0     	mov	w0, w9
40088a10: 2a0003e9     	mov	w9, w0
40088a14: 1ac92508     	lsr	w8, w8, w9
40088a18: 360000a8     	tbz	w8, #0x0, 0x40088a2c <pipe_close+0xac>
40088a1c: 14000001     	b	0x40088a20 <pipe_close+0xa0>
40088a20: b94007e0     	ldr	w0, [sp, #0x4]
40088a24: 94000a6b     	bl	0x4008b3d0 <process_wakeup>
40088a28: 14000001     	b	0x40088a2c <pipe_close+0xac>
40088a2c: 14000001     	b	0x40088a30 <pipe_close+0xb0>
40088a30: b94007e8     	ldr	w8, [sp, #0x4]
40088a34: 11000508     	add	w8, w8, #0x1
40088a38: b90007e8     	str	w8, [sp, #0x4]
40088a3c: 17ffffed     	b	0x400889f0 <pipe_close+0x70>
40088a40: 14000001     	b	0x40088a44 <pipe_close+0xc4>
40088a44: 14000027     	b	0x40088ae0 <pipe_close+0x160>
40088a48: f85f83a8     	ldur	x8, [x29, #-0x8]
40088a4c: b9421508     	ldr	w8, [x8, #0x214]
40088a50: 340000e8     	cbz	w8, 0x40088a6c <pipe_close+0xec>
40088a54: 14000001     	b	0x40088a58 <pipe_close+0xd8>
40088a58: f85f83a9     	ldur	x9, [x29, #-0x8]
40088a5c: b9421528     	ldr	w8, [x9, #0x214]
40088a60: 71000508     	subs	w8, w8, #0x1
40088a64: b9021528     	str	w8, [x9, #0x214]
40088a68: 14000001     	b	0x40088a6c <pipe_close+0xec>
40088a6c: f85f83a8     	ldur	x8, [x29, #-0x8]
40088a70: b9421508     	ldr	w8, [x8, #0x214]
40088a74: 35000348     	cbnz	w8, 0x40088adc <pipe_close+0x15c>
40088a78: 14000001     	b	0x40088a7c <pipe_close+0xfc>
40088a7c: 2a1f03e8     	mov	w8, wzr
40088a80: b90003e8     	str	w8, [sp]
40088a84: 14000001     	b	0x40088a88 <pipe_close+0x108>
40088a88: b94003e8     	ldr	w8, [sp]
40088a8c: 71007d08     	subs	w8, w8, #0x1f
40088a90: 5400024c     	b.gt	0x40088ad8 <pipe_close+0x158>
40088a94: 14000001     	b	0x40088a98 <pipe_close+0x118>
40088a98: f85f83a8     	ldur	x8, [x29, #-0x8]
40088a9c: b9421908     	ldr	w8, [x8, #0x218]
40088aa0: b94003e9     	ldr	w9, [sp]
40088aa4: 2a0903e0     	mov	w0, w9
40088aa8: 2a0003e9     	mov	w9, w0
40088aac: 1ac92508     	lsr	w8, w8, w9
40088ab0: 360000a8     	tbz	w8, #0x0, 0x40088ac4 <pipe_close+0x144>
40088ab4: 14000001     	b	0x40088ab8 <pipe_close+0x138>
40088ab8: b94003e0     	ldr	w0, [sp]
40088abc: 94000a45     	bl	0x4008b3d0 <process_wakeup>
40088ac0: 14000001     	b	0x40088ac4 <pipe_close+0x144>
40088ac4: 14000001     	b	0x40088ac8 <pipe_close+0x148>
40088ac8: b94003e8     	ldr	w8, [sp]
40088acc: 11000508     	add	w8, w8, #0x1
40088ad0: b90003e8     	str	w8, [sp]
40088ad4: 17ffffed     	b	0x40088a88 <pipe_close+0x108>
40088ad8: 14000001     	b	0x40088adc <pipe_close+0x15c>
40088adc: 14000001     	b	0x40088ae0 <pipe_close+0x160>
40088ae0: f85f83a8     	ldur	x8, [x29, #-0x8]
40088ae4: 91083100     	add	x0, x8, #0x20c
40088ae8: f94007e1     	ldr	x1, [sp, #0x8]
40088aec: 97fff119     	bl	0x40084f50 <spinlock_release_irqrestore>
40088af0: a9427bfd     	ldp	x29, x30, [sp, #0x20]
40088af4: 9100c3ff     	add	sp, sp, #0x30
40088af8: d65f03c0     	ret
40088afc: d503201f     	nop

0000000040088b00 <pipe_read>:
40088b00: d10203ff     	sub	sp, sp, #0x80
40088b04: a9077bfd     	stp	x29, x30, [sp, #0x70]
40088b08: 9101c3fd     	add	x29, sp, #0x70
40088b0c: f81f03a0     	stur	x0, [x29, #-0x10]
40088b10: f81e83a1     	stur	x1, [x29, #-0x18]
40088b14: b81e43a2     	stur	w2, [x29, #-0x1c]
40088b18: f81d83a3     	stur	x3, [x29, #-0x28]
40088b1c: f85f03a8     	ldur	x8, [x29, #-0x10]
40088b20: b50000a8     	cbnz	x8, 0x40088b34 <pipe_read+0x34>
40088b24: 14000001     	b	0x40088b28 <pipe_read+0x28>
40088b28: 12800008     	mov	w8, #-0x1               // =-1
40088b2c: b81fc3a8     	stur	w8, [x29, #-0x4]
40088b30: 1400009b     	b	0x40088d9c <pipe_read+0x29c>
40088b34: f85e83a8     	ldur	x8, [x29, #-0x18]
40088b38: f81d03a8     	stur	x8, [x29, #-0x30]
40088b3c: 2a1f03e8     	mov	w8, wzr
40088b40: b81cc3a8     	stur	w8, [x29, #-0x34]
40088b44: 940005bf     	bl	0x4008a240 <current_process>
40088b48: f9001be0     	str	x0, [sp, #0x30]
40088b4c: 14000001     	b	0x40088b50 <pipe_read+0x50>
40088b50: b85cc3a8     	ldur	w8, [x29, #-0x34]
40088b54: b85e43a9     	ldur	w9, [x29, #-0x1c]
40088b58: 6b090108     	subs	w8, w8, w9
40088b5c: 540011aa     	b.ge	0x40088d90 <pipe_read+0x290>
40088b60: 14000001     	b	0x40088b64 <pipe_read+0x64>
40088b64: f85f03a8     	ldur	x8, [x29, #-0x10]
40088b68: 91083100     	add	x0, x8, #0x20c
40088b6c: 97fff0e9     	bl	0x40084f10 <spinlock_acquire_irqsave>
40088b70: f90017e0     	str	x0, [sp, #0x28]
40088b74: f85f03a8     	ldur	x8, [x29, #-0x10]
40088b78: b9420908     	ldr	w8, [x8, #0x208]
40088b7c: 34000a68     	cbz	w8, 0x40088cc8 <pipe_read+0x1c8>
40088b80: 14000001     	b	0x40088b84 <pipe_read+0x84>
40088b84: 14000001     	b	0x40088b88 <pipe_read+0x88>
40088b88: b85cc3a9     	ldur	w9, [x29, #-0x34]
40088b8c: b85e43aa     	ldur	w10, [x29, #-0x1c]
40088b90: 2a1f03e8     	mov	w8, wzr
40088b94: 6b0a0129     	subs	w9, w9, w10
40088b98: b90017e8     	str	w8, [sp, #0x14]
40088b9c: 5400010a     	b.ge	0x40088bbc <pipe_read+0xbc>
40088ba0: 14000001     	b	0x40088ba4 <pipe_read+0xa4>
40088ba4: f85f03a8     	ldur	x8, [x29, #-0x10]
40088ba8: b9420908     	ldr	w8, [x8, #0x208]
40088bac: 71000108     	subs	w8, w8, #0x0
40088bb0: 1a9f07e8     	cset	w8, ne
40088bb4: b90017e8     	str	w8, [sp, #0x14]
40088bb8: 14000001     	b	0x40088bbc <pipe_read+0xbc>
40088bbc: b94017e8     	ldr	w8, [sp, #0x14]
40088bc0: 360002a8     	tbz	w8, #0x0, 0x40088c14 <pipe_read+0x114>
40088bc4: 14000001     	b	0x40088bc8 <pipe_read+0xc8>
40088bc8: f85f03a8     	ldur	x8, [x29, #-0x10]
40088bcc: b9420509     	ldr	w9, [x8, #0x204]
40088bd0: 38696908     	ldrb	w8, [x8, x9]
40088bd4: f85d03a9     	ldur	x9, [x29, #-0x30]
40088bd8: b89cc3aa     	ldursw	x10, [x29, #-0x34]
40088bdc: 382a6928     	strb	w8, [x9, x10]
40088be0: f85f03a9     	ldur	x9, [x29, #-0x10]
40088be4: b9420528     	ldr	w8, [x9, #0x204]
40088be8: 11000508     	add	w8, w8, #0x1
40088bec: 12002108     	and	w8, w8, #0x1ff
40088bf0: b9020528     	str	w8, [x9, #0x204]
40088bf4: b85cc3a8     	ldur	w8, [x29, #-0x34]
40088bf8: 11000508     	add	w8, w8, #0x1
40088bfc: b81cc3a8     	stur	w8, [x29, #-0x34]
40088c00: f85f03a9     	ldur	x9, [x29, #-0x10]
40088c04: b9420928     	ldr	w8, [x9, #0x208]
40088c08: 71000508     	subs	w8, w8, #0x1
40088c0c: b9020928     	str	w8, [x9, #0x208]
40088c10: 17ffffde     	b	0x40088b88 <pipe_read+0x88>
40088c14: f85f03a8     	ldur	x8, [x29, #-0x10]
40088c18: b9420908     	ldr	w8, [x8, #0x208]
40088c1c: 7107fd08     	subs	w8, w8, #0x1ff
40088c20: 54000461     	b.ne	0x40088cac <pipe_read+0x1ac>
40088c24: 14000001     	b	0x40088c28 <pipe_read+0x128>
40088c28: 2a1f03e8     	mov	w8, wzr
40088c2c: b90027e8     	str	w8, [sp, #0x24]
40088c30: 14000001     	b	0x40088c34 <pipe_read+0x134>
40088c34: b94027e8     	ldr	w8, [sp, #0x24]
40088c38: 71007d08     	subs	w8, w8, #0x1f
40088c3c: 5400036c     	b.gt	0x40088ca8 <pipe_read+0x1a8>
40088c40: 14000001     	b	0x40088c44 <pipe_read+0x144>
40088c44: f85f03a8     	ldur	x8, [x29, #-0x10]
40088c48: b9421d08     	ldr	w8, [x8, #0x21c]
40088c4c: b94027e9     	ldr	w9, [sp, #0x24]
40088c50: 2a0903e0     	mov	w0, w9
40088c54: 2a0003e9     	mov	w9, w0
40088c58: 1ac92508     	lsr	w8, w8, w9
40088c5c: 360001c8     	tbz	w8, #0x0, 0x40088c94 <pipe_read+0x194>
40088c60: 14000001     	b	0x40088c64 <pipe_read+0x164>
40088c64: b94027e0     	ldr	w0, [sp, #0x24]
40088c68: 940009da     	bl	0x4008b3d0 <process_wakeup>
40088c6c: b94027e8     	ldr	w8, [sp, #0x24]
40088c70: 2a0803e0     	mov	w0, w8
40088c74: 2a0003e9     	mov	w9, w0
40088c78: 52800028     	mov	w8, #0x1                // =1
40088c7c: 1ac9210a     	lsl	w10, w8, w9
40088c80: f85f03a9     	ldur	x9, [x29, #-0x10]
40088c84: b9421d28     	ldr	w8, [x9, #0x21c]
40088c88: 0a2a0108     	bic	w8, w8, w10
40088c8c: b9021d28     	str	w8, [x9, #0x21c]
40088c90: 14000001     	b	0x40088c94 <pipe_read+0x194>
40088c94: 14000001     	b	0x40088c98 <pipe_read+0x198>
40088c98: b94027e8     	ldr	w8, [sp, #0x24]
40088c9c: 11000508     	add	w8, w8, #0x1
40088ca0: b90027e8     	str	w8, [sp, #0x24]
40088ca4: 17ffffe4     	b	0x40088c34 <pipe_read+0x134>
40088ca8: 14000001     	b	0x40088cac <pipe_read+0x1ac>
40088cac: f85f03a8     	ldur	x8, [x29, #-0x10]
40088cb0: 91083100     	add	x0, x8, #0x20c
40088cb4: f94017e1     	ldr	x1, [sp, #0x28]
40088cb8: 97fff0a6     	bl	0x40084f50 <spinlock_release_irqrestore>
40088cbc: b85cc3a8     	ldur	w8, [x29, #-0x34]
40088cc0: b81fc3a8     	stur	w8, [x29, #-0x4]
40088cc4: 14000036     	b	0x40088d9c <pipe_read+0x29c>
40088cc8: f85f03a8     	ldur	x8, [x29, #-0x10]
40088ccc: b9421508     	ldr	w8, [x8, #0x214]
40088cd0: 35000128     	cbnz	w8, 0x40088cf4 <pipe_read+0x1f4>
40088cd4: 14000001     	b	0x40088cd8 <pipe_read+0x1d8>
40088cd8: f85f03a8     	ldur	x8, [x29, #-0x10]
40088cdc: 91083100     	add	x0, x8, #0x20c
40088ce0: f94017e1     	ldr	x1, [sp, #0x28]
40088ce4: 97fff09b     	bl	0x40084f50 <spinlock_release_irqrestore>
40088ce8: b85cc3a8     	ldur	w8, [x29, #-0x34]
40088cec: b81fc3a8     	stur	w8, [x29, #-0x4]
40088cf0: 1400002b     	b	0x40088d9c <pipe_read+0x29c>
40088cf4: f9401be8     	ldr	x8, [sp, #0x30]
40088cf8: b40003e8     	cbz	x8, 0x40088d74 <pipe_read+0x274>
40088cfc: 14000001     	b	0x40088d00 <pipe_read+0x200>
40088d00: f9401be8     	ldr	x8, [sp, #0x30]
40088d04: b9400108     	ldr	w8, [x8]
40088d08: 2a0803e0     	mov	w0, w8
40088d0c: 2a0003e9     	mov	w9, w0
40088d10: 52800028     	mov	w8, #0x1                // =1
40088d14: 1ac9210a     	lsl	w10, w8, w9
40088d18: f85f03a9     	ldur	x9, [x29, #-0x10]
40088d1c: b9421928     	ldr	w8, [x9, #0x218]
40088d20: 2a0a0108     	orr	w8, w8, w10
40088d24: b9021928     	str	w8, [x9, #0x218]
40088d28: b0000ca0     	adrp	x0, 0x4021d000 <pipes+0x7c24>
40088d2c: 912f8000     	add	x0, x0, #0xbe0
40088d30: f90007e0     	str	x0, [sp, #0x8]
40088d34: 97fff077     	bl	0x40084f10 <spinlock_acquire_irqsave>
40088d38: aa0003e8     	mov	x8, x0
40088d3c: f94007e0     	ldr	x0, [sp, #0x8]
40088d40: f9000fe8     	str	x8, [sp, #0x18]
40088d44: f9401be9     	ldr	x9, [sp, #0x30]
40088d48: 528000a8     	mov	w8, #0x5                // =5
40088d4c: b9000528     	str	w8, [x9, #0x4]
40088d50: f9400fe1     	ldr	x1, [sp, #0x18]
40088d54: 97fff07f     	bl	0x40084f50 <spinlock_release_irqrestore>
40088d58: f85f03a8     	ldur	x8, [x29, #-0x10]
40088d5c: 91083100     	add	x0, x8, #0x20c
40088d60: f94017e1     	ldr	x1, [sp, #0x28]
40088d64: 97fff07b     	bl	0x40084f50 <spinlock_release_irqrestore>
40088d68: 12800028     	mov	w8, #-0x2               // =-2
40088d6c: b81fc3a8     	stur	w8, [x29, #-0x4]
40088d70: 1400000b     	b	0x40088d9c <pipe_read+0x29c>
40088d74: f85f03a8     	ldur	x8, [x29, #-0x10]
40088d78: 91083100     	add	x0, x8, #0x20c
40088d7c: f94017e1     	ldr	x1, [sp, #0x28]
40088d80: 97fff074     	bl	0x40084f50 <spinlock_release_irqrestore>
40088d84: b85cc3a8     	ldur	w8, [x29, #-0x34]
40088d88: b81fc3a8     	stur	w8, [x29, #-0x4]
40088d8c: 14000004     	b	0x40088d9c <pipe_read+0x29c>
40088d90: b85cc3a8     	ldur	w8, [x29, #-0x34]
40088d94: b81fc3a8     	stur	w8, [x29, #-0x4]
40088d98: 14000001     	b	0x40088d9c <pipe_read+0x29c>
40088d9c: b85fc3a0     	ldur	w0, [x29, #-0x4]
40088da0: a9477bfd     	ldp	x29, x30, [sp, #0x70]
40088da4: 910203ff     	add	sp, sp, #0x80
40088da8: d65f03c0     	ret
40088dac: d503201f     	nop

0000000040088db0 <pipe_write>:
40088db0: d101c3ff     	sub	sp, sp, #0x70
40088db4: a9067bfd     	stp	x29, x30, [sp, #0x60]
40088db8: 910183fd     	add	x29, sp, #0x60
40088dbc: f81f03a0     	stur	x0, [x29, #-0x10]
40088dc0: f81e83a1     	stur	x1, [x29, #-0x18]
40088dc4: b81e43a2     	stur	w2, [x29, #-0x1c]
40088dc8: f81d83a3     	stur	x3, [x29, #-0x28]
40088dcc: f85f03a8     	ldur	x8, [x29, #-0x10]
40088dd0: b50000a8     	cbnz	x8, 0x40088de4 <pipe_write+0x34>
40088dd4: 14000001     	b	0x40088dd8 <pipe_write+0x28>
40088dd8: 12800008     	mov	w8, #-0x1               // =-1
40088ddc: b81fc3a8     	stur	w8, [x29, #-0x4]
40088de0: 14000089     	b	0x40089004 <pipe_write+0x254>
40088de4: f85e83a8     	ldur	x8, [x29, #-0x18]
40088de8: f9001be8     	str	x8, [sp, #0x30]
40088dec: 2a1f03e8     	mov	w8, wzr
40088df0: b9002fe8     	str	w8, [sp, #0x2c]
40088df4: 94000513     	bl	0x4008a240 <current_process>
40088df8: f90013e0     	str	x0, [sp, #0x20]
40088dfc: 14000001     	b	0x40088e00 <pipe_write+0x50>
40088e00: b9402fe8     	ldr	w8, [sp, #0x2c]
40088e04: b85e43a9     	ldur	w9, [x29, #-0x1c]
40088e08: 6b090108     	subs	w8, w8, w9
40088e0c: 54000f6a     	b.ge	0x40088ff8 <pipe_write+0x248>
40088e10: 14000001     	b	0x40088e14 <pipe_write+0x64>
40088e14: f85f03a8     	ldur	x8, [x29, #-0x10]
40088e18: 91083100     	add	x0, x8, #0x20c
40088e1c: 97fff03d     	bl	0x40084f10 <spinlock_acquire_irqsave>
40088e20: f9000fe0     	str	x0, [sp, #0x18]
40088e24: f85f03a8     	ldur	x8, [x29, #-0x10]
40088e28: b9421108     	ldr	w8, [x8, #0x210]
40088e2c: 35000128     	cbnz	w8, 0x40088e50 <pipe_write+0xa0>
40088e30: 14000001     	b	0x40088e34 <pipe_write+0x84>
40088e34: f85f03a8     	ldur	x8, [x29, #-0x10]
40088e38: 91083100     	add	x0, x8, #0x20c
40088e3c: f9400fe1     	ldr	x1, [sp, #0x18]
40088e40: 97fff044     	bl	0x40084f50 <spinlock_release_irqrestore>
40088e44: 12800008     	mov	w8, #-0x1               // =-1
40088e48: b81fc3a8     	stur	w8, [x29, #-0x4]
40088e4c: 1400006e     	b	0x40089004 <pipe_write+0x254>
40088e50: f85f03a8     	ldur	x8, [x29, #-0x10]
40088e54: b9420908     	ldr	w8, [x8, #0x208]
40088e58: 7107fd08     	subs	w8, w8, #0x1ff
40088e5c: 540007e8     	b.hi	0x40088f58 <pipe_write+0x1a8>
40088e60: 14000001     	b	0x40088e64 <pipe_write+0xb4>
40088e64: f9401be8     	ldr	x8, [sp, #0x30]
40088e68: b9802fe9     	ldrsw	x9, [sp, #0x2c]
40088e6c: 38696908     	ldrb	w8, [x8, x9]
40088e70: f85f03a9     	ldur	x9, [x29, #-0x10]
40088e74: b942012a     	ldr	w10, [x9, #0x200]
40088e78: 382a6928     	strb	w8, [x9, x10]
40088e7c: f85f03a9     	ldur	x9, [x29, #-0x10]
40088e80: b9420128     	ldr	w8, [x9, #0x200]
40088e84: 11000508     	add	w8, w8, #0x1
40088e88: 12002108     	and	w8, w8, #0x1ff
40088e8c: b9020128     	str	w8, [x9, #0x200]
40088e90: b9402fe8     	ldr	w8, [sp, #0x2c]
40088e94: 11000508     	add	w8, w8, #0x1
40088e98: b9002fe8     	str	w8, [sp, #0x2c]
40088e9c: f85f03a9     	ldur	x9, [x29, #-0x10]
40088ea0: b9420928     	ldr	w8, [x9, #0x208]
40088ea4: 11000508     	add	w8, w8, #0x1
40088ea8: b9020928     	str	w8, [x9, #0x208]
40088eac: f85f03a8     	ldur	x8, [x29, #-0x10]
40088eb0: b9420908     	ldr	w8, [x8, #0x208]
40088eb4: 71000508     	subs	w8, w8, #0x1
40088eb8: 54000461     	b.ne	0x40088f44 <pipe_write+0x194>
40088ebc: 14000001     	b	0x40088ec0 <pipe_write+0x110>
40088ec0: 2a1f03e8     	mov	w8, wzr
40088ec4: b90017e8     	str	w8, [sp, #0x14]
40088ec8: 14000001     	b	0x40088ecc <pipe_write+0x11c>
40088ecc: b94017e8     	ldr	w8, [sp, #0x14]
40088ed0: 71007d08     	subs	w8, w8, #0x1f
40088ed4: 5400036c     	b.gt	0x40088f40 <pipe_write+0x190>
40088ed8: 14000001     	b	0x40088edc <pipe_write+0x12c>
40088edc: f85f03a8     	ldur	x8, [x29, #-0x10]
40088ee0: b9421908     	ldr	w8, [x8, #0x218]
40088ee4: b94017e9     	ldr	w9, [sp, #0x14]
40088ee8: 2a0903e0     	mov	w0, w9
40088eec: 2a0003e9     	mov	w9, w0
40088ef0: 1ac92508     	lsr	w8, w8, w9
40088ef4: 360001c8     	tbz	w8, #0x0, 0x40088f2c <pipe_write+0x17c>
40088ef8: 14000001     	b	0x40088efc <pipe_write+0x14c>
40088efc: b94017e0     	ldr	w0, [sp, #0x14]
40088f00: 94000934     	bl	0x4008b3d0 <process_wakeup>
40088f04: b94017e8     	ldr	w8, [sp, #0x14]
40088f08: 2a0803e0     	mov	w0, w8
40088f0c: 2a0003e9     	mov	w9, w0
40088f10: 52800028     	mov	w8, #0x1                // =1
40088f14: 1ac9210a     	lsl	w10, w8, w9
40088f18: f85f03a9     	ldur	x9, [x29, #-0x10]
40088f1c: b9421928     	ldr	w8, [x9, #0x218]
40088f20: 0a2a0108     	bic	w8, w8, w10
40088f24: b9021928     	str	w8, [x9, #0x218]
40088f28: 14000001     	b	0x40088f2c <pipe_write+0x17c>
40088f2c: 14000001     	b	0x40088f30 <pipe_write+0x180>
40088f30: b94017e8     	ldr	w8, [sp, #0x14]
40088f34: 11000508     	add	w8, w8, #0x1
40088f38: b90017e8     	str	w8, [sp, #0x14]
40088f3c: 17ffffe4     	b	0x40088ecc <pipe_write+0x11c>
40088f40: 14000001     	b	0x40088f44 <pipe_write+0x194>
40088f44: f85f03a8     	ldur	x8, [x29, #-0x10]
40088f48: 91083100     	add	x0, x8, #0x20c
40088f4c: f9400fe1     	ldr	x1, [sp, #0x18]
40088f50: 97fff000     	bl	0x40084f50 <spinlock_release_irqrestore>
40088f54: 14000028     	b	0x40088ff4 <pipe_write+0x244>
40088f58: f94013e8     	ldr	x8, [sp, #0x20]
40088f5c: b40003e8     	cbz	x8, 0x40088fd8 <pipe_write+0x228>
40088f60: 14000001     	b	0x40088f64 <pipe_write+0x1b4>
40088f64: f94013e8     	ldr	x8, [sp, #0x20]
40088f68: b9400108     	ldr	w8, [x8]
40088f6c: 2a0803e0     	mov	w0, w8
40088f70: 2a0003e9     	mov	w9, w0
40088f74: 52800028     	mov	w8, #0x1                // =1
40088f78: 1ac9210a     	lsl	w10, w8, w9
40088f7c: f85f03a9     	ldur	x9, [x29, #-0x10]
40088f80: b9421d28     	ldr	w8, [x9, #0x21c]
40088f84: 2a0a0108     	orr	w8, w8, w10
40088f88: b9021d28     	str	w8, [x9, #0x21c]
40088f8c: b0000ca0     	adrp	x0, 0x4021d000 <pipes+0x7c24>
40088f90: 912f8000     	add	x0, x0, #0xbe0
40088f94: f90003e0     	str	x0, [sp]
40088f98: 97ffefde     	bl	0x40084f10 <spinlock_acquire_irqsave>
40088f9c: aa0003e8     	mov	x8, x0
40088fa0: f94003e0     	ldr	x0, [sp]
40088fa4: f90007e8     	str	x8, [sp, #0x8]
40088fa8: f94013e9     	ldr	x9, [sp, #0x20]
40088fac: 528000a8     	mov	w8, #0x5                // =5
40088fb0: b9000528     	str	w8, [x9, #0x4]
40088fb4: f94007e1     	ldr	x1, [sp, #0x8]
40088fb8: 97ffefe6     	bl	0x40084f50 <spinlock_release_irqrestore>
40088fbc: f85f03a8     	ldur	x8, [x29, #-0x10]
40088fc0: 91083100     	add	x0, x8, #0x20c
40088fc4: f9400fe1     	ldr	x1, [sp, #0x18]
40088fc8: 97ffefe2     	bl	0x40084f50 <spinlock_release_irqrestore>
40088fcc: 12800028     	mov	w8, #-0x2               // =-2
40088fd0: b81fc3a8     	stur	w8, [x29, #-0x4]
40088fd4: 1400000c     	b	0x40089004 <pipe_write+0x254>
40088fd8: f85f03a8     	ldur	x8, [x29, #-0x10]
40088fdc: 91083100     	add	x0, x8, #0x20c
40088fe0: f9400fe1     	ldr	x1, [sp, #0x18]
40088fe4: 97ffefdb     	bl	0x40084f50 <spinlock_release_irqrestore>
40088fe8: b9402fe8     	ldr	w8, [sp, #0x2c]
40088fec: b81fc3a8     	stur	w8, [x29, #-0x4]
40088ff0: 14000005     	b	0x40089004 <pipe_write+0x254>
40088ff4: 17ffff83     	b	0x40088e00 <pipe_write+0x50>
40088ff8: b9402fe8     	ldr	w8, [sp, #0x2c]
40088ffc: b81fc3a8     	stur	w8, [x29, #-0x4]
40089000: 14000001     	b	0x40089004 <pipe_write+0x254>
40089004: b85fc3a0     	ldur	w0, [x29, #-0x4]
40089008: a9467bfd     	ldp	x29, x30, [sp, #0x60]
4008900c: 9101c3ff     	add	sp, sp, #0x70
40089010: d65f03c0     	ret
40089014: d503201f     	nop
40089018: d503201f     	nop
4008901c: d503201f     	nop

0000000040089020 <pipe_available>:
40089020: d100c3ff     	sub	sp, sp, #0x30
40089024: a9027bfd     	stp	x29, x30, [sp, #0x20]
40089028: 910083fd     	add	x29, sp, #0x20
4008902c: f9000be0     	str	x0, [sp, #0x10]
40089030: f9400be8     	ldr	x8, [sp, #0x10]
40089034: b50000a8     	cbnz	x8, 0x40089048 <pipe_available+0x28>
40089038: 14000001     	b	0x4008903c <pipe_available+0x1c>
4008903c: 12800008     	mov	w8, #-0x1               // =-1
40089040: b81fc3a8     	stur	w8, [x29, #-0x4]
40089044: 14000019     	b	0x400890a8 <pipe_available+0x88>
40089048: f9400be8     	ldr	x8, [sp, #0x10]
4008904c: 91083100     	add	x0, x8, #0x20c
40089050: 97ffefb0     	bl	0x40084f10 <spinlock_acquire_irqsave>
40089054: f90007e0     	str	x0, [sp, #0x8]
40089058: f9400be8     	ldr	x8, [sp, #0x10]
4008905c: b9420908     	ldr	w8, [x8, #0x208]
40089060: b90007e8     	str	w8, [sp, #0x4]
40089064: b94007e8     	ldr	w8, [sp, #0x4]
40089068: 35000128     	cbnz	w8, 0x4008908c <pipe_available+0x6c>
4008906c: 14000001     	b	0x40089070 <pipe_available+0x50>
40089070: f9400be8     	ldr	x8, [sp, #0x10]
40089074: b9421508     	ldr	w8, [x8, #0x214]
40089078: 350000a8     	cbnz	w8, 0x4008908c <pipe_available+0x6c>
4008907c: 14000001     	b	0x40089080 <pipe_available+0x60>
40089080: 12800008     	mov	w8, #-0x1               // =-1
40089084: b90007e8     	str	w8, [sp, #0x4]
40089088: 14000001     	b	0x4008908c <pipe_available+0x6c>
4008908c: f9400be8     	ldr	x8, [sp, #0x10]
40089090: 91083100     	add	x0, x8, #0x20c
40089094: f94007e1     	ldr	x1, [sp, #0x8]
40089098: 97ffefae     	bl	0x40084f50 <spinlock_release_irqrestore>
4008909c: b94007e8     	ldr	w8, [sp, #0x4]
400890a0: b81fc3a8     	stur	w8, [x29, #-0x4]
400890a4: 14000001     	b	0x400890a8 <pipe_available+0x88>
400890a8: b85fc3a0     	ldur	w0, [x29, #-0x4]
400890ac: a9427bfd     	ldp	x29, x30, [sp, #0x20]
400890b0: 9100c3ff     	add	sp, sp, #0x30
400890b4: d65f03c0     	ret
		...

00000000400890c0 <pipe_test_suite>:
400890c0: a9bf7bfd     	stp	x29, x30, [sp, #-0x10]!
400890c4: 910003fd     	mov	x29, sp
400890c8: d503201f     	nop
400890cc: 7004bcc0     	adr	x0, 0x40092867 <UART0_FR+0x1d3f>
400890d0: 97fff094     	bl	0x40085320 <uart_puts>
400890d4: 94000007     	bl	0x400890f0 <test_pipe_alloc>
400890d8: 94000152     	bl	0x40089620 <test_pipe_read_write>
400890dc: 94000249     	bl	0x40089a00 <test_pipe_reopen_and_close>
400890e0: 94000344     	bl	0x40089df0 <test_pipe_available>
400890e4: a8c17bfd     	ldp	x29, x30, [sp], #0x10
400890e8: d65f03c0     	ret
400890ec: d503201f     	nop

00000000400890f0 <test_pipe_alloc>:
400890f0: d103c3ff     	sub	sp, sp, #0xf0
400890f4: a90e7bfd     	stp	x29, x30, [sp, #0xe0]
400890f8: 910383fd     	add	x29, sp, #0xe0
400890fc: b0000040     	adrp	x0, 0x40092000 <UART0_FR+0x14d8>
40089100: 9118fc00     	add	x0, x0, #0x63f
40089104: 97fff087     	bl	0x40085320 <uart_puts>
40089108: b0000cc9     	adrp	x9, 0x40222000 <syscall_tasks+0x7f8>
4008910c: b9400928     	ldr	w8, [x9, #0x8]
40089110: 11000508     	add	w8, w8, #0x1
40089114: b9000928     	str	w8, [x9, #0x8]
40089118: d10103a8     	sub	x8, x29, #0x40
4008911c: f9002fe8     	str	x8, [sp, #0x58]
40089120: 910183e8     	add	x8, sp, #0x60
40089124: f9002be8     	str	x8, [sp, #0x50]
40089128: 910163e0     	add	x0, sp, #0x58
4008912c: 910143e1     	add	x1, sp, #0x50
40089130: 97fffd80     	bl	0x40088730 <pipe_alloc>
40089134: b9004fe0     	str	w0, [sp, #0x4c]
40089138: 14000001     	b	0x4008913c <test_pipe_alloc+0x4c>
4008913c: b9404fe8     	ldr	w8, [sp, #0x4c]
40089140: b9004be8     	str	w8, [sp, #0x48]
40089144: 2a1f03e8     	mov	w8, wzr
40089148: b90047e8     	str	w8, [sp, #0x44]
4008914c: b9404be8     	ldr	w8, [sp, #0x48]
40089150: b94047e9     	ldr	w9, [sp, #0x44]
40089154: 6b090108     	subs	w8, w8, w9
40089158: 54000320     	b.eq	0x400891bc <test_pipe_alloc+0xcc>
4008915c: 14000001     	b	0x40089160 <test_pipe_alloc+0x70>
40089160: 90000040     	adrp	x0, 0x40091000 <UART0_FR+0x4d8>
40089164: 91158800     	add	x0, x0, #0x562
40089168: 97fff06e     	bl	0x40085320 <uart_puts>
4008916c: 52800200     	mov	w0, #0x10               // =16
40089170: 97fff088     	bl	0x40085390 <print_int>
40089174: b0000040     	adrp	x0, 0x40092000 <UART0_FR+0x14d8>
40089178: 91214400     	add	x0, x0, #0x851
4008917c: 97fff069     	bl	0x40085320 <uart_puts>
40089180: b9404be0     	ldr	w0, [sp, #0x48]
40089184: 97fff083     	bl	0x40085390 <print_int>
40089188: b0000040     	adrp	x0, 0x40092000 <UART0_FR+0x14d8>
4008918c: 91217000     	add	x0, x0, #0x85c
40089190: 97fff064     	bl	0x40085320 <uart_puts>
40089194: b94047e0     	ldr	w0, [sp, #0x44]
40089198: 97fff07e     	bl	0x40085390 <print_int>
4008919c: 90000040     	adrp	x0, 0x40091000 <UART0_FR+0x4d8>
400891a0: 913b0800     	add	x0, x0, #0xec2
400891a4: 97fff05f     	bl	0x40085320 <uart_puts>
400891a8: b0000cc9     	adrp	x9, 0x40222000 <syscall_tasks+0x7f8>
400891ac: b9400d28     	ldr	w8, [x9, #0xc]
400891b0: 11000508     	add	w8, w8, #0x1
400891b4: b9000d28     	str	w8, [x9, #0xc]
400891b8: 14000117     	b	0x40089614 <test_pipe_alloc+0x524>
400891bc: 14000001     	b	0x400891c0 <test_pipe_alloc+0xd0>
400891c0: 14000001     	b	0x400891c4 <test_pipe_alloc+0xd4>
400891c4: f9402fe8     	ldr	x8, [sp, #0x58]
400891c8: b9400108     	ldr	w8, [x8]
400891cc: b90043e8     	str	w8, [sp, #0x40]
400891d0: 52800048     	mov	w8, #0x2                // =2
400891d4: b9003fe8     	str	w8, [sp, #0x3c]
400891d8: b94043e8     	ldr	w8, [sp, #0x40]
400891dc: b9403fe9     	ldr	w9, [sp, #0x3c]
400891e0: 6b090108     	subs	w8, w8, w9
400891e4: 54000320     	b.eq	0x40089248 <test_pipe_alloc+0x158>
400891e8: 14000001     	b	0x400891ec <test_pipe_alloc+0xfc>
400891ec: 90000040     	adrp	x0, 0x40091000 <UART0_FR+0x4d8>
400891f0: 912af400     	add	x0, x0, #0xabd
400891f4: 97fff04b     	bl	0x40085320 <uart_puts>
400891f8: 52800220     	mov	w0, #0x11               // =17
400891fc: 97fff065     	bl	0x40085390 <print_int>
40089200: b0000040     	adrp	x0, 0x40092000 <UART0_FR+0x14d8>
40089204: 91214400     	add	x0, x0, #0x851
40089208: 97fff046     	bl	0x40085320 <uart_puts>
4008920c: b94043e0     	ldr	w0, [sp, #0x40]
40089210: 97fff060     	bl	0x40085390 <print_int>
40089214: b0000040     	adrp	x0, 0x40092000 <UART0_FR+0x14d8>
40089218: 91217000     	add	x0, x0, #0x85c
4008921c: 97fff041     	bl	0x40085320 <uart_puts>
40089220: b9403fe0     	ldr	w0, [sp, #0x3c]
40089224: 97fff05b     	bl	0x40085390 <print_int>
40089228: 90000040     	adrp	x0, 0x40091000 <UART0_FR+0x4d8>
4008922c: 913b0800     	add	x0, x0, #0xec2
40089230: 97fff03c     	bl	0x40085320 <uart_puts>
40089234: b0000cc9     	adrp	x9, 0x40222000 <syscall_tasks+0x7f8>
40089238: b9400d28     	ldr	w8, [x9, #0xc]
4008923c: 11000508     	add	w8, w8, #0x1
40089240: b9000d28     	str	w8, [x9, #0xc]
40089244: 140000f4     	b	0x40089614 <test_pipe_alloc+0x524>
40089248: 14000001     	b	0x4008924c <test_pipe_alloc+0x15c>
4008924c: 14000001     	b	0x40089250 <test_pipe_alloc+0x160>
40089250: f9402be8     	ldr	x8, [sp, #0x50]
40089254: b9400108     	ldr	w8, [x8]
40089258: b9003be8     	str	w8, [sp, #0x38]
4008925c: 52800048     	mov	w8, #0x2                // =2
40089260: b90037e8     	str	w8, [sp, #0x34]
40089264: b9403be8     	ldr	w8, [sp, #0x38]
40089268: b94037e9     	ldr	w9, [sp, #0x34]
4008926c: 6b090108     	subs	w8, w8, w9
40089270: 54000320     	b.eq	0x400892d4 <test_pipe_alloc+0x1e4>
40089274: 14000001     	b	0x40089278 <test_pipe_alloc+0x188>
40089278: 90000040     	adrp	x0, 0x40091000 <UART0_FR+0x4d8>
4008927c: 912c1400     	add	x0, x0, #0xb05
40089280: 97fff028     	bl	0x40085320 <uart_puts>
40089284: 52800240     	mov	w0, #0x12               // =18
40089288: 97fff042     	bl	0x40085390 <print_int>
4008928c: b0000040     	adrp	x0, 0x40092000 <UART0_FR+0x14d8>
40089290: 91214400     	add	x0, x0, #0x851
40089294: 97fff023     	bl	0x40085320 <uart_puts>
40089298: b9403be0     	ldr	w0, [sp, #0x38]
4008929c: 97fff03d     	bl	0x40085390 <print_int>
400892a0: b0000040     	adrp	x0, 0x40092000 <UART0_FR+0x14d8>
400892a4: 91217000     	add	x0, x0, #0x85c
400892a8: 97fff01e     	bl	0x40085320 <uart_puts>
400892ac: b94037e0     	ldr	w0, [sp, #0x34]
400892b0: 97fff038     	bl	0x40085390 <print_int>
400892b4: 90000040     	adrp	x0, 0x40091000 <UART0_FR+0x4d8>
400892b8: 913b0800     	add	x0, x0, #0xec2
400892bc: 97fff019     	bl	0x40085320 <uart_puts>
400892c0: b0000cc9     	adrp	x9, 0x40222000 <syscall_tasks+0x7f8>
400892c4: b9400d28     	ldr	w8, [x9, #0xc]
400892c8: 11000508     	add	w8, w8, #0x1
400892cc: b9000d28     	str	w8, [x9, #0xc]
400892d0: 140000d1     	b	0x40089614 <test_pipe_alloc+0x524>
400892d4: 14000001     	b	0x400892d8 <test_pipe_alloc+0x1e8>
400892d8: 14000001     	b	0x400892dc <test_pipe_alloc+0x1ec>
400892dc: f9402fe8     	ldr	x8, [sp, #0x58]
400892e0: b9401908     	ldr	w8, [x8, #0x18]
400892e4: b90033e8     	str	w8, [sp, #0x30]
400892e8: 2a1f03e8     	mov	w8, wzr
400892ec: b9002fe8     	str	w8, [sp, #0x2c]
400892f0: b94033e8     	ldr	w8, [sp, #0x30]
400892f4: b9402fe9     	ldr	w9, [sp, #0x2c]
400892f8: 6b090108     	subs	w8, w8, w9
400892fc: 54000320     	b.eq	0x40089360 <test_pipe_alloc+0x270>
40089300: 14000001     	b	0x40089304 <test_pipe_alloc+0x214>
40089304: f0000020     	adrp	x0, 0x40090000 <virtio_input_init+0x360>
40089308: 91332000     	add	x0, x0, #0xcc8
4008930c: 97fff005     	bl	0x40085320 <uart_puts>
40089310: 52800260     	mov	w0, #0x13               // =19
40089314: 97fff01f     	bl	0x40085390 <print_int>
40089318: b0000040     	adrp	x0, 0x40092000 <UART0_FR+0x14d8>
4008931c: 91214400     	add	x0, x0, #0x851
40089320: 97fff000     	bl	0x40085320 <uart_puts>
40089324: b94033e0     	ldr	w0, [sp, #0x30]
40089328: 97fff01a     	bl	0x40085390 <print_int>
4008932c: b0000040     	adrp	x0, 0x40092000 <UART0_FR+0x14d8>
40089330: 91217000     	add	x0, x0, #0x85c
40089334: 97ffeffb     	bl	0x40085320 <uart_puts>
40089338: b9402fe0     	ldr	w0, [sp, #0x2c]
4008933c: 97fff015     	bl	0x40085390 <print_int>
40089340: 90000040     	adrp	x0, 0x40091000 <UART0_FR+0x4d8>
40089344: 913b0800     	add	x0, x0, #0xec2
40089348: 97ffeff6     	bl	0x40085320 <uart_puts>
4008934c: b0000cc9     	adrp	x9, 0x40222000 <syscall_tasks+0x7f8>
40089350: b9400d28     	ldr	w8, [x9, #0xc]
40089354: 11000508     	add	w8, w8, #0x1
40089358: b9000d28     	str	w8, [x9, #0xc]
4008935c: 140000ae     	b	0x40089614 <test_pipe_alloc+0x524>
40089360: 14000001     	b	0x40089364 <test_pipe_alloc+0x274>
40089364: 14000001     	b	0x40089368 <test_pipe_alloc+0x278>
40089368: f9402be8     	ldr	x8, [sp, #0x50]
4008936c: b9401908     	ldr	w8, [x8, #0x18]
40089370: b9002be8     	str	w8, [sp, #0x28]
40089374: 52800028     	mov	w8, #0x1                // =1
40089378: b90027e8     	str	w8, [sp, #0x24]
4008937c: b9402be8     	ldr	w8, [sp, #0x28]
40089380: b94027e9     	ldr	w9, [sp, #0x24]
40089384: 6b090108     	subs	w8, w8, w9
40089388: 54000320     	b.eq	0x400893ec <test_pipe_alloc+0x2fc>
4008938c: 14000001     	b	0x40089390 <test_pipe_alloc+0x2a0>
40089390: b0000040     	adrp	x0, 0x40092000 <UART0_FR+0x14d8>
40089394: 912bc400     	add	x0, x0, #0xaf1
40089398: 97ffefe2     	bl	0x40085320 <uart_puts>
4008939c: 52800280     	mov	w0, #0x14               // =20
400893a0: 97ffeffc     	bl	0x40085390 <print_int>
400893a4: b0000040     	adrp	x0, 0x40092000 <UART0_FR+0x14d8>
400893a8: 91214400     	add	x0, x0, #0x851
400893ac: 97ffefdd     	bl	0x40085320 <uart_puts>
400893b0: b9402be0     	ldr	w0, [sp, #0x28]
400893b4: 97ffeff7     	bl	0x40085390 <print_int>
400893b8: b0000040     	adrp	x0, 0x40092000 <UART0_FR+0x14d8>
400893bc: 91217000     	add	x0, x0, #0x85c
400893c0: 97ffefd8     	bl	0x40085320 <uart_puts>
400893c4: b94027e0     	ldr	w0, [sp, #0x24]
400893c8: 97ffeff2     	bl	0x40085390 <print_int>
400893cc: 90000040     	adrp	x0, 0x40091000 <UART0_FR+0x4d8>
400893d0: 913b0800     	add	x0, x0, #0xec2
400893d4: 97ffefd3     	bl	0x40085320 <uart_puts>
400893d8: b0000cc9     	adrp	x9, 0x40222000 <syscall_tasks+0x7f8>
400893dc: b9400d28     	ldr	w8, [x9, #0xc]
400893e0: 11000508     	add	w8, w8, #0x1
400893e4: b9000d28     	str	w8, [x9, #0xc]
400893e8: 1400008b     	b	0x40089614 <test_pipe_alloc+0x524>
400893ec: 14000001     	b	0x400893f0 <test_pipe_alloc+0x300>
400893f0: 14000001     	b	0x400893f4 <test_pipe_alloc+0x304>
400893f4: f9402fe8     	ldr	x8, [sp, #0x58]
400893f8: f9400908     	ldr	x8, [x8, #0x10]
400893fc: f9402be9     	ldr	x9, [sp, #0x50]
40089400: f9400929     	ldr	x9, [x9, #0x10]
40089404: eb090108     	subs	x8, x8, x9
40089408: 540001e0     	b.eq	0x40089444 <test_pipe_alloc+0x354>
4008940c: 14000001     	b	0x40089410 <test_pipe_alloc+0x320>
40089410: 90000040     	adrp	x0, 0x40091000 <UART0_FR+0x4d8>
40089414: 911e6000     	add	x0, x0, #0x798
40089418: 97ffefc2     	bl	0x40085320 <uart_puts>
4008941c: 528002a0     	mov	w0, #0x15               // =21
40089420: 97ffefdc     	bl	0x40085390 <print_int>
40089424: 90000040     	adrp	x0, 0x40091000 <UART0_FR+0x4d8>
40089428: 913b0800     	add	x0, x0, #0xec2
4008942c: 97ffefbd     	bl	0x40085320 <uart_puts>
40089430: b0000cc9     	adrp	x9, 0x40222000 <syscall_tasks+0x7f8>
40089434: b9400d28     	ldr	w8, [x9, #0xc]
40089438: 11000508     	add	w8, w8, #0x1
4008943c: b9000d28     	str	w8, [x9, #0xc]
40089440: 14000075     	b	0x40089614 <test_pipe_alloc+0x524>
40089444: 14000001     	b	0x40089448 <test_pipe_alloc+0x358>
40089448: f9402fe8     	ldr	x8, [sp, #0x58]
4008944c: f9400908     	ldr	x8, [x8, #0x10]
40089450: f9000fe8     	str	x8, [sp, #0x18]
40089454: 14000001     	b	0x40089458 <test_pipe_alloc+0x368>
40089458: f9400fe8     	ldr	x8, [sp, #0x18]
4008945c: b9421108     	ldr	w8, [x8, #0x210]
40089460: b90017e8     	str	w8, [sp, #0x14]
40089464: 52800028     	mov	w8, #0x1                // =1
40089468: b90013e8     	str	w8, [sp, #0x10]
4008946c: b94017e8     	ldr	w8, [sp, #0x14]
40089470: b94013e9     	ldr	w9, [sp, #0x10]
40089474: 6b090108     	subs	w8, w8, w9
40089478: 54000320     	b.eq	0x400894dc <test_pipe_alloc+0x3ec>
4008947c: 14000001     	b	0x40089480 <test_pipe_alloc+0x390>
40089480: 90000040     	adrp	x0, 0x40091000 <UART0_FR+0x4d8>
40089484: 913dd400     	add	x0, x0, #0xf75
40089488: 97ffefa6     	bl	0x40085320 <uart_puts>
4008948c: 52800300     	mov	w0, #0x18               // =24
40089490: 97ffefc0     	bl	0x40085390 <print_int>
40089494: b0000040     	adrp	x0, 0x40092000 <UART0_FR+0x14d8>
40089498: 91214400     	add	x0, x0, #0x851
4008949c: 97ffefa1     	bl	0x40085320 <uart_puts>
400894a0: b94017e0     	ldr	w0, [sp, #0x14]
400894a4: 97ffefbb     	bl	0x40085390 <print_int>
400894a8: b0000040     	adrp	x0, 0x40092000 <UART0_FR+0x14d8>
400894ac: 91217000     	add	x0, x0, #0x85c
400894b0: 97ffef9c     	bl	0x40085320 <uart_puts>
400894b4: b94013e0     	ldr	w0, [sp, #0x10]
400894b8: 97ffefb6     	bl	0x40085390 <print_int>
400894bc: 90000040     	adrp	x0, 0x40091000 <UART0_FR+0x4d8>
400894c0: 913b0800     	add	x0, x0, #0xec2
400894c4: 97ffef97     	bl	0x40085320 <uart_puts>
400894c8: b0000cc9     	adrp	x9, 0x40222000 <syscall_tasks+0x7f8>
400894cc: b9400d28     	ldr	w8, [x9, #0xc]
400894d0: 11000508     	add	w8, w8, #0x1
400894d4: b9000d28     	str	w8, [x9, #0xc]
400894d8: 1400004f     	b	0x40089614 <test_pipe_alloc+0x524>
400894dc: 14000001     	b	0x400894e0 <test_pipe_alloc+0x3f0>
400894e0: 14000001     	b	0x400894e4 <test_pipe_alloc+0x3f4>
400894e4: f9400fe8     	ldr	x8, [sp, #0x18]
400894e8: b9421508     	ldr	w8, [x8, #0x214]
400894ec: b9000fe8     	str	w8, [sp, #0xc]
400894f0: 52800028     	mov	w8, #0x1                // =1
400894f4: b9000be8     	str	w8, [sp, #0x8]
400894f8: b9400fe8     	ldr	w8, [sp, #0xc]
400894fc: b9400be9     	ldr	w9, [sp, #0x8]
40089500: 6b090108     	subs	w8, w8, w9
40089504: 54000320     	b.eq	0x40089568 <test_pipe_alloc+0x478>
40089508: 14000001     	b	0x4008950c <test_pipe_alloc+0x41c>
4008950c: b0000040     	adrp	x0, 0x40092000 <UART0_FR+0x14d8>
40089510: 911f6000     	add	x0, x0, #0x7d8
40089514: 97ffef83     	bl	0x40085320 <uart_puts>
40089518: 52800320     	mov	w0, #0x19               // =25
4008951c: 97ffef9d     	bl	0x40085390 <print_int>
40089520: b0000040     	adrp	x0, 0x40092000 <UART0_FR+0x14d8>
40089524: 91214400     	add	x0, x0, #0x851
40089528: 97ffef7e     	bl	0x40085320 <uart_puts>
4008952c: b9400fe0     	ldr	w0, [sp, #0xc]
40089530: 97ffef98     	bl	0x40085390 <print_int>
40089534: b0000040     	adrp	x0, 0x40092000 <UART0_FR+0x14d8>
40089538: 91217000     	add	x0, x0, #0x85c
4008953c: 97ffef79     	bl	0x40085320 <uart_puts>
40089540: b9400be0     	ldr	w0, [sp, #0x8]
40089544: 97ffef93     	bl	0x40085390 <print_int>
40089548: 90000040     	adrp	x0, 0x40091000 <UART0_FR+0x4d8>
4008954c: 913b0800     	add	x0, x0, #0xec2
40089550: 97ffef74     	bl	0x40085320 <uart_puts>
40089554: b0000cc9     	adrp	x9, 0x40222000 <syscall_tasks+0x7f8>
40089558: b9400d28     	ldr	w8, [x9, #0xc]
4008955c: 11000508     	add	w8, w8, #0x1
40089560: b9000d28     	str	w8, [x9, #0xc]
40089564: 1400002c     	b	0x40089614 <test_pipe_alloc+0x524>
40089568: 14000001     	b	0x4008956c <test_pipe_alloc+0x47c>
4008956c: 14000001     	b	0x40089570 <test_pipe_alloc+0x480>
40089570: f9400fe8     	ldr	x8, [sp, #0x18]
40089574: b9420908     	ldr	w8, [x8, #0x208]
40089578: b90007e8     	str	w8, [sp, #0x4]
4008957c: 2a1f03e8     	mov	w8, wzr
40089580: b90003e8     	str	w8, [sp]
40089584: b94007e8     	ldr	w8, [sp, #0x4]
40089588: b94003e9     	ldr	w9, [sp]
4008958c: 6b090108     	subs	w8, w8, w9
40089590: 54000320     	b.eq	0x400895f4 <test_pipe_alloc+0x504>
40089594: 14000001     	b	0x40089598 <test_pipe_alloc+0x4a8>
40089598: b0000040     	adrp	x0, 0x40092000 <UART0_FR+0x14d8>
4008959c: 9129a400     	add	x0, x0, #0xa69
400895a0: 97ffef60     	bl	0x40085320 <uart_puts>
400895a4: 52800340     	mov	w0, #0x1a               // =26
400895a8: 97ffef7a     	bl	0x40085390 <print_int>
400895ac: b0000040     	adrp	x0, 0x40092000 <UART0_FR+0x14d8>
400895b0: 91214400     	add	x0, x0, #0x851
400895b4: 97ffef5b     	bl	0x40085320 <uart_puts>
400895b8: b94007e0     	ldr	w0, [sp, #0x4]
400895bc: 97ffef75     	bl	0x40085390 <print_int>
400895c0: b0000040     	adrp	x0, 0x40092000 <UART0_FR+0x14d8>
400895c4: 91217000     	add	x0, x0, #0x85c
400895c8: 97ffef56     	bl	0x40085320 <uart_puts>
400895cc: b94003e0     	ldr	w0, [sp]
400895d0: 97ffef70     	bl	0x40085390 <print_int>
400895d4: 90000040     	adrp	x0, 0x40091000 <UART0_FR+0x4d8>
400895d8: 913b0800     	add	x0, x0, #0xec2
400895dc: 97ffef51     	bl	0x40085320 <uart_puts>
400895e0: b0000cc9     	adrp	x9, 0x40222000 <syscall_tasks+0x7f8>
400895e4: b9400d28     	ldr	w8, [x9, #0xc]
400895e8: 11000508     	add	w8, w8, #0x1
400895ec: b9000d28     	str	w8, [x9, #0xc]
400895f0: 14000009     	b	0x40089614 <test_pipe_alloc+0x524>
400895f4: 14000001     	b	0x400895f8 <test_pipe_alloc+0x508>
400895f8: f9400fe0     	ldr	x0, [sp, #0x18]
400895fc: 2a1f03e1     	mov	w1, wzr
40089600: 97fffce0     	bl	0x40088980 <pipe_close>
40089604: f9400fe0     	ldr	x0, [sp, #0x18]
40089608: 52800021     	mov	w1, #0x1                // =1
4008960c: 97fffcdd     	bl	0x40088980 <pipe_close>
40089610: 14000001     	b	0x40089614 <test_pipe_alloc+0x524>
40089614: a94e7bfd     	ldp	x29, x30, [sp, #0xe0]
40089618: 9103c3ff     	add	sp, sp, #0xf0
4008961c: d65f03c0     	ret

0000000040089620 <test_pipe_read_write>:
40089620: d10403ff     	sub	sp, sp, #0x100
40089624: a90f7bfd     	stp	x29, x30, [sp, #0xf0]
40089628: 9103c3fd     	add	x29, sp, #0xf0
4008962c: b0000040     	adrp	x0, 0x40092000 <UART0_FR+0x14d8>
40089630: 9115e400     	add	x0, x0, #0x579
40089634: 97ffef3b     	bl	0x40085320 <uart_puts>
40089638: b0000cc9     	adrp	x9, 0x40222000 <syscall_tasks+0x7f8>
4008963c: b9400928     	ldr	w8, [x9, #0x8]
40089640: 11000508     	add	w8, w8, #0x1
40089644: b9000928     	str	w8, [x9, #0x8]
40089648: d10103a8     	sub	x8, x29, #0x40
4008964c: f90037e8     	str	x8, [sp, #0x68]
40089650: 9101c3e8     	add	x8, sp, #0x70
40089654: f90033e8     	str	x8, [sp, #0x60]
40089658: 9101a3e0     	add	x0, sp, #0x68
4008965c: 910183e1     	add	x1, sp, #0x60
40089660: 97fffc34     	bl	0x40088730 <pipe_alloc>
40089664: f94037e8     	ldr	x8, [sp, #0x68]
40089668: f9400908     	ldr	x8, [x8, #0x10]
4008966c: f9002fe8     	str	x8, [sp, #0x58]
40089670: 52800de8     	mov	w8, #0x6f               // =111
40089674: 7900abe8     	strh	w8, [sp, #0x54]
40089678: 528cad08     	mov	w8, #0x6568             // =25960
4008967c: 72ad8d88     	movk	w8, #0x6c6c, lsl #16
40089680: b90053e8     	str	w8, [sp, #0x50]
40089684: f9402fe0     	ldr	x0, [sp, #0x58]
40089688: 910143e1     	add	x1, sp, #0x50
4008968c: 528000a2     	mov	w2, #0x5                // =5
40089690: aa1f03e3     	mov	x3, xzr
40089694: 97fffdc7     	bl	0x40088db0 <pipe_write>
40089698: b9004fe0     	str	w0, [sp, #0x4c]
4008969c: 14000001     	b	0x400896a0 <test_pipe_read_write+0x80>
400896a0: b9404fe8     	ldr	w8, [sp, #0x4c]
400896a4: b9004be8     	str	w8, [sp, #0x48]
400896a8: 528000a8     	mov	w8, #0x5                // =5
400896ac: b90047e8     	str	w8, [sp, #0x44]
400896b0: b9404be8     	ldr	w8, [sp, #0x48]
400896b4: b94047e9     	ldr	w9, [sp, #0x44]
400896b8: 6b090108     	subs	w8, w8, w9
400896bc: 54000320     	b.eq	0x40089720 <test_pipe_read_write+0x100>
400896c0: 14000001     	b	0x400896c4 <test_pipe_read_write+0xa4>
400896c4: 90000040     	adrp	x0, 0x40091000 <UART0_FR+0x4d8>
400896c8: 910cbc00     	add	x0, x0, #0x32f
400896cc: 97ffef15     	bl	0x40085320 <uart_puts>
400896d0: 528005c0     	mov	w0, #0x2e               // =46
400896d4: 97ffef2f     	bl	0x40085390 <print_int>
400896d8: b0000040     	adrp	x0, 0x40092000 <UART0_FR+0x14d8>
400896dc: 91214400     	add	x0, x0, #0x851
400896e0: 97ffef10     	bl	0x40085320 <uart_puts>
400896e4: b9404be0     	ldr	w0, [sp, #0x48]
400896e8: 97ffef2a     	bl	0x40085390 <print_int>
400896ec: b0000040     	adrp	x0, 0x40092000 <UART0_FR+0x14d8>
400896f0: 91217000     	add	x0, x0, #0x85c
400896f4: 97ffef0b     	bl	0x40085320 <uart_puts>
400896f8: b94047e0     	ldr	w0, [sp, #0x44]
400896fc: 97ffef25     	bl	0x40085390 <print_int>
40089700: 90000040     	adrp	x0, 0x40091000 <UART0_FR+0x4d8>
40089704: 913b0800     	add	x0, x0, #0xec2
40089708: 97ffef06     	bl	0x40085320 <uart_puts>
4008970c: b0000cc9     	adrp	x9, 0x40222000 <syscall_tasks+0x7f8>
40089710: b9400d28     	ldr	w8, [x9, #0xc]
40089714: 11000508     	add	w8, w8, #0x1
40089718: b9000d28     	str	w8, [x9, #0xc]
4008971c: 140000b5     	b	0x400899f0 <test_pipe_read_write+0x3d0>
40089720: 14000001     	b	0x40089724 <test_pipe_read_write+0x104>
40089724: 14000001     	b	0x40089728 <test_pipe_read_write+0x108>
40089728: f9402fe8     	ldr	x8, [sp, #0x58]
4008972c: b9420908     	ldr	w8, [x8, #0x208]
40089730: b90043e8     	str	w8, [sp, #0x40]
40089734: 528000a8     	mov	w8, #0x5                // =5
40089738: b9003fe8     	str	w8, [sp, #0x3c]
4008973c: b94043e8     	ldr	w8, [sp, #0x40]
40089740: b9403fe9     	ldr	w9, [sp, #0x3c]
40089744: 6b090108     	subs	w8, w8, w9
40089748: 54000320     	b.eq	0x400897ac <test_pipe_read_write+0x18c>
4008974c: 14000001     	b	0x40089750 <test_pipe_read_write+0x130>
40089750: b0000040     	adrp	x0, 0x40092000 <UART0_FR+0x14d8>
40089754: 91197400     	add	x0, x0, #0x65d
40089758: 97ffeef2     	bl	0x40085320 <uart_puts>
4008975c: 528005e0     	mov	w0, #0x2f               // =47
40089760: 97ffef0c     	bl	0x40085390 <print_int>
40089764: b0000040     	adrp	x0, 0x40092000 <UART0_FR+0x14d8>
40089768: 91214400     	add	x0, x0, #0x851
4008976c: 97ffeeed     	bl	0x40085320 <uart_puts>
40089770: b94043e0     	ldr	w0, [sp, #0x40]
40089774: 97ffef07     	bl	0x40085390 <print_int>
40089778: b0000040     	adrp	x0, 0x40092000 <UART0_FR+0x14d8>
4008977c: 91217000     	add	x0, x0, #0x85c
40089780: 97ffeee8     	bl	0x40085320 <uart_puts>
40089784: b9403fe0     	ldr	w0, [sp, #0x3c]
40089788: 97ffef02     	bl	0x40085390 <print_int>
4008978c: 90000040     	adrp	x0, 0x40091000 <UART0_FR+0x4d8>
40089790: 913b0800     	add	x0, x0, #0xec2
40089794: 97ffeee3     	bl	0x40085320 <uart_puts>
40089798: b0000cc9     	adrp	x9, 0x40222000 <syscall_tasks+0x7f8>
4008979c: b9400d28     	ldr	w8, [x9, #0xc]
400897a0: 11000508     	add	w8, w8, #0x1
400897a4: b9000d28     	str	w8, [x9, #0xc]
400897a8: 14000092     	b	0x400899f0 <test_pipe_read_write+0x3d0>
400897ac: 14000001     	b	0x400897b0 <test_pipe_read_write+0x190>
400897b0: 2a1f03e8     	mov	w8, wzr
400897b4: 790073e8     	strh	w8, [sp, #0x38]
400897b8: aa1f03e3     	mov	x3, xzr
400897bc: f9001be3     	str	x3, [sp, #0x30]
400897c0: f9402fe0     	ldr	x0, [sp, #0x58]
400897c4: 9100c3e1     	add	x1, sp, #0x30
400897c8: 528000a2     	mov	w2, #0x5                // =5
400897cc: 97fffccd     	bl	0x40088b00 <pipe_read>
400897d0: b9002fe0     	str	w0, [sp, #0x2c]
400897d4: 14000001     	b	0x400897d8 <test_pipe_read_write+0x1b8>
400897d8: b9402fe8     	ldr	w8, [sp, #0x2c]
400897dc: b9002be8     	str	w8, [sp, #0x28]
400897e0: 528000a8     	mov	w8, #0x5                // =5
400897e4: b90027e8     	str	w8, [sp, #0x24]
400897e8: b9402be8     	ldr	w8, [sp, #0x28]
400897ec: b94027e9     	ldr	w9, [sp, #0x24]
400897f0: 6b090108     	subs	w8, w8, w9
400897f4: 54000320     	b.eq	0x40089858 <test_pipe_read_write+0x238>
400897f8: 14000001     	b	0x400897fc <test_pipe_read_write+0x1dc>
400897fc: 90000040     	adrp	x0, 0x40091000 <UART0_FR+0x4d8>
40089800: 913edc00     	add	x0, x0, #0xfb7
40089804: 97ffeec7     	bl	0x40085320 <uart_puts>
40089808: 52800660     	mov	w0, #0x33               // =51
4008980c: 97ffeee1     	bl	0x40085390 <print_int>
40089810: b0000040     	adrp	x0, 0x40092000 <UART0_FR+0x14d8>
40089814: 91214400     	add	x0, x0, #0x851
40089818: 97ffeec2     	bl	0x40085320 <uart_puts>
4008981c: b9402be0     	ldr	w0, [sp, #0x28]
40089820: 97ffeedc     	bl	0x40085390 <print_int>
40089824: b0000040     	adrp	x0, 0x40092000 <UART0_FR+0x14d8>
40089828: 91217000     	add	x0, x0, #0x85c
4008982c: 97ffeebd     	bl	0x40085320 <uart_puts>
40089830: b94027e0     	ldr	w0, [sp, #0x24]
40089834: 97ffeed7     	bl	0x40085390 <print_int>
40089838: 90000040     	adrp	x0, 0x40091000 <UART0_FR+0x4d8>
4008983c: 913b0800     	add	x0, x0, #0xec2
40089840: 97ffeeb8     	bl	0x40085320 <uart_puts>
40089844: b0000cc9     	adrp	x9, 0x40222000 <syscall_tasks+0x7f8>
40089848: b9400d28     	ldr	w8, [x9, #0xc]
4008984c: 11000508     	add	w8, w8, #0x1
40089850: b9000d28     	str	w8, [x9, #0xc]
40089854: 14000067     	b	0x400899f0 <test_pipe_read_write+0x3d0>
40089858: 14000001     	b	0x4008985c <test_pipe_read_write+0x23c>
4008985c: 14000001     	b	0x40089860 <test_pipe_read_write+0x240>
40089860: f9402fe8     	ldr	x8, [sp, #0x58]
40089864: b9420908     	ldr	w8, [x8, #0x208]
40089868: b90023e8     	str	w8, [sp, #0x20]
4008986c: 2a1f03e8     	mov	w8, wzr
40089870: b9001fe8     	str	w8, [sp, #0x1c]
40089874: b94023e8     	ldr	w8, [sp, #0x20]
40089878: b9401fe9     	ldr	w9, [sp, #0x1c]
4008987c: 6b090108     	subs	w8, w8, w9
40089880: 54000320     	b.eq	0x400898e4 <test_pipe_read_write+0x2c4>
40089884: 14000001     	b	0x40089888 <test_pipe_read_write+0x268>
40089888: b0000040     	adrp	x0, 0x40092000 <UART0_FR+0x14d8>
4008988c: 9129a400     	add	x0, x0, #0xa69
40089890: 97ffeea4     	bl	0x40085320 <uart_puts>
40089894: 52800680     	mov	w0, #0x34               // =52
40089898: 97ffeebe     	bl	0x40085390 <print_int>
4008989c: b0000040     	adrp	x0, 0x40092000 <UART0_FR+0x14d8>
400898a0: 91214400     	add	x0, x0, #0x851
400898a4: 97ffee9f     	bl	0x40085320 <uart_puts>
400898a8: b94023e0     	ldr	w0, [sp, #0x20]
400898ac: 97ffeeb9     	bl	0x40085390 <print_int>
400898b0: b0000040     	adrp	x0, 0x40092000 <UART0_FR+0x14d8>
400898b4: 91217000     	add	x0, x0, #0x85c
400898b8: 97ffee9a     	bl	0x40085320 <uart_puts>
400898bc: b9401fe0     	ldr	w0, [sp, #0x1c]
400898c0: 97ffeeb4     	bl	0x40085390 <print_int>
400898c4: 90000040     	adrp	x0, 0x40091000 <UART0_FR+0x4d8>
400898c8: 913b0800     	add	x0, x0, #0xec2
400898cc: 97ffee95     	bl	0x40085320 <uart_puts>
400898d0: b0000cc9     	adrp	x9, 0x40222000 <syscall_tasks+0x7f8>
400898d4: b9400d28     	ldr	w8, [x9, #0xc]
400898d8: 11000508     	add	w8, w8, #0x1
400898dc: b9000d28     	str	w8, [x9, #0xc]
400898e0: 14000044     	b	0x400899f0 <test_pipe_read_write+0x3d0>
400898e4: 14000001     	b	0x400898e8 <test_pipe_read_write+0x2c8>
400898e8: 52800028     	mov	w8, #0x1                // =1
400898ec: b9001be8     	str	w8, [sp, #0x18]
400898f0: 2a1f03e8     	mov	w8, wzr
400898f4: b90017e8     	str	w8, [sp, #0x14]
400898f8: 14000001     	b	0x400898fc <test_pipe_read_write+0x2dc>
400898fc: b94017e8     	ldr	w8, [sp, #0x14]
40089900: 71001108     	subs	w8, w8, #0x4
40089904: 5400024c     	b.gt	0x4008994c <test_pipe_read_write+0x32c>
40089908: 14000001     	b	0x4008990c <test_pipe_read_write+0x2ec>
4008990c: b98017ea     	ldrsw	x10, [sp, #0x14]
40089910: 9100c3e8     	add	x8, sp, #0x30
40089914: 386a6908     	ldrb	w8, [x8, x10]
40089918: 910143e9     	add	x9, sp, #0x50
4008991c: 386a6929     	ldrb	w9, [x9, x10]
40089920: 6b090108     	subs	w8, w8, w9
40089924: 540000a0     	b.eq	0x40089938 <test_pipe_read_write+0x318>
40089928: 14000001     	b	0x4008992c <test_pipe_read_write+0x30c>
4008992c: 2a1f03e8     	mov	w8, wzr
40089930: b9001be8     	str	w8, [sp, #0x18]
40089934: 14000001     	b	0x40089938 <test_pipe_read_write+0x318>
40089938: 14000001     	b	0x4008993c <test_pipe_read_write+0x31c>
4008993c: b94017e8     	ldr	w8, [sp, #0x14]
40089940: 11000508     	add	w8, w8, #0x1
40089944: b90017e8     	str	w8, [sp, #0x14]
40089948: 17ffffed     	b	0x400898fc <test_pipe_read_write+0x2dc>
4008994c: 14000001     	b	0x40089950 <test_pipe_read_write+0x330>
40089950: b9401be8     	ldr	w8, [sp, #0x18]
40089954: b90013e8     	str	w8, [sp, #0x10]
40089958: 52800028     	mov	w8, #0x1                // =1
4008995c: b9000fe8     	str	w8, [sp, #0xc]
40089960: b94013e8     	ldr	w8, [sp, #0x10]
40089964: b9400fe9     	ldr	w9, [sp, #0xc]
40089968: 6b090108     	subs	w8, w8, w9
4008996c: 54000320     	b.eq	0x400899d0 <test_pipe_read_write+0x3b0>
40089970: 14000001     	b	0x40089974 <test_pipe_read_write+0x354>
40089974: 90000040     	adrp	x0, 0x40091000 <UART0_FR+0x4d8>
40089978: 913fd000     	add	x0, x0, #0xff4
4008997c: 97ffee69     	bl	0x40085320 <uart_puts>
40089980: 52800740     	mov	w0, #0x3a               // =58
40089984: 97ffee83     	bl	0x40085390 <print_int>
40089988: b0000040     	adrp	x0, 0x40092000 <UART0_FR+0x14d8>
4008998c: 91214400     	add	x0, x0, #0x851
40089990: 97ffee64     	bl	0x40085320 <uart_puts>
40089994: b94013e0     	ldr	w0, [sp, #0x10]
40089998: 97ffee7e     	bl	0x40085390 <print_int>
4008999c: b0000040     	adrp	x0, 0x40092000 <UART0_FR+0x14d8>
400899a0: 91217000     	add	x0, x0, #0x85c
400899a4: 97ffee5f     	bl	0x40085320 <uart_puts>
400899a8: b9400fe0     	ldr	w0, [sp, #0xc]
400899ac: 97ffee79     	bl	0x40085390 <print_int>
400899b0: 90000040     	adrp	x0, 0x40091000 <UART0_FR+0x4d8>
400899b4: 913b0800     	add	x0, x0, #0xec2
400899b8: 97ffee5a     	bl	0x40085320 <uart_puts>
400899bc: b0000cc9     	adrp	x9, 0x40222000 <syscall_tasks+0x7f8>
400899c0: b9400d28     	ldr	w8, [x9, #0xc]
400899c4: 11000508     	add	w8, w8, #0x1
400899c8: b9000d28     	str	w8, [x9, #0xc]
400899cc: 14000009     	b	0x400899f0 <test_pipe_read_write+0x3d0>
400899d0: 14000001     	b	0x400899d4 <test_pipe_read_write+0x3b4>
400899d4: f9402fe0     	ldr	x0, [sp, #0x58]
400899d8: 2a1f03e1     	mov	w1, wzr
400899dc: 97fffbe9     	bl	0x40088980 <pipe_close>
400899e0: f9402fe0     	ldr	x0, [sp, #0x58]
400899e4: 52800021     	mov	w1, #0x1                // =1
400899e8: 97fffbe6     	bl	0x40088980 <pipe_close>
400899ec: 14000001     	b	0x400899f0 <test_pipe_read_write+0x3d0>
400899f0: a94f7bfd     	ldp	x29, x30, [sp, #0xf0]
400899f4: 910403ff     	add	sp, sp, #0x100
400899f8: d65f03c0     	ret
400899fc: d503201f     	nop

0000000040089a00 <test_pipe_reopen_and_close>:
40089a00: d10383ff     	sub	sp, sp, #0xe0
40089a04: a90d7bfd     	stp	x29, x30, [sp, #0xd0]
40089a08: 910343fd     	add	x29, sp, #0xd0
40089a0c: b0000040     	adrp	x0, 0x40092000 <UART0_FR+0x14d8>
40089a10: 911a6000     	add	x0, x0, #0x698
40089a14: 97ffee43     	bl	0x40085320 <uart_puts>
40089a18: b0000cc9     	adrp	x9, 0x40222000 <syscall_tasks+0x7f8>
40089a1c: b9400928     	ldr	w8, [x9, #0x8]
40089a20: 11000508     	add	w8, w8, #0x1
40089a24: b9000928     	str	w8, [x9, #0x8]
40089a28: d10103a8     	sub	x8, x29, #0x40
40089a2c: f90027e8     	str	x8, [sp, #0x48]
40089a30: 910143e8     	add	x8, sp, #0x50
40089a34: f90023e8     	str	x8, [sp, #0x40]
40089a38: 910123e0     	add	x0, sp, #0x48
40089a3c: 910103e1     	add	x1, sp, #0x40
40089a40: 97fffb3c     	bl	0x40088730 <pipe_alloc>
40089a44: f94027e8     	ldr	x8, [sp, #0x48]
40089a48: f9400908     	ldr	x8, [x8, #0x10]
40089a4c: f9001fe8     	str	x8, [sp, #0x38]
40089a50: f9401fe0     	ldr	x0, [sp, #0x38]
40089a54: 2a1f03e1     	mov	w1, wzr
40089a58: 97fffbaa     	bl	0x40088900 <pipe_reopen>
40089a5c: 14000001     	b	0x40089a60 <test_pipe_reopen_and_close+0x60>
40089a60: f9401fe8     	ldr	x8, [sp, #0x38]
40089a64: b9421108     	ldr	w8, [x8, #0x210]
40089a68: b90037e8     	str	w8, [sp, #0x34]
40089a6c: 52800048     	mov	w8, #0x2                // =2
40089a70: b90033e8     	str	w8, [sp, #0x30]
40089a74: b94037e8     	ldr	w8, [sp, #0x34]
40089a78: b94033e9     	ldr	w9, [sp, #0x30]
40089a7c: 6b090108     	subs	w8, w8, w9
40089a80: 54000320     	b.eq	0x40089ae4 <test_pipe_reopen_and_close+0xe4>
40089a84: 14000001     	b	0x40089a88 <test_pipe_reopen_and_close+0x88>
40089a88: b0000040     	adrp	x0, 0x40092000 <UART0_FR+0x14d8>
40089a8c: 9121e400     	add	x0, x0, #0x879
40089a90: 97ffee24     	bl	0x40085320 <uart_puts>
40089a94: 52800980     	mov	w0, #0x4c               // =76
40089a98: 97ffee3e     	bl	0x40085390 <print_int>
40089a9c: b0000040     	adrp	x0, 0x40092000 <UART0_FR+0x14d8>
40089aa0: 91214400     	add	x0, x0, #0x851
40089aa4: 97ffee1f     	bl	0x40085320 <uart_puts>
40089aa8: b94037e0     	ldr	w0, [sp, #0x34]
40089aac: 97ffee39     	bl	0x40085390 <print_int>
40089ab0: b0000040     	adrp	x0, 0x40092000 <UART0_FR+0x14d8>
40089ab4: 91217000     	add	x0, x0, #0x85c
40089ab8: 97ffee1a     	bl	0x40085320 <uart_puts>
40089abc: b94033e0     	ldr	w0, [sp, #0x30]
40089ac0: 97ffee34     	bl	0x40085390 <print_int>
40089ac4: 90000040     	adrp	x0, 0x40091000 <UART0_FR+0x4d8>
40089ac8: 913b0800     	add	x0, x0, #0xec2
40089acc: 97ffee15     	bl	0x40085320 <uart_puts>
40089ad0: b0000cc9     	adrp	x9, 0x40222000 <syscall_tasks+0x7f8>
40089ad4: b9400d28     	ldr	w8, [x9, #0xc]
40089ad8: 11000508     	add	w8, w8, #0x1
40089adc: b9000d28     	str	w8, [x9, #0xc]
40089ae0: 140000c0     	b	0x40089de0 <test_pipe_reopen_and_close+0x3e0>
40089ae4: 14000001     	b	0x40089ae8 <test_pipe_reopen_and_close+0xe8>
40089ae8: f9401fe0     	ldr	x0, [sp, #0x38]
40089aec: 52800021     	mov	w1, #0x1                // =1
40089af0: 97fffb84     	bl	0x40088900 <pipe_reopen>
40089af4: 14000001     	b	0x40089af8 <test_pipe_reopen_and_close+0xf8>
40089af8: f9401fe8     	ldr	x8, [sp, #0x38]
40089afc: b9421508     	ldr	w8, [x8, #0x214]
40089b00: b9002fe8     	str	w8, [sp, #0x2c]
40089b04: 52800048     	mov	w8, #0x2                // =2
40089b08: b9002be8     	str	w8, [sp, #0x28]
40089b0c: b9402fe8     	ldr	w8, [sp, #0x2c]
40089b10: b9402be9     	ldr	w9, [sp, #0x28]
40089b14: 6b090108     	subs	w8, w8, w9
40089b18: 54000320     	b.eq	0x40089b7c <test_pipe_reopen_and_close+0x17c>
40089b1c: 14000001     	b	0x40089b20 <test_pipe_reopen_and_close+0x120>
40089b20: b0000040     	adrp	x0, 0x40092000 <UART0_FR+0x14d8>
40089b24: 91167000     	add	x0, x0, #0x59c
40089b28: 97ffedfe     	bl	0x40085320 <uart_puts>
40089b2c: 528009c0     	mov	w0, #0x4e               // =78
40089b30: 97ffee18     	bl	0x40085390 <print_int>
40089b34: b0000040     	adrp	x0, 0x40092000 <UART0_FR+0x14d8>
40089b38: 91214400     	add	x0, x0, #0x851
40089b3c: 97ffedf9     	bl	0x40085320 <uart_puts>
40089b40: b9402fe0     	ldr	w0, [sp, #0x2c]
40089b44: 97ffee13     	bl	0x40085390 <print_int>
40089b48: b0000040     	adrp	x0, 0x40092000 <UART0_FR+0x14d8>
40089b4c: 91217000     	add	x0, x0, #0x85c
40089b50: 97ffedf4     	bl	0x40085320 <uart_puts>
40089b54: b9402be0     	ldr	w0, [sp, #0x28]
40089b58: 97ffee0e     	bl	0x40085390 <print_int>
40089b5c: 90000040     	adrp	x0, 0x40091000 <UART0_FR+0x4d8>
40089b60: 913b0800     	add	x0, x0, #0xec2
40089b64: 97ffedef     	bl	0x40085320 <uart_puts>
40089b68: b0000cc9     	adrp	x9, 0x40222000 <syscall_tasks+0x7f8>
40089b6c: b9400d28     	ldr	w8, [x9, #0xc]
40089b70: 11000508     	add	w8, w8, #0x1
40089b74: b9000d28     	str	w8, [x9, #0xc]
40089b78: 1400009a     	b	0x40089de0 <test_pipe_reopen_and_close+0x3e0>
40089b7c: 14000001     	b	0x40089b80 <test_pipe_reopen_and_close+0x180>
40089b80: f9401fe0     	ldr	x0, [sp, #0x38]
40089b84: 2a1f03e1     	mov	w1, wzr
40089b88: 97fffb7e     	bl	0x40088980 <pipe_close>
40089b8c: 14000001     	b	0x40089b90 <test_pipe_reopen_and_close+0x190>
40089b90: f9401fe8     	ldr	x8, [sp, #0x38]
40089b94: b9421108     	ldr	w8, [x8, #0x210]
40089b98: b90027e8     	str	w8, [sp, #0x24]
40089b9c: 52800028     	mov	w8, #0x1                // =1
40089ba0: b90023e8     	str	w8, [sp, #0x20]
40089ba4: b94027e8     	ldr	w8, [sp, #0x24]
40089ba8: b94023e9     	ldr	w9, [sp, #0x20]
40089bac: 6b090108     	subs	w8, w8, w9
40089bb0: 54000320     	b.eq	0x40089c14 <test_pipe_reopen_and_close+0x214>
40089bb4: 14000001     	b	0x40089bb8 <test_pipe_reopen_and_close+0x1b8>
40089bb8: 90000040     	adrp	x0, 0x40091000 <UART0_FR+0x4d8>
40089bbc: 913dd400     	add	x0, x0, #0xf75
40089bc0: 97ffedd8     	bl	0x40085320 <uart_puts>
40089bc4: 52800a40     	mov	w0, #0x52               // =82
40089bc8: 97ffedf2     	bl	0x40085390 <print_int>
40089bcc: b0000040     	adrp	x0, 0x40092000 <UART0_FR+0x14d8>
40089bd0: 91214400     	add	x0, x0, #0x851
40089bd4: 97ffedd3     	bl	0x40085320 <uart_puts>
40089bd8: b94027e0     	ldr	w0, [sp, #0x24]
40089bdc: 97ffeded     	bl	0x40085390 <print_int>
40089be0: b0000040     	adrp	x0, 0x40092000 <UART0_FR+0x14d8>
40089be4: 91217000     	add	x0, x0, #0x85c
40089be8: 97ffedce     	bl	0x40085320 <uart_puts>
40089bec: b94023e0     	ldr	w0, [sp, #0x20]
40089bf0: 97ffede8     	bl	0x40085390 <print_int>
40089bf4: 90000040     	adrp	x0, 0x40091000 <UART0_FR+0x4d8>
40089bf8: 913b0800     	add	x0, x0, #0xec2
40089bfc: 97ffedc9     	bl	0x40085320 <uart_puts>
40089c00: b0000cc9     	adrp	x9, 0x40222000 <syscall_tasks+0x7f8>
40089c04: b9400d28     	ldr	w8, [x9, #0xc]
40089c08: 11000508     	add	w8, w8, #0x1
40089c0c: b9000d28     	str	w8, [x9, #0xc]
40089c10: 14000074     	b	0x40089de0 <test_pipe_reopen_and_close+0x3e0>
40089c14: 14000001     	b	0x40089c18 <test_pipe_reopen_and_close+0x218>
40089c18: f9401fe0     	ldr	x0, [sp, #0x38]
40089c1c: 52800021     	mov	w1, #0x1                // =1
40089c20: 97fffb58     	bl	0x40088980 <pipe_close>
40089c24: 14000001     	b	0x40089c28 <test_pipe_reopen_and_close+0x228>
40089c28: f9401fe8     	ldr	x8, [sp, #0x38]
40089c2c: b9421508     	ldr	w8, [x8, #0x214]
40089c30: b9001fe8     	str	w8, [sp, #0x1c]
40089c34: 52800028     	mov	w8, #0x1                // =1
40089c38: b9001be8     	str	w8, [sp, #0x18]
40089c3c: b9401fe8     	ldr	w8, [sp, #0x1c]
40089c40: b9401be9     	ldr	w9, [sp, #0x18]
40089c44: 6b090108     	subs	w8, w8, w9
40089c48: 54000320     	b.eq	0x40089cac <test_pipe_reopen_and_close+0x2ac>
40089c4c: 14000001     	b	0x40089c50 <test_pipe_reopen_and_close+0x250>
40089c50: b0000040     	adrp	x0, 0x40092000 <UART0_FR+0x14d8>
40089c54: 911f6000     	add	x0, x0, #0x7d8
40089c58: 97ffedb2     	bl	0x40085320 <uart_puts>
40089c5c: 52800a80     	mov	w0, #0x54               // =84
40089c60: 97ffedcc     	bl	0x40085390 <print_int>
40089c64: b0000040     	adrp	x0, 0x40092000 <UART0_FR+0x14d8>
40089c68: 91214400     	add	x0, x0, #0x851
40089c6c: 97ffedad     	bl	0x40085320 <uart_puts>
40089c70: b9401fe0     	ldr	w0, [sp, #0x1c]
40089c74: 97ffedc7     	bl	0x40085390 <print_int>
40089c78: b0000040     	adrp	x0, 0x40092000 <UART0_FR+0x14d8>
40089c7c: 91217000     	add	x0, x0, #0x85c
40089c80: 97ffeda8     	bl	0x40085320 <uart_puts>
40089c84: b9401be0     	ldr	w0, [sp, #0x18]
40089c88: 97ffedc2     	bl	0x40085390 <print_int>
40089c8c: 90000040     	adrp	x0, 0x40091000 <UART0_FR+0x4d8>
40089c90: 913b0800     	add	x0, x0, #0xec2
40089c94: 97ffeda3     	bl	0x40085320 <uart_puts>
40089c98: b0000cc9     	adrp	x9, 0x40222000 <syscall_tasks+0x7f8>
40089c9c: b9400d28     	ldr	w8, [x9, #0xc]
40089ca0: 11000508     	add	w8, w8, #0x1
40089ca4: b9000d28     	str	w8, [x9, #0xc]
40089ca8: 1400004e     	b	0x40089de0 <test_pipe_reopen_and_close+0x3e0>
40089cac: 14000001     	b	0x40089cb0 <test_pipe_reopen_and_close+0x2b0>
40089cb0: f9401fe0     	ldr	x0, [sp, #0x38]
40089cb4: 2a1f03e1     	mov	w1, wzr
40089cb8: 97fffb32     	bl	0x40088980 <pipe_close>
40089cbc: 14000001     	b	0x40089cc0 <test_pipe_reopen_and_close+0x2c0>
40089cc0: f9401fe8     	ldr	x8, [sp, #0x38]
40089cc4: b9421108     	ldr	w8, [x8, #0x210]
40089cc8: b90017e8     	str	w8, [sp, #0x14]
40089ccc: 2a1f03e8     	mov	w8, wzr
40089cd0: b90013e8     	str	w8, [sp, #0x10]
40089cd4: b94017e8     	ldr	w8, [sp, #0x14]
40089cd8: b94013e9     	ldr	w9, [sp, #0x10]
40089cdc: 6b090108     	subs	w8, w8, w9
40089ce0: 54000320     	b.eq	0x40089d44 <test_pipe_reopen_and_close+0x344>
40089ce4: 14000001     	b	0x40089ce8 <test_pipe_reopen_and_close+0x2e8>
40089ce8: 90000040     	adrp	x0, 0x40091000 <UART0_FR+0x4d8>
40089cec: 9110f000     	add	x0, x0, #0x43c
40089cf0: 97ffed8c     	bl	0x40085320 <uart_puts>
40089cf4: 52800b00     	mov	w0, #0x58               // =88
40089cf8: 97ffeda6     	bl	0x40085390 <print_int>
40089cfc: b0000040     	adrp	x0, 0x40092000 <UART0_FR+0x14d8>
40089d00: 91214400     	add	x0, x0, #0x851
40089d04: 97ffed87     	bl	0x40085320 <uart_puts>
40089d08: b94017e0     	ldr	w0, [sp, #0x14]
40089d0c: 97ffeda1     	bl	0x40085390 <print_int>
40089d10: b0000040     	adrp	x0, 0x40092000 <UART0_FR+0x14d8>
40089d14: 91217000     	add	x0, x0, #0x85c
40089d18: 97ffed82     	bl	0x40085320 <uart_puts>
40089d1c: b94013e0     	ldr	w0, [sp, #0x10]
40089d20: 97ffed9c     	bl	0x40085390 <print_int>
40089d24: 90000040     	adrp	x0, 0x40091000 <UART0_FR+0x4d8>
40089d28: 913b0800     	add	x0, x0, #0xec2
40089d2c: 97ffed7d     	bl	0x40085320 <uart_puts>
40089d30: b0000cc9     	adrp	x9, 0x40222000 <syscall_tasks+0x7f8>
40089d34: b9400d28     	ldr	w8, [x9, #0xc]
40089d38: 11000508     	add	w8, w8, #0x1
40089d3c: b9000d28     	str	w8, [x9, #0xc]
40089d40: 14000028     	b	0x40089de0 <test_pipe_reopen_and_close+0x3e0>
40089d44: 14000001     	b	0x40089d48 <test_pipe_reopen_and_close+0x348>
40089d48: f9401fe0     	ldr	x0, [sp, #0x38]
40089d4c: 52800021     	mov	w1, #0x1                // =1
40089d50: 97fffb0c     	bl	0x40088980 <pipe_close>
40089d54: 14000001     	b	0x40089d58 <test_pipe_reopen_and_close+0x358>
40089d58: f9401fe8     	ldr	x8, [sp, #0x38]
40089d5c: b9421508     	ldr	w8, [x8, #0x214]
40089d60: b9000fe8     	str	w8, [sp, #0xc]
40089d64: 2a1f03e8     	mov	w8, wzr
40089d68: b9000be8     	str	w8, [sp, #0x8]
40089d6c: b9400fe8     	ldr	w8, [sp, #0xc]
40089d70: b9400be9     	ldr	w9, [sp, #0x8]
40089d74: 6b090108     	subs	w8, w8, w9
40089d78: 54000320     	b.eq	0x40089ddc <test_pipe_reopen_and_close+0x3dc>
40089d7c: 14000001     	b	0x40089d80 <test_pipe_reopen_and_close+0x380>
40089d80: b0000040     	adrp	x0, 0x40092000 <UART0_FR+0x14d8>
40089d84: 910c2400     	add	x0, x0, #0x309
40089d88: 97ffed66     	bl	0x40085320 <uart_puts>
40089d8c: 52800b40     	mov	w0, #0x5a               // =90
40089d90: 97ffed80     	bl	0x40085390 <print_int>
40089d94: b0000040     	adrp	x0, 0x40092000 <UART0_FR+0x14d8>
40089d98: 91214400     	add	x0, x0, #0x851
40089d9c: 97ffed61     	bl	0x40085320 <uart_puts>
40089da0: b9400fe0     	ldr	w0, [sp, #0xc]
40089da4: 97ffed7b     	bl	0x40085390 <print_int>
40089da8: b0000040     	adrp	x0, 0x40092000 <UART0_FR+0x14d8>
40089dac: 91217000     	add	x0, x0, #0x85c
40089db0: 97ffed5c     	bl	0x40085320 <uart_puts>
40089db4: b9400be0     	ldr	w0, [sp, #0x8]
40089db8: 97ffed76     	bl	0x40085390 <print_int>
40089dbc: 90000040     	adrp	x0, 0x40091000 <UART0_FR+0x4d8>
40089dc0: 913b0800     	add	x0, x0, #0xec2
40089dc4: 97ffed57     	bl	0x40085320 <uart_puts>
40089dc8: b0000cc9     	adrp	x9, 0x40222000 <syscall_tasks+0x7f8>
40089dcc: b9400d28     	ldr	w8, [x9, #0xc]
40089dd0: 11000508     	add	w8, w8, #0x1
40089dd4: b9000d28     	str	w8, [x9, #0xc]
40089dd8: 14000002     	b	0x40089de0 <test_pipe_reopen_and_close+0x3e0>
40089ddc: 14000001     	b	0x40089de0 <test_pipe_reopen_and_close+0x3e0>
40089de0: a94d7bfd     	ldp	x29, x30, [sp, #0xd0]
40089de4: 910383ff     	add	sp, sp, #0xe0
40089de8: d65f03c0     	ret
40089dec: d503201f     	nop

0000000040089df0 <test_pipe_available>:
40089df0: d10383ff     	sub	sp, sp, #0xe0
40089df4: a90d7bfd     	stp	x29, x30, [sp, #0xd0]
40089df8: 910343fd     	add	x29, sp, #0xd0
40089dfc: 90000040     	adrp	x0, 0x40091000 <UART0_FR+0x4d8>
40089e00: 91284800     	add	x0, x0, #0xa12
40089e04: 97ffed47     	bl	0x40085320 <uart_puts>
40089e08: b0000cc9     	adrp	x9, 0x40222000 <syscall_tasks+0x7f8>
40089e0c: b9400928     	ldr	w8, [x9, #0x8]
40089e10: 11000508     	add	w8, w8, #0x1
40089e14: b9000928     	str	w8, [x9, #0x8]
40089e18: d10103a8     	sub	x8, x29, #0x40
40089e1c: f90027e8     	str	x8, [sp, #0x48]
40089e20: 910143e8     	add	x8, sp, #0x50
40089e24: f90023e8     	str	x8, [sp, #0x40]
40089e28: 910123e0     	add	x0, sp, #0x48
40089e2c: 910103e1     	add	x1, sp, #0x40
40089e30: 97fffa40     	bl	0x40088730 <pipe_alloc>
40089e34: f94027e8     	ldr	x8, [sp, #0x48]
40089e38: f9400908     	ldr	x8, [x8, #0x10]
40089e3c: f9001fe8     	str	x8, [sp, #0x38]
40089e40: 14000001     	b	0x40089e44 <test_pipe_available+0x54>
40089e44: f9401fe0     	ldr	x0, [sp, #0x38]
40089e48: 97fffc76     	bl	0x40089020 <pipe_available>
40089e4c: b90037e0     	str	w0, [sp, #0x34]
40089e50: 2a1f03e8     	mov	w8, wzr
40089e54: b90033e8     	str	w8, [sp, #0x30]
40089e58: b94037e8     	ldr	w8, [sp, #0x34]
40089e5c: b94033e9     	ldr	w9, [sp, #0x30]
40089e60: 6b090108     	subs	w8, w8, w9
40089e64: 54000320     	b.eq	0x40089ec8 <test_pipe_available+0xd8>
40089e68: 14000001     	b	0x40089e6c <test_pipe_available+0x7c>
40089e6c: f0000020     	adrp	x0, 0x40090000 <virtio_input_init+0x360>
40089e70: 9137a400     	add	x0, x0, #0xde9
40089e74: 97ffed2b     	bl	0x40085320 <uart_puts>
40089e78: 52800ce0     	mov	w0, #0x67               // =103
40089e7c: 97ffed45     	bl	0x40085390 <print_int>
40089e80: b0000040     	adrp	x0, 0x40092000 <UART0_FR+0x14d8>
40089e84: 91214400     	add	x0, x0, #0x851
40089e88: 97ffed26     	bl	0x40085320 <uart_puts>
40089e8c: b94037e0     	ldr	w0, [sp, #0x34]
40089e90: 97ffed40     	bl	0x40085390 <print_int>
40089e94: b0000040     	adrp	x0, 0x40092000 <UART0_FR+0x14d8>
40089e98: 91217000     	add	x0, x0, #0x85c
40089e9c: 97ffed21     	bl	0x40085320 <uart_puts>
40089ea0: b94033e0     	ldr	w0, [sp, #0x30]
40089ea4: 97ffed3b     	bl	0x40085390 <print_int>
40089ea8: 90000040     	adrp	x0, 0x40091000 <UART0_FR+0x4d8>
40089eac: 913b0800     	add	x0, x0, #0xec2
40089eb0: 97ffed1c     	bl	0x40085320 <uart_puts>
40089eb4: b0000cc9     	adrp	x9, 0x40222000 <syscall_tasks+0x7f8>
40089eb8: b9400d28     	ldr	w8, [x9, #0xc]
40089ebc: 11000508     	add	w8, w8, #0x1
40089ec0: b9000d28     	str	w8, [x9, #0xc]
40089ec4: 1400007f     	b	0x4008a0c0 <test_pipe_available+0x2d0>
40089ec8: 14000001     	b	0x40089ecc <test_pipe_available+0xdc>
40089ecc: 528c4c28     	mov	w8, #0x6261             // =25185
40089ed0: 72a00c68     	movk	w8, #0x63, lsl #16
40089ed4: b9002fe8     	str	w8, [sp, #0x2c]
40089ed8: f9401fe0     	ldr	x0, [sp, #0x38]
40089edc: 9100b3e1     	add	x1, sp, #0x2c
40089ee0: 52800062     	mov	w2, #0x3                // =3
40089ee4: aa1f03e3     	mov	x3, xzr
40089ee8: 97fffbb2     	bl	0x40088db0 <pipe_write>
40089eec: 14000001     	b	0x40089ef0 <test_pipe_available+0x100>
40089ef0: f9401fe0     	ldr	x0, [sp, #0x38]
40089ef4: 97fffc4b     	bl	0x40089020 <pipe_available>
40089ef8: b9002be0     	str	w0, [sp, #0x28]
40089efc: 52800068     	mov	w8, #0x3                // =3
40089f00: b90027e8     	str	w8, [sp, #0x24]
40089f04: b9402be8     	ldr	w8, [sp, #0x28]
40089f08: b94027e9     	ldr	w9, [sp, #0x24]
40089f0c: 6b090108     	subs	w8, w8, w9
40089f10: 54000320     	b.eq	0x40089f74 <test_pipe_available+0x184>
40089f14: 14000001     	b	0x40089f18 <test_pipe_available+0x128>
40089f18: b0000040     	adrp	x0, 0x40092000 <UART0_FR+0x14d8>
40089f1c: 9100b000     	add	x0, x0, #0x2c
40089f20: 97ffed00     	bl	0x40085320 <uart_puts>
40089f24: 52800d80     	mov	w0, #0x6c               // =108
40089f28: 97ffed1a     	bl	0x40085390 <print_int>
40089f2c: b0000040     	adrp	x0, 0x40092000 <UART0_FR+0x14d8>
40089f30: 91214400     	add	x0, x0, #0x851
40089f34: 97ffecfb     	bl	0x40085320 <uart_puts>
40089f38: b9402be0     	ldr	w0, [sp, #0x28]
40089f3c: 97ffed15     	bl	0x40085390 <print_int>
40089f40: b0000040     	adrp	x0, 0x40092000 <UART0_FR+0x14d8>
40089f44: 91217000     	add	x0, x0, #0x85c
40089f48: 97ffecf6     	bl	0x40085320 <uart_puts>
40089f4c: b94027e0     	ldr	w0, [sp, #0x24]
40089f50: 97ffed10     	bl	0x40085390 <print_int>
40089f54: 90000040     	adrp	x0, 0x40091000 <UART0_FR+0x4d8>
40089f58: 913b0800     	add	x0, x0, #0xec2
40089f5c: 97ffecf1     	bl	0x40085320 <uart_puts>
40089f60: b0000cc9     	adrp	x9, 0x40222000 <syscall_tasks+0x7f8>
40089f64: b9400d28     	ldr	w8, [x9, #0xc]
40089f68: 11000508     	add	w8, w8, #0x1
40089f6c: b9000d28     	str	w8, [x9, #0xc]
40089f70: 14000054     	b	0x4008a0c0 <test_pipe_available+0x2d0>
40089f74: 14000001     	b	0x40089f78 <test_pipe_available+0x188>
40089f78: f9401fe0     	ldr	x0, [sp, #0x38]
40089f7c: 52800021     	mov	w1, #0x1                // =1
40089f80: 97fffa80     	bl	0x40088980 <pipe_close>
40089f84: 14000001     	b	0x40089f88 <test_pipe_available+0x198>
40089f88: f9401fe0     	ldr	x0, [sp, #0x38]
40089f8c: 97fffc25     	bl	0x40089020 <pipe_available>
40089f90: b90023e0     	str	w0, [sp, #0x20]
40089f94: 52800068     	mov	w8, #0x3                // =3
40089f98: b9001fe8     	str	w8, [sp, #0x1c]
40089f9c: b94023e8     	ldr	w8, [sp, #0x20]
40089fa0: b9401fe9     	ldr	w9, [sp, #0x1c]
40089fa4: 6b090108     	subs	w8, w8, w9
40089fa8: 54000320     	b.eq	0x4008a00c <test_pipe_available+0x21c>
40089fac: 14000001     	b	0x40089fb0 <test_pipe_available+0x1c0>
40089fb0: b0000040     	adrp	x0, 0x40092000 <UART0_FR+0x14d8>
40089fb4: 9100b000     	add	x0, x0, #0x2c
40089fb8: 97ffecda     	bl	0x40085320 <uart_puts>
40089fbc: 52800e00     	mov	w0, #0x70               // =112
40089fc0: 97ffecf4     	bl	0x40085390 <print_int>
40089fc4: b0000040     	adrp	x0, 0x40092000 <UART0_FR+0x14d8>
40089fc8: 91214400     	add	x0, x0, #0x851
40089fcc: 97ffecd5     	bl	0x40085320 <uart_puts>
40089fd0: b94023e0     	ldr	w0, [sp, #0x20]
40089fd4: 97ffecef     	bl	0x40085390 <print_int>
40089fd8: b0000040     	adrp	x0, 0x40092000 <UART0_FR+0x14d8>
40089fdc: 91217000     	add	x0, x0, #0x85c
40089fe0: 97ffecd0     	bl	0x40085320 <uart_puts>
40089fe4: b9401fe0     	ldr	w0, [sp, #0x1c]
40089fe8: 97ffecea     	bl	0x40085390 <print_int>
40089fec: 90000040     	adrp	x0, 0x40091000 <UART0_FR+0x4d8>
40089ff0: 913b0800     	add	x0, x0, #0xec2
40089ff4: 97ffeccb     	bl	0x40085320 <uart_puts>
40089ff8: b0000cc9     	adrp	x9, 0x40222000 <syscall_tasks+0x7f8>
40089ffc: b9400d28     	ldr	w8, [x9, #0xc]
4008a000: 11000508     	add	w8, w8, #0x1
4008a004: b9000d28     	str	w8, [x9, #0xc]
4008a008: 1400002e     	b	0x4008a0c0 <test_pipe_available+0x2d0>
4008a00c: 14000001     	b	0x4008a010 <test_pipe_available+0x220>
4008a010: f9401fe0     	ldr	x0, [sp, #0x38]
4008a014: 91004be1     	add	x1, sp, #0x12
4008a018: 52800062     	mov	w2, #0x3                // =3
4008a01c: aa1f03e3     	mov	x3, xzr
4008a020: 97fffab8     	bl	0x40088b00 <pipe_read>
4008a024: 14000001     	b	0x4008a028 <test_pipe_available+0x238>
4008a028: f9401fe0     	ldr	x0, [sp, #0x38]
4008a02c: 97fffbfd     	bl	0x40089020 <pipe_available>
4008a030: b9000fe0     	str	w0, [sp, #0xc]
4008a034: 12800008     	mov	w8, #-0x1               // =-1
4008a038: b9000be8     	str	w8, [sp, #0x8]
4008a03c: b9400fe8     	ldr	w8, [sp, #0xc]
4008a040: b9400be9     	ldr	w9, [sp, #0x8]
4008a044: 6b090108     	subs	w8, w8, w9
4008a048: 54000320     	b.eq	0x4008a0ac <test_pipe_available+0x2bc>
4008a04c: 14000001     	b	0x4008a050 <test_pipe_available+0x260>
4008a050: 90000040     	adrp	x0, 0x40092000 <UART0_FR+0x14d8>
4008a054: 911b0400     	add	x0, x0, #0x6c1
4008a058: 97ffecb2     	bl	0x40085320 <uart_puts>
4008a05c: 52800ee0     	mov	w0, #0x77               // =119
4008a060: 97ffeccc     	bl	0x40085390 <print_int>
4008a064: 90000040     	adrp	x0, 0x40092000 <UART0_FR+0x14d8>
4008a068: 91214400     	add	x0, x0, #0x851
4008a06c: 97ffecad     	bl	0x40085320 <uart_puts>
4008a070: b9400fe0     	ldr	w0, [sp, #0xc]
4008a074: 97ffecc7     	bl	0x40085390 <print_int>
4008a078: 90000040     	adrp	x0, 0x40092000 <UART0_FR+0x14d8>
4008a07c: 91217000     	add	x0, x0, #0x85c
4008a080: 97ffeca8     	bl	0x40085320 <uart_puts>
4008a084: b9400be0     	ldr	w0, [sp, #0x8]
4008a088: 97ffecc2     	bl	0x40085390 <print_int>
4008a08c: f0000020     	adrp	x0, 0x40091000 <UART0_FR+0x4d8>
4008a090: 913b0800     	add	x0, x0, #0xec2
4008a094: 97ffeca3     	bl	0x40085320 <uart_puts>
4008a098: 90000cc9     	adrp	x9, 0x40222000 <syscall_tasks+0x7f8>
4008a09c: b9400d28     	ldr	w8, [x9, #0xc]
4008a0a0: 11000508     	add	w8, w8, #0x1
4008a0a4: b9000d28     	str	w8, [x9, #0xc]
4008a0a8: 14000006     	b	0x4008a0c0 <test_pipe_available+0x2d0>
4008a0ac: 14000001     	b	0x4008a0b0 <test_pipe_available+0x2c0>
4008a0b0: f9401fe0     	ldr	x0, [sp, #0x38]
4008a0b4: 2a1f03e1     	mov	w1, wzr
4008a0b8: 97fffa32     	bl	0x40088980 <pipe_close>
4008a0bc: 14000001     	b	0x4008a0c0 <test_pipe_available+0x2d0>
4008a0c0: a94d7bfd     	ldp	x29, x30, [sp, #0xd0]
4008a0c4: 910383ff     	add	sp, sp, #0xe0
4008a0c8: d65f03c0     	ret
4008a0cc: 00000000     	udf	#0x0

000000004008a0d0 <process_init>:
4008a0d0: d10083ff     	sub	sp, sp, #0x20
4008a0d4: a9017bfd     	stp	x29, x30, [sp, #0x10]
4008a0d8: 910043fd     	add	x29, sp, #0x10
4008a0dc: f0000c80     	adrp	x0, 0x4021d000 <pipes+0x7c24>
4008a0e0: 912f8000     	add	x0, x0, #0xbe0
4008a0e4: 97ffeb6f     	bl	0x40084ea0 <spinlock_init>
4008a0e8: f0000c80     	adrp	x0, 0x4021d000 <pipes+0x7c24>
4008a0ec: 912f9000     	add	x0, x0, #0xbe4
4008a0f0: 97ffeb6c     	bl	0x40084ea0 <spinlock_init>
4008a0f4: 2a1f03e8     	mov	w8, wzr
4008a0f8: b81fc3a8     	stur	w8, [x29, #-0x4]
4008a0fc: 14000001     	b	0x4008a100 <process_init+0x30>
4008a100: b85fc3a8     	ldur	w8, [x29, #-0x4]
4008a104: 71007d08     	subs	w8, w8, #0x1f
4008a108: 540006ec     	b.gt	0x4008a1e4 <process_init+0x114>
4008a10c: 14000001     	b	0x4008a110 <process_init+0x40>
4008a110: b89fc3a8     	ldursw	x8, [x29, #-0x4]
4008a114: 52803b09     	mov	w9, #0x1d8              // =472
4008a118: 2a0903e0     	mov	w0, w9
4008a11c: 2a0003ea     	mov	w10, w0
4008a120: 9b2a7d09     	smull	x9, w8, w10
4008a124: f0000c8b     	adrp	x11, 0x4021d000 <pipes+0x7c24>
4008a128: 912fa16b     	add	x11, x11, #0xbe8
4008a12c: b8296968     	str	w8, [x11, x9]
4008a130: b89fc3a8     	ldursw	x8, [x29, #-0x4]
4008a134: 9b2a2d09     	smaddl	x9, w8, w10, x11
4008a138: 2a1f03e8     	mov	w8, wzr
4008a13c: b9000528     	str	w8, [x9, #0x4]
4008a140: b89fc3a9     	ldursw	x9, [x29, #-0x4]
4008a144: 9b2a2d2c     	smaddl	x12, w9, w10, x11
4008a148: 12800009     	mov	w9, #-0x1               // =-1
4008a14c: b9000989     	str	w9, [x12, #0x8]
4008a150: b89fc3a9     	ldursw	x9, [x29, #-0x4]
4008a154: 9b2a2d2c     	smaddl	x12, w9, w10, x11
4008a158: aa1f03e9     	mov	x9, xzr
4008a15c: f900a189     	str	x9, [x12, #0x140]
4008a160: b89fc3ac     	ldursw	x12, [x29, #-0x4]
4008a164: 9b2a2d8c     	smaddl	x12, w12, w10, x11
4008a168: f900a589     	str	x9, [x12, #0x148]
4008a16c: b89fc3a9     	ldursw	x9, [x29, #-0x4]
4008a170: 9b2a2d29     	smaddl	x9, w9, w10, x11
4008a174: b901d128     	str	w8, [x9, #0x1d0]
4008a178: b9000be8     	str	w8, [sp, #0x8]
4008a17c: 14000001     	b	0x4008a180 <process_init+0xb0>
4008a180: b9400be8     	ldr	w8, [sp, #0x8]
4008a184: 71007d08     	subs	w8, w8, #0x1f
4008a188: 5400024c     	b.gt	0x4008a1d0 <process_init+0x100>
4008a18c: 14000001     	b	0x4008a190 <process_init+0xc0>
4008a190: b89fc3a8     	ldursw	x8, [x29, #-0x4]
4008a194: 52803b09     	mov	w9, #0x1d8              // =472
4008a198: 2a0903e0     	mov	w0, w9
4008a19c: 2a0003e9     	mov	w9, w0
4008a1a0: f0000c8a     	adrp	x10, 0x4021d000 <pipes+0x7c24>
4008a1a4: 912fa14a     	add	x10, x10, #0xbe8
4008a1a8: 9b292908     	smaddl	x8, w8, w9, x10
4008a1ac: b9800be9     	ldrsw	x9, [sp, #0x8]
4008a1b0: 8b090909     	add	x9, x8, x9, lsl #2
4008a1b4: 12800008     	mov	w8, #-0x1               // =-1
4008a1b8: b9015128     	str	w8, [x9, #0x150]
4008a1bc: 14000001     	b	0x4008a1c0 <process_init+0xf0>
4008a1c0: b9400be8     	ldr	w8, [sp, #0x8]
4008a1c4: 11000508     	add	w8, w8, #0x1
4008a1c8: b9000be8     	str	w8, [sp, #0x8]
4008a1cc: 17ffffed     	b	0x4008a180 <process_init+0xb0>
4008a1d0: 14000001     	b	0x4008a1d4 <process_init+0x104>
4008a1d4: b85fc3a8     	ldur	w8, [x29, #-0x4]
4008a1d8: 11000508     	add	w8, w8, #0x1
4008a1dc: b81fc3a8     	stur	w8, [x29, #-0x4]
4008a1e0: 17ffffc8     	b	0x4008a100 <process_init+0x30>
4008a1e4: 2a1f03e8     	mov	w8, wzr
4008a1e8: b90007e8     	str	w8, [sp, #0x4]
4008a1ec: 14000001     	b	0x4008a1f0 <process_init+0x120>
4008a1f0: b94007e8     	ldr	w8, [sp, #0x4]
4008a1f4: 71000d08     	subs	w8, w8, #0x3
4008a1f8: 5400018c     	b.gt	0x4008a228 <process_init+0x158>
4008a1fc: 14000001     	b	0x4008a200 <process_init+0x130>
4008a200: b98007ea     	ldrsw	x10, [sp, #0x4]
4008a204: f0000ca9     	adrp	x9, 0x40221000 <proc_table+0x3418>
4008a208: 911ba129     	add	x9, x9, #0x6e8
4008a20c: 12800008     	mov	w8, #-0x1               // =-1
4008a210: b82a7928     	str	w8, [x9, x10, lsl #2]
4008a214: 14000001     	b	0x4008a218 <process_init+0x148>
4008a218: b94007e8     	ldr	w8, [sp, #0x4]
4008a21c: 11000508     	add	w8, w8, #0x1
4008a220: b90007e8     	str	w8, [sp, #0x4]
4008a224: 17fffff3     	b	0x4008a1f0 <process_init+0x120>
4008a228: a9417bfd     	ldp	x29, x30, [sp, #0x10]
4008a22c: 910083ff     	add	sp, sp, #0x20
4008a230: d65f03c0     	ret
4008a234: d503201f     	nop
4008a238: d503201f     	nop
4008a23c: d503201f     	nop

000000004008a240 <current_process>:
4008a240: d10083ff     	sub	sp, sp, #0x20
4008a244: a9017bfd     	stp	x29, x30, [sp, #0x10]
4008a248: 910043fd     	add	x29, sp, #0x10
4008a24c: 9400090d     	bl	0x4008c680 <get_cpuid>
4008a250: b90007e0     	str	w0, [sp, #0x4]
4008a254: b94007e8     	ldr	w8, [sp, #0x4]
4008a258: 71001108     	subs	w8, w8, #0x4
4008a25c: 540000a3     	b.lo	0x4008a270 <current_process+0x30>
4008a260: 14000001     	b	0x4008a264 <current_process+0x24>
4008a264: aa1f03e8     	mov	x8, xzr
4008a268: f90007e8     	str	x8, [sp, #0x8]
4008a26c: 1400001a     	b	0x4008a2d4 <current_process+0x94>
4008a270: b94007e8     	ldr	w8, [sp, #0x4]
4008a274: 2a0803e9     	mov	w9, w8
4008a278: f0000ca8     	adrp	x8, 0x40221000 <proc_table+0x3418>
4008a27c: 911ba108     	add	x8, x8, #0x6e8
4008a280: b8697908     	ldr	w8, [x8, x9, lsl #2]
4008a284: b90003e8     	str	w8, [sp]
4008a288: b94003e8     	ldr	w8, [sp]
4008a28c: 37f801e8     	tbnz	w8, #0x1f, 0x4008a2c8 <current_process+0x88>
4008a290: 14000001     	b	0x4008a294 <current_process+0x54>
4008a294: b94003e8     	ldr	w8, [sp]
4008a298: 71007d08     	subs	w8, w8, #0x1f
4008a29c: 5400016c     	b.gt	0x4008a2c8 <current_process+0x88>
4008a2a0: 14000001     	b	0x4008a2a4 <current_process+0x64>
4008a2a4: b98003e8     	ldrsw	x8, [sp]
4008a2a8: 52803b09     	mov	w9, #0x1d8              // =472
4008a2ac: 2a0903e0     	mov	w0, w9
4008a2b0: 2a0003e9     	mov	w9, w0
4008a2b4: f0000c8a     	adrp	x10, 0x4021d000 <pipes+0x7c24>
4008a2b8: 912fa14a     	add	x10, x10, #0xbe8
4008a2bc: 9b292908     	smaddl	x8, w8, w9, x10
4008a2c0: f90007e8     	str	x8, [sp, #0x8]
4008a2c4: 14000004     	b	0x4008a2d4 <current_process+0x94>
4008a2c8: aa1f03e8     	mov	x8, xzr
4008a2cc: f90007e8     	str	x8, [sp, #0x8]
4008a2d0: 14000001     	b	0x4008a2d4 <current_process+0x94>
4008a2d4: f94007e0     	ldr	x0, [sp, #0x8]
4008a2d8: a9417bfd     	ldp	x29, x30, [sp, #0x10]
4008a2dc: 910083ff     	add	sp, sp, #0x20
4008a2e0: d65f03c0     	ret
4008a2e4: d503201f     	nop
4008a2e8: d503201f     	nop
4008a2ec: d503201f     	nop

000000004008a2f0 <process_get_phys_base>:
4008a2f0: d10103ff     	sub	sp, sp, #0x40
4008a2f4: a9037bfd     	stp	x29, x30, [sp, #0x30]
4008a2f8: 9100c3fd     	add	x29, sp, #0x30
4008a2fc: b81f43a0     	stur	w0, [x29, #-0xc]
4008a300: b85f43a8     	ldur	w8, [x29, #-0xc]
4008a304: 37f800c8     	tbnz	w8, #0x1f, 0x4008a31c <process_get_phys_base+0x2c>
4008a308: 14000001     	b	0x4008a30c <process_get_phys_base+0x1c>
4008a30c: b85f43a8     	ldur	w8, [x29, #-0xc]
4008a310: 71008108     	subs	w8, w8, #0x20
4008a314: 540000ab     	b.lt	0x4008a328 <process_get_phys_base+0x38>
4008a318: 14000001     	b	0x4008a31c <process_get_phys_base+0x2c>
4008a31c: aa1f03e8     	mov	x8, xzr
4008a320: f81f83a8     	stur	x8, [x29, #-0x8]
4008a324: 14000016     	b	0x4008a37c <process_get_phys_base+0x8c>
4008a328: f0000c80     	adrp	x0, 0x4021d000 <pipes+0x7c24>
4008a32c: 912f8000     	add	x0, x0, #0xbe0
4008a330: f90007e0     	str	x0, [sp, #0x8]
4008a334: 97ffeaf7     	bl	0x40084f10 <spinlock_acquire_irqsave>
4008a338: aa0003e8     	mov	x8, x0
4008a33c: f94007e0     	ldr	x0, [sp, #0x8]
4008a340: f9000fe8     	str	x8, [sp, #0x18]
4008a344: b89f43a8     	ldursw	x8, [x29, #-0xc]
4008a348: 52803b09     	mov	w9, #0x1d8              // =472
4008a34c: 2a0903e1     	mov	w1, w9
4008a350: 2a0103e9     	mov	w9, w1
4008a354: f0000c8a     	adrp	x10, 0x4021d000 <pipes+0x7c24>
4008a358: 912fa14a     	add	x10, x10, #0xbe8
4008a35c: 9b292908     	smaddl	x8, w8, w9, x10
4008a360: f940a508     	ldr	x8, [x8, #0x148]
4008a364: f9000be8     	str	x8, [sp, #0x10]
4008a368: f9400fe1     	ldr	x1, [sp, #0x18]
4008a36c: 97ffeaf9     	bl	0x40084f50 <spinlock_release_irqrestore>
4008a370: f9400be8     	ldr	x8, [sp, #0x10]
4008a374: f81f83a8     	stur	x8, [x29, #-0x8]
4008a378: 14000001     	b	0x4008a37c <process_get_phys_base+0x8c>
4008a37c: f85f83a0     	ldur	x0, [x29, #-0x8]
4008a380: a9437bfd     	ldp	x29, x30, [sp, #0x30]
4008a384: 910103ff     	add	sp, sp, #0x40
4008a388: d65f03c0     	ret
4008a38c: d503201f     	nop

000000004008a390 <process_set_entry>:
4008a390: d10103ff     	sub	sp, sp, #0x40
4008a394: a9037bfd     	stp	x29, x30, [sp, #0x30]
4008a398: 9100c3fd     	add	x29, sp, #0x30
4008a39c: b81fc3a0     	stur	w0, [x29, #-0x4]
4008a3a0: f81f03a1     	stur	x1, [x29, #-0x10]
4008a3a4: f9000fe2     	str	x2, [sp, #0x18]
4008a3a8: b85fc3a8     	ldur	w8, [x29, #-0x4]
4008a3ac: 37f800c8     	tbnz	w8, #0x1f, 0x4008a3c4 <process_set_entry+0x34>
4008a3b0: 14000001     	b	0x4008a3b4 <process_set_entry+0x24>
4008a3b4: b85fc3a8     	ldur	w8, [x29, #-0x4]
4008a3b8: 71008108     	subs	w8, w8, #0x20
4008a3bc: 5400006b     	b.lt	0x4008a3c8 <process_set_entry+0x38>
4008a3c0: 14000001     	b	0x4008a3c4 <process_set_entry+0x34>
4008a3c4: 14000021     	b	0x4008a448 <process_set_entry+0xb8>
4008a3c8: f0000c80     	adrp	x0, 0x4021d000 <pipes+0x7c24>
4008a3cc: 912f8000     	add	x0, x0, #0xbe0
4008a3d0: f90007e0     	str	x0, [sp, #0x8]
4008a3d4: 97ffeacf     	bl	0x40084f10 <spinlock_acquire_irqsave>
4008a3d8: aa0003e8     	mov	x8, x0
4008a3dc: f94007e0     	ldr	x0, [sp, #0x8]
4008a3e0: f9000be8     	str	x8, [sp, #0x10]
4008a3e4: f85f03a8     	ldur	x8, [x29, #-0x10]
4008a3e8: b89fc3aa     	ldursw	x10, [x29, #-0x4]
4008a3ec: 52803b09     	mov	w9, #0x1d8              // =472
4008a3f0: 2a0903e1     	mov	w1, w9
4008a3f4: 2a0103e9     	mov	w9, w1
4008a3f8: 2a0a03eb     	mov	w11, w10
4008a3fc: f0000c8a     	adrp	x10, 0x4021d000 <pipes+0x7c24>
4008a400: 912fa14a     	add	x10, x10, #0xbe8
4008a404: 9b29296b     	smaddl	x11, w11, w9, x10
4008a408: f9009568     	str	x8, [x11, #0x128]
4008a40c: f9400fe8     	ldr	x8, [sp, #0x18]
4008a410: b89fc3ab     	ldursw	x11, [x29, #-0x4]
4008a414: 9b29296b     	smaddl	x11, w11, w9, x10
4008a418: f9009d68     	str	x8, [x11, #0x138]
4008a41c: b89fc3a8     	ldursw	x8, [x29, #-0x4]
4008a420: 9b29290b     	smaddl	x11, w8, w9, x10
4008a424: aa1f03e8     	mov	x8, xzr
4008a428: f9009968     	str	x8, [x11, #0x130]
4008a42c: b89fc3a8     	ldursw	x8, [x29, #-0x4]
4008a430: 9b292909     	smaddl	x9, w8, w9, x10
4008a434: 52800048     	mov	w8, #0x2                // =2
4008a438: b9000528     	str	w8, [x9, #0x4]
4008a43c: f9400be1     	ldr	x1, [sp, #0x10]
4008a440: 97ffeac4     	bl	0x40084f50 <spinlock_release_irqrestore>
4008a444: 14000001     	b	0x4008a448 <process_set_entry+0xb8>
4008a448: a9437bfd     	ldp	x29, x30, [sp, #0x30]
4008a44c: 910103ff     	add	sp, sp, #0x40
4008a450: d65f03c0     	ret
4008a454: d503201f     	nop
4008a458: d503201f     	nop
4008a45c: d503201f     	nop

000000004008a460 <process_create>:
4008a460: d10183ff     	sub	sp, sp, #0x60
4008a464: a9057bfd     	stp	x29, x30, [sp, #0x50]
4008a468: 910143fd     	add	x29, sp, #0x50
4008a46c: 12800008     	mov	w8, #-0x1               // =-1
4008a470: b81f83a8     	stur	w8, [x29, #-0x8]
4008a474: f0000c80     	adrp	x0, 0x4021d000 <pipes+0x7c24>
4008a478: 912f8000     	add	x0, x0, #0xbe0
4008a47c: 97ffeaa5     	bl	0x40084f10 <spinlock_acquire_irqsave>
4008a480: f81f03a0     	stur	x0, [x29, #-0x10]
4008a484: 2a1f03e8     	mov	w8, wzr
4008a488: b81ec3a8     	stur	w8, [x29, #-0x14]
4008a48c: 14000001     	b	0x4008a490 <process_create+0x30>
4008a490: b85ec3a8     	ldur	w8, [x29, #-0x14]
4008a494: 71007d08     	subs	w8, w8, #0x1f
4008a498: 540003ac     	b.gt	0x4008a50c <process_create+0xac>
4008a49c: 14000001     	b	0x4008a4a0 <process_create+0x40>
4008a4a0: b89ec3a8     	ldursw	x8, [x29, #-0x14]
4008a4a4: 52803b09     	mov	w9, #0x1d8              // =472
4008a4a8: 2a0903e0     	mov	w0, w9
4008a4ac: 2a0003e9     	mov	w9, w0
4008a4b0: f0000c8a     	adrp	x10, 0x4021d000 <pipes+0x7c24>
4008a4b4: 912fa14a     	add	x10, x10, #0xbe8
4008a4b8: 9b292908     	smaddl	x8, w8, w9, x10
4008a4bc: b9400508     	ldr	w8, [x8, #0x4]
4008a4c0: 350001c8     	cbnz	w8, 0x4008a4f8 <process_create+0x98>
4008a4c4: 14000001     	b	0x4008a4c8 <process_create+0x68>
4008a4c8: b85ec3a8     	ldur	w8, [x29, #-0x14]
4008a4cc: b81f83a8     	stur	w8, [x29, #-0x8]
4008a4d0: b89ec3a8     	ldursw	x8, [x29, #-0x14]
4008a4d4: 52803b09     	mov	w9, #0x1d8              // =472
4008a4d8: 2a0903e0     	mov	w0, w9
4008a4dc: 2a0003e9     	mov	w9, w0
4008a4e0: f0000c8a     	adrp	x10, 0x4021d000 <pipes+0x7c24>
4008a4e4: 912fa14a     	add	x10, x10, #0xbe8
4008a4e8: 9b292909     	smaddl	x9, w8, w9, x10
4008a4ec: 52800028     	mov	w8, #0x1                // =1
4008a4f0: b9000528     	str	w8, [x9, #0x4]
4008a4f4: 14000006     	b	0x4008a50c <process_create+0xac>
4008a4f8: 14000001     	b	0x4008a4fc <process_create+0x9c>
4008a4fc: b85ec3a8     	ldur	w8, [x29, #-0x14]
4008a500: 11000508     	add	w8, w8, #0x1
4008a504: b81ec3a8     	stur	w8, [x29, #-0x14]
4008a508: 17ffffe2     	b	0x4008a490 <process_create+0x30>
4008a50c: f85f03a1     	ldur	x1, [x29, #-0x10]
4008a510: f0000c80     	adrp	x0, 0x4021d000 <pipes+0x7c24>
4008a514: 912f8000     	add	x0, x0, #0xbe0
4008a518: 97ffea8e     	bl	0x40084f50 <spinlock_release_irqrestore>
4008a51c: b85f83a8     	ldur	w8, [x29, #-0x8]
4008a520: 36f80108     	tbz	w8, #0x1f, 0x4008a540 <process_create+0xe0>
4008a524: 14000001     	b	0x4008a528 <process_create+0xc8>
4008a528: d503201f     	nop
4008a52c: 30034b80     	adr	x0, 0x40090e9d <UART0_FR+0x375>
4008a530: 97ffeb7c     	bl	0x40085320 <uart_puts>
4008a534: 12800008     	mov	w8, #-0x1               // =-1
4008a538: b81fc3a8     	stur	w8, [x29, #-0x4]
4008a53c: 14000070     	b	0x4008a6fc <process_create+0x29c>
4008a540: b89f83a8     	ldursw	x8, [x29, #-0x8]
4008a544: 52803b09     	mov	w9, #0x1d8              // =472
4008a548: 2a0903e0     	mov	w0, w9
4008a54c: 2a0003e9     	mov	w9, w0
4008a550: f0000c8a     	adrp	x10, 0x4021d000 <pipes+0x7c24>
4008a554: 912fa14a     	add	x10, x10, #0xbe8
4008a558: 9b292908     	smaddl	x8, w8, w9, x10
4008a55c: f81e03a8     	stur	x8, [x29, #-0x20]
4008a560: f85e03a9     	ldur	x9, [x29, #-0x20]
4008a564: 12800008     	mov	w8, #-0x1               // =-1
4008a568: b9000928     	str	w8, [x9, #0x8]
4008a56c: f85e03a9     	ldur	x9, [x29, #-0x20]
4008a570: 2a1f03e8     	mov	w8, wzr
4008a574: b9000d28     	str	w8, [x9, #0xc]
4008a578: b81dc3a8     	stur	w8, [x29, #-0x24]
4008a57c: 14000001     	b	0x4008a580 <process_create+0x120>
4008a580: b85dc3a8     	ldur	w8, [x29, #-0x24]
4008a584: 71007d08     	subs	w8, w8, #0x1f
4008a588: 5400018c     	b.gt	0x4008a5b8 <process_create+0x158>
4008a58c: 14000001     	b	0x4008a590 <process_create+0x130>
4008a590: f85e03a8     	ldur	x8, [x29, #-0x20]
4008a594: b89dc3a9     	ldursw	x9, [x29, #-0x24]
4008a598: 8b090109     	add	x9, x8, x9
4008a59c: 2a1f03e8     	mov	w8, wzr
4008a5a0: 39004128     	strb	w8, [x9, #0x10]
4008a5a4: 14000001     	b	0x4008a5a8 <process_create+0x148>
4008a5a8: b85dc3a8     	ldur	w8, [x29, #-0x24]
4008a5ac: 11000508     	add	w8, w8, #0x1
4008a5b0: b81dc3a8     	stur	w8, [x29, #-0x24]
4008a5b4: 17fffff3     	b	0x4008a580 <process_create+0x120>
4008a5b8: f85e03a9     	ldur	x9, [x29, #-0x20]
4008a5bc: 2a1f03e8     	mov	w8, wzr
4008a5c0: b901d128     	str	w8, [x9, #0x1d0]
4008a5c4: b9002be8     	str	w8, [sp, #0x28]
4008a5c8: 14000001     	b	0x4008a5cc <process_create+0x16c>
4008a5cc: b9402be8     	ldr	w8, [sp, #0x28]
4008a5d0: 71007d08     	subs	w8, w8, #0x1f
4008a5d4: 5400018c     	b.gt	0x4008a604 <process_create+0x1a4>
4008a5d8: 14000001     	b	0x4008a5dc <process_create+0x17c>
4008a5dc: f85e03a8     	ldur	x8, [x29, #-0x20]
4008a5e0: b9802be9     	ldrsw	x9, [sp, #0x28]
4008a5e4: 8b090909     	add	x9, x8, x9, lsl #2
4008a5e8: 12800008     	mov	w8, #-0x1               // =-1
4008a5ec: b9015128     	str	w8, [x9, #0x150]
4008a5f0: 14000001     	b	0x4008a5f4 <process_create+0x194>
4008a5f4: b9402be8     	ldr	w8, [sp, #0x28]
4008a5f8: 11000508     	add	w8, w8, #0x1
4008a5fc: b9002be8     	str	w8, [sp, #0x28]
4008a600: 17fffff3     	b	0x4008a5cc <process_create+0x16c>
4008a604: f0000c80     	adrp	x0, 0x4021d000 <pipes+0x7c24>
4008a608: 912f9000     	add	x0, x0, #0xbe4
4008a60c: 97ffea41     	bl	0x40084f10 <spinlock_acquire_irqsave>
4008a610: f90013e0     	str	x0, [sp, #0x20]
4008a614: 52a00408     	mov	w8, #0x200000           // =2097152
4008a618: f9000fe8     	str	x8, [sp, #0x18]
4008a61c: 90000048     	adrp	x8, 0x40092000 <UART0_FR+0x14d8>
4008a620: f945b908     	ldr	x8, [x8, #0xb70]
4008a624: f9400fe9     	ldr	x9, [sp, #0x18]
4008a628: f1000529     	subs	x9, x9, #0x1
4008a62c: 8a090108     	and	x8, x8, x9
4008a630: b4000188     	cbz	x8, 0x4008a660 <process_create+0x200>
4008a634: 14000001     	b	0x4008a638 <process_create+0x1d8>
4008a638: 90000049     	adrp	x9, 0x40092000 <UART0_FR+0x14d8>
4008a63c: f945b928     	ldr	x8, [x9, #0xb70]
4008a640: f9400feb     	ldr	x11, [sp, #0x18]
4008a644: 8b0b0108     	add	x8, x8, x11
4008a648: f1000508     	subs	x8, x8, #0x1
4008a64c: aa1f03ea     	mov	x10, xzr
4008a650: eb0b014a     	subs	x10, x10, x11
4008a654: 8a0a0108     	and	x8, x8, x10
4008a658: f905b928     	str	x8, [x9, #0xb70]
4008a65c: 14000001     	b	0x4008a660 <process_create+0x200>
4008a660: 90000049     	adrp	x9, 0x40092000 <UART0_FR+0x14d8>
4008a664: f945b928     	ldr	x8, [x9, #0xb70]
4008a668: f85e03aa     	ldur	x10, [x29, #-0x20]
4008a66c: f900a548     	str	x8, [x10, #0x148]
4008a670: f945b928     	ldr	x8, [x9, #0xb70]
4008a674: 52a0200a     	mov	w10, #0x1000000         // =16777216
4008a678: f90007ea     	str	x10, [sp, #0x8]
4008a67c: 8b0a0108     	add	x8, x8, x10
4008a680: f905b928     	str	x8, [x9, #0xb70]
4008a684: f94013e1     	ldr	x1, [sp, #0x20]
4008a688: f0000c80     	adrp	x0, 0x4021d000 <pipes+0x7c24>
4008a68c: 912f9000     	add	x0, x0, #0xbe4
4008a690: 97ffea30     	bl	0x40084f50 <spinlock_release_irqrestore>
4008a694: f94007e2     	ldr	x2, [sp, #0x8]
4008a698: f85e03a8     	ldur	x8, [x29, #-0x20]
4008a69c: f940a500     	ldr	x0, [x8, #0x148]
4008a6a0: 2a1f03e1     	mov	w1, wzr
4008a6a4: b90013e1     	str	w1, [sp, #0x10]
4008a6a8: 9400001a     	bl	0x4008a710 <kmemset>
4008a6ac: b94013e8     	ldr	w8, [sp, #0x10]
4008a6b0: b90017e8     	str	w8, [sp, #0x14]
4008a6b4: 14000001     	b	0x4008a6b8 <process_create+0x258>
4008a6b8: b94017e8     	ldr	w8, [sp, #0x14]
4008a6bc: 71008508     	subs	w8, w8, #0x21
4008a6c0: 5400018c     	b.gt	0x4008a6f0 <process_create+0x290>
4008a6c4: 14000001     	b	0x4008a6c8 <process_create+0x268>
4008a6c8: f85e03a8     	ldur	x8, [x29, #-0x20]
4008a6cc: b98017e9     	ldrsw	x9, [sp, #0x14]
4008a6d0: 8b090d09     	add	x9, x8, x9, lsl #3
4008a6d4: aa1f03e8     	mov	x8, xzr
4008a6d8: f9001928     	str	x8, [x9, #0x30]
4008a6dc: 14000001     	b	0x4008a6e0 <process_create+0x280>
4008a6e0: b94017e8     	ldr	w8, [sp, #0x14]
4008a6e4: 11000508     	add	w8, w8, #0x1
4008a6e8: b90017e8     	str	w8, [sp, #0x14]
4008a6ec: 17fffff3     	b	0x4008a6b8 <process_create+0x258>
4008a6f0: b85f83a8     	ldur	w8, [x29, #-0x8]
4008a6f4: b81fc3a8     	stur	w8, [x29, #-0x4]
4008a6f8: 14000001     	b	0x4008a6fc <process_create+0x29c>
4008a6fc: b85fc3a0     	ldur	w0, [x29, #-0x4]
4008a700: a9457bfd     	ldp	x29, x30, [sp, #0x50]
4008a704: 910183ff     	add	sp, sp, #0x60
4008a708: d65f03c0     	ret
4008a70c: d503201f     	nop

000000004008a710 <kmemset>:
4008a710: d10143ff     	sub	sp, sp, #0x50
4008a714: f90027e0     	str	x0, [sp, #0x48]
4008a718: 39011fe1     	strb	w1, [sp, #0x47]
4008a71c: f9001fe2     	str	x2, [sp, #0x38]
4008a720: aa1f03e8     	mov	x8, xzr
4008a724: f9001be8     	str	x8, [sp, #0x30]
4008a728: 2a1f03e8     	mov	w8, wzr
4008a72c: b9002fe8     	str	w8, [sp, #0x2c]
4008a730: 14000001     	b	0x4008a734 <kmemset+0x24>
4008a734: b9402fe8     	ldr	w8, [sp, #0x2c]
4008a738: 71001d08     	subs	w8, w8, #0x7
4008a73c: 540001cc     	b.gt	0x4008a774 <kmemset+0x64>
4008a740: 14000001     	b	0x4008a744 <kmemset+0x34>
4008a744: 39411fe8     	ldrb	w8, [sp, #0x47]
4008a748: b9402fe9     	ldr	w9, [sp, #0x2c]
4008a74c: 531d7129     	lsl	w9, w9, #3
4008a750: 9ac92109     	lsl	x9, x8, x9
4008a754: f9401be8     	ldr	x8, [sp, #0x30]
4008a758: aa090108     	orr	x8, x8, x9
4008a75c: f9001be8     	str	x8, [sp, #0x30]
4008a760: 14000001     	b	0x4008a764 <kmemset+0x54>
4008a764: b9402fe8     	ldr	w8, [sp, #0x2c]
4008a768: 11000508     	add	w8, w8, #0x1
4008a76c: b9002fe8     	str	w8, [sp, #0x2c]
4008a770: 17fffff1     	b	0x4008a734 <kmemset+0x24>
4008a774: f94027e8     	ldr	x8, [sp, #0x48]
4008a778: f90013e8     	str	x8, [sp, #0x20]
4008a77c: aa1f03e8     	mov	x8, xzr
4008a780: f9000fe8     	str	x8, [sp, #0x18]
4008a784: 14000001     	b	0x4008a788 <kmemset+0x78>
4008a788: f9400fe8     	ldr	x8, [sp, #0x18]
4008a78c: f9401fe9     	ldr	x9, [sp, #0x38]
4008a790: eb490d08     	subs	x8, x8, x9, lsr #3
4008a794: 54000162     	b.hs	0x4008a7c0 <kmemset+0xb0>
4008a798: 14000001     	b	0x4008a79c <kmemset+0x8c>
4008a79c: f9401be8     	ldr	x8, [sp, #0x30]
4008a7a0: f94013e9     	ldr	x9, [sp, #0x20]
4008a7a4: f9400fea     	ldr	x10, [sp, #0x18]
4008a7a8: f82a7928     	str	x8, [x9, x10, lsl #3]
4008a7ac: 14000001     	b	0x4008a7b0 <kmemset+0xa0>
4008a7b0: f9400fe8     	ldr	x8, [sp, #0x18]
4008a7b4: 91000508     	add	x8, x8, #0x1
4008a7b8: f9000fe8     	str	x8, [sp, #0x18]
4008a7bc: 17fffff3     	b	0x4008a788 <kmemset+0x78>
4008a7c0: f94027e8     	ldr	x8, [sp, #0x48]
4008a7c4: f9000be8     	str	x8, [sp, #0x10]
4008a7c8: f9400fe8     	ldr	x8, [sp, #0x18]
4008a7cc: d37df108     	lsl	x8, x8, #3
4008a7d0: f90007e8     	str	x8, [sp, #0x8]
4008a7d4: 14000001     	b	0x4008a7d8 <kmemset+0xc8>
4008a7d8: f94007e8     	ldr	x8, [sp, #0x8]
4008a7dc: f9401fe9     	ldr	x9, [sp, #0x38]
4008a7e0: eb090108     	subs	x8, x8, x9
4008a7e4: 54000162     	b.hs	0x4008a810 <kmemset+0x100>
4008a7e8: 14000001     	b	0x4008a7ec <kmemset+0xdc>
4008a7ec: 39411fe8     	ldrb	w8, [sp, #0x47]
4008a7f0: f9400be9     	ldr	x9, [sp, #0x10]
4008a7f4: f94007ea     	ldr	x10, [sp, #0x8]
4008a7f8: 382a6928     	strb	w8, [x9, x10]
4008a7fc: 14000001     	b	0x4008a800 <kmemset+0xf0>
4008a800: f94007e8     	ldr	x8, [sp, #0x8]
4008a804: 91000508     	add	x8, x8, #0x1
4008a808: f90007e8     	str	x8, [sp, #0x8]
4008a80c: 17fffff3     	b	0x4008a7d8 <kmemset+0xc8>
4008a810: 910143ff     	add	sp, sp, #0x50
4008a814: d65f03c0     	ret
4008a818: d503201f     	nop
4008a81c: d503201f     	nop

000000004008a820 <process_create_kernel>:
4008a820: d10103ff     	sub	sp, sp, #0x40
4008a824: a9037bfd     	stp	x29, x30, [sp, #0x30]
4008a828: 9100c3fd     	add	x29, sp, #0x30
4008a82c: f81f03a0     	stur	x0, [x29, #-0x10]
4008a830: f9000fe1     	str	x1, [sp, #0x18]
4008a834: 97ffff0b     	bl	0x4008a460 <process_create>
4008a838: b90017e0     	str	w0, [sp, #0x14]
4008a83c: b94017e8     	ldr	w8, [sp, #0x14]
4008a840: 36f800a8     	tbz	w8, #0x1f, 0x4008a854 <process_create_kernel+0x34>
4008a844: 14000001     	b	0x4008a848 <process_create_kernel+0x28>
4008a848: 12800008     	mov	w8, #-0x1               // =-1
4008a84c: b81fc3a8     	stur	w8, [x29, #-0x4]
4008a850: 14000020     	b	0x4008a8d0 <process_create_kernel+0xb0>
4008a854: b98017e8     	ldrsw	x8, [sp, #0x14]
4008a858: 52803b09     	mov	w9, #0x1d8              // =472
4008a85c: 2a0903e0     	mov	w0, w9
4008a860: 2a0003e9     	mov	w9, w0
4008a864: f0000c8a     	adrp	x10, 0x4021d000 <pipes+0x7c24>
4008a868: 912fa14a     	add	x10, x10, #0xbe8
4008a86c: 9b292908     	smaddl	x8, w8, w9, x10
4008a870: f90007e8     	str	x8, [sp, #0x8]
4008a874: f94007e9     	ldr	x9, [sp, #0x8]
4008a878: 52800028     	mov	w8, #0x1                // =1
4008a87c: b9000d28     	str	w8, [x9, #0xc]
4008a880: f85f03a8     	ldur	x8, [x29, #-0x10]
4008a884: f94007e9     	ldr	x9, [sp, #0x8]
4008a888: f9009528     	str	x8, [x9, #0x128]
4008a88c: f94007e9     	ldr	x9, [sp, #0x8]
4008a890: f940a528     	ldr	x8, [x9, #0x148]
4008a894: 52a0200a     	mov	w10, #0x1000000         // =16777216
4008a898: 8b0a0108     	add	x8, x8, x10
4008a89c: f9009d28     	str	x8, [x9, #0x138]
4008a8a0: f94007e9     	ldr	x9, [sp, #0x8]
4008a8a4: 52800088     	mov	w8, #0x4                // =4
4008a8a8: f9009928     	str	x8, [x9, #0x130]
4008a8ac: f9400fe8     	ldr	x8, [sp, #0x18]
4008a8b0: f94007e9     	ldr	x9, [sp, #0x8]
4008a8b4: f9001928     	str	x8, [x9, #0x30]
4008a8b8: f94007e9     	ldr	x9, [sp, #0x8]
4008a8bc: 52800048     	mov	w8, #0x2                // =2
4008a8c0: b9000528     	str	w8, [x9, #0x4]
4008a8c4: b94017e8     	ldr	w8, [sp, #0x14]
4008a8c8: b81fc3a8     	stur	w8, [x29, #-0x4]
4008a8cc: 14000001     	b	0x4008a8d0 <process_create_kernel+0xb0>
4008a8d0: b85fc3a0     	ldur	w0, [x29, #-0x4]
4008a8d4: a9437bfd     	ldp	x29, x30, [sp, #0x30]
4008a8d8: 910103ff     	add	sp, sp, #0x40
4008a8dc: d65f03c0     	ret

000000004008a8e0 <schedule>:
4008a8e0: d101c3ff     	sub	sp, sp, #0x70
4008a8e4: a9067bfd     	stp	x29, x30, [sp, #0x60]
4008a8e8: 910183fd     	add	x29, sp, #0x60
4008a8ec: f81f83a0     	stur	x0, [x29, #-0x8]
4008a8f0: 94000764     	bl	0x4008c680 <get_cpuid>
4008a8f4: b81f43a0     	stur	w0, [x29, #-0xc]
4008a8f8: b85f43a8     	ldur	w8, [x29, #-0xc]
4008a8fc: 71001108     	subs	w8, w8, #0x4
4008a900: 54000063     	b.lo	0x4008a90c <schedule+0x2c>
4008a904: 14000001     	b	0x4008a908 <schedule+0x28>
4008a908: 140000d6     	b	0x4008ac60 <schedule+0x380>
4008a90c: f0000c80     	adrp	x0, 0x4021d000 <pipes+0x7c24>
4008a910: 912f8000     	add	x0, x0, #0xbe0
4008a914: 97ffe97f     	bl	0x40084f10 <spinlock_acquire_irqsave>
4008a918: f81e83a0     	stur	x0, [x29, #-0x18]
4008a91c: b85f43a8     	ldur	w8, [x29, #-0xc]
4008a920: 2a0803e9     	mov	w9, w8
4008a924: f0000ca8     	adrp	x8, 0x40221000 <proc_table+0x3418>
4008a928: 911ba108     	add	x8, x8, #0x6e8
4008a92c: b8697908     	ldr	w8, [x8, x9, lsl #2]
4008a930: b81e43a8     	stur	w8, [x29, #-0x1c]
4008a934: b85e43a8     	ldur	w8, [x29, #-0x1c]
4008a938: 37f80428     	tbnz	w8, #0x1f, 0x4008a9bc <schedule+0xdc>
4008a93c: 14000001     	b	0x4008a940 <schedule+0x60>
4008a940: b89e43a8     	ldursw	x8, [x29, #-0x1c]
4008a944: 52803b09     	mov	w9, #0x1d8              // =472
4008a948: 2a0903e0     	mov	w0, w9
4008a94c: 2a0003e9     	mov	w9, w0
4008a950: f0000c8a     	adrp	x10, 0x4021d000 <pipes+0x7c24>
4008a954: 912fa14a     	add	x10, x10, #0xbe8
4008a958: 9b292908     	smaddl	x8, w8, w9, x10
4008a95c: f81d83a8     	stur	x8, [x29, #-0x28]
4008a960: f85d83a8     	ldur	x8, [x29, #-0x28]
4008a964: b9400508     	ldr	w8, [x8, #0x4]
4008a968: 71000d08     	subs	w8, w8, #0x3
4008a96c: 54000121     	b.ne	0x4008a990 <schedule+0xb0>
4008a970: 14000001     	b	0x4008a974 <schedule+0x94>
4008a974: f85d83a0     	ldur	x0, [x29, #-0x28]
4008a978: f85f83a1     	ldur	x1, [x29, #-0x8]
4008a97c: 940000bd     	bl	0x4008ac70 <save_context>
4008a980: f85d83a9     	ldur	x9, [x29, #-0x28]
4008a984: 52800048     	mov	w8, #0x2                // =2
4008a988: b9000528     	str	w8, [x9, #0x4]
4008a98c: 1400000b     	b	0x4008a9b8 <schedule+0xd8>
4008a990: f85d83a8     	ldur	x8, [x29, #-0x28]
4008a994: b9400508     	ldr	w8, [x8, #0x4]
4008a998: 71001508     	subs	w8, w8, #0x5
4008a99c: 540000c1     	b.ne	0x4008a9b4 <schedule+0xd4>
4008a9a0: 14000001     	b	0x4008a9a4 <schedule+0xc4>
4008a9a4: f85d83a0     	ldur	x0, [x29, #-0x28]
4008a9a8: f85f83a1     	ldur	x1, [x29, #-0x8]
4008a9ac: 940000b1     	bl	0x4008ac70 <save_context>
4008a9b0: 14000001     	b	0x4008a9b4 <schedule+0xd4>
4008a9b4: 14000001     	b	0x4008a9b8 <schedule+0xd8>
4008a9b8: 14000001     	b	0x4008a9bc <schedule+0xdc>
4008a9bc: 14000001     	b	0x4008a9c0 <schedule+0xe0>
4008a9c0: 12800008     	mov	w8, #-0x1               // =-1
4008a9c4: b81d43a8     	stur	w8, [x29, #-0x2c]
4008a9c8: b85e43a8     	ldur	w8, [x29, #-0x1c]
4008a9cc: 37f800a8     	tbnz	w8, #0x1f, 0x4008a9e0 <schedule+0x100>
4008a9d0: 14000001     	b	0x4008a9d4 <schedule+0xf4>
4008a9d4: b85e43a8     	ldur	w8, [x29, #-0x1c]
4008a9d8: b9001fe8     	str	w8, [sp, #0x1c]
4008a9dc: 14000004     	b	0x4008a9ec <schedule+0x10c>
4008a9e0: 2a1f03e8     	mov	w8, wzr
4008a9e4: b9001fe8     	str	w8, [sp, #0x1c]
4008a9e8: 14000001     	b	0x4008a9ec <schedule+0x10c>
4008a9ec: b9401fe8     	ldr	w8, [sp, #0x1c]
4008a9f0: b90033e8     	str	w8, [sp, #0x30]
4008a9f4: 52800028     	mov	w8, #0x1                // =1
4008a9f8: b9002fe8     	str	w8, [sp, #0x2c]
4008a9fc: 14000001     	b	0x4008aa00 <schedule+0x120>
4008aa00: b9402fe8     	ldr	w8, [sp, #0x2c]
4008aa04: 71008108     	subs	w8, w8, #0x20
4008aa08: 540003cc     	b.gt	0x4008aa80 <schedule+0x1a0>
4008aa0c: 14000001     	b	0x4008aa10 <schedule+0x130>
4008aa10: b94033e8     	ldr	w8, [sp, #0x30]
4008aa14: b9402fe9     	ldr	w9, [sp, #0x2c]
4008aa18: 0b09010a     	add	w10, w8, w9
4008aa1c: 12001148     	and	w8, w10, #0x1f
4008aa20: 2a1f03e9     	mov	w9, wzr
4008aa24: 6b0a0129     	subs	w9, w9, w10
4008aa28: 12001129     	and	w9, w9, #0x1f
4008aa2c: 5a894508     	csneg	w8, w8, w9, mi
4008aa30: b9002be8     	str	w8, [sp, #0x28]
4008aa34: b9802be8     	ldrsw	x8, [sp, #0x28]
4008aa38: 52803b09     	mov	w9, #0x1d8              // =472
4008aa3c: 2a0903e0     	mov	w0, w9
4008aa40: 2a0003e9     	mov	w9, w0
4008aa44: f0000c8a     	adrp	x10, 0x4021d000 <pipes+0x7c24>
4008aa48: 912fa14a     	add	x10, x10, #0xbe8
4008aa4c: 9b292908     	smaddl	x8, w8, w9, x10
4008aa50: b9400508     	ldr	w8, [x8, #0x4]
4008aa54: 71000908     	subs	w8, w8, #0x2
4008aa58: 540000a1     	b.ne	0x4008aa6c <schedule+0x18c>
4008aa5c: 14000001     	b	0x4008aa60 <schedule+0x180>
4008aa60: b9402be8     	ldr	w8, [sp, #0x28]
4008aa64: b81d43a8     	stur	w8, [x29, #-0x2c]
4008aa68: 14000006     	b	0x4008aa80 <schedule+0x1a0>
4008aa6c: 14000001     	b	0x4008aa70 <schedule+0x190>
4008aa70: b9402fe8     	ldr	w8, [sp, #0x2c]
4008aa74: 11000508     	add	w8, w8, #0x1
4008aa78: b9002fe8     	str	w8, [sp, #0x2c]
4008aa7c: 17ffffe1     	b	0x4008aa00 <schedule+0x120>
4008aa80: b85d43a8     	ldur	w8, [x29, #-0x2c]
4008aa84: 37f80448     	tbnz	w8, #0x1f, 0x4008ab0c <schedule+0x22c>
4008aa88: 14000001     	b	0x4008aa8c <schedule+0x1ac>
4008aa8c: b85d43a8     	ldur	w8, [x29, #-0x2c]
4008aa90: b85f43a9     	ldur	w9, [x29, #-0xc]
4008aa94: 2a0903ea     	mov	w10, w9
4008aa98: f0000ca9     	adrp	x9, 0x40221000 <proc_table+0x3418>
4008aa9c: 911ba129     	add	x9, x9, #0x6e8
4008aaa0: b82a7928     	str	w8, [x9, x10, lsl #2]
4008aaa4: b89d43a8     	ldursw	x8, [x29, #-0x2c]
4008aaa8: 52803b09     	mov	w9, #0x1d8              // =472
4008aaac: 2a0903e0     	mov	w0, w9
4008aab0: 2a0003e9     	mov	w9, w0
4008aab4: b9001be9     	str	w9, [sp, #0x18]
4008aab8: f0000c8a     	adrp	x10, 0x4021d000 <pipes+0x7c24>
4008aabc: 912fa14a     	add	x10, x10, #0xbe8
4008aac0: f9000bea     	str	x10, [sp, #0x10]
4008aac4: 9b29290b     	smaddl	x11, w8, w9, x10
4008aac8: 52800068     	mov	w8, #0x3                // =3
4008aacc: b9000568     	str	w8, [x11, #0x4]
4008aad0: b89d43a8     	ldursw	x8, [x29, #-0x2c]
4008aad4: 9b292900     	smaddl	x0, w8, w9, x10
4008aad8: f85f83a1     	ldur	x1, [x29, #-0x8]
4008aadc: 94000091     	bl	0x4008ad20 <restore_context>
4008aae0: f9400bea     	ldr	x10, [sp, #0x10]
4008aae4: b9401be9     	ldr	w9, [sp, #0x18]
4008aae8: b89d43a8     	ldursw	x8, [x29, #-0x2c]
4008aaec: 9b292908     	smaddl	x8, w8, w9, x10
4008aaf0: f940a500     	ldr	x0, [x8, #0x148]
4008aaf4: 97ffec0f     	bl	0x40085b30 <mmu_switch_user_mapping>
4008aaf8: f85e83a1     	ldur	x1, [x29, #-0x18]
4008aafc: f0000c80     	adrp	x0, 0x4021d000 <pipes+0x7c24>
4008ab00: 912f8000     	add	x0, x0, #0xbe0
4008ab04: 97ffe913     	bl	0x40084f50 <spinlock_release_irqrestore>
4008ab08: 14000056     	b	0x4008ac60 <schedule+0x380>
4008ab0c: 2a1f03e8     	mov	w8, wzr
4008ab10: b90027e8     	str	w8, [sp, #0x24]
4008ab14: b90023e8     	str	w8, [sp, #0x20]
4008ab18: 14000001     	b	0x4008ab1c <schedule+0x23c>
4008ab1c: b94023e8     	ldr	w8, [sp, #0x20]
4008ab20: 71007d08     	subs	w8, w8, #0x1f
4008ab24: 540003ec     	b.gt	0x4008aba0 <schedule+0x2c0>
4008ab28: 14000001     	b	0x4008ab2c <schedule+0x24c>
4008ab2c: b98023e8     	ldrsw	x8, [sp, #0x20]
4008ab30: 52803b09     	mov	w9, #0x1d8              // =472
4008ab34: 2a0903e0     	mov	w0, w9
4008ab38: 2a0003e9     	mov	w9, w0
4008ab3c: f0000c8a     	adrp	x10, 0x4021d000 <pipes+0x7c24>
4008ab40: 912fa14a     	add	x10, x10, #0xbe8
4008ab44: 9b292908     	smaddl	x8, w8, w9, x10
4008ab48: b9400508     	ldr	w8, [x8, #0x4]
4008ab4c: 34000208     	cbz	w8, 0x4008ab8c <schedule+0x2ac>
4008ab50: 14000001     	b	0x4008ab54 <schedule+0x274>
4008ab54: b98023e8     	ldrsw	x8, [sp, #0x20]
4008ab58: 52803b09     	mov	w9, #0x1d8              // =472
4008ab5c: 2a0903e0     	mov	w0, w9
4008ab60: 2a0003e9     	mov	w9, w0
4008ab64: f0000c8a     	adrp	x10, 0x4021d000 <pipes+0x7c24>
4008ab68: 912fa14a     	add	x10, x10, #0xbe8
4008ab6c: 9b292908     	smaddl	x8, w8, w9, x10
4008ab70: b9400508     	ldr	w8, [x8, #0x4]
4008ab74: 71001108     	subs	w8, w8, #0x4
4008ab78: 540000a0     	b.eq	0x4008ab8c <schedule+0x2ac>
4008ab7c: 14000001     	b	0x4008ab80 <schedule+0x2a0>
4008ab80: 52800028     	mov	w8, #0x1                // =1
4008ab84: b90027e8     	str	w8, [sp, #0x24]
4008ab88: 14000006     	b	0x4008aba0 <schedule+0x2c0>
4008ab8c: 14000001     	b	0x4008ab90 <schedule+0x2b0>
4008ab90: b94023e8     	ldr	w8, [sp, #0x20]
4008ab94: 11000508     	add	w8, w8, #0x1
4008ab98: b90023e8     	str	w8, [sp, #0x20]
4008ab9c: 17ffffe0     	b	0x4008ab1c <schedule+0x23c>
4008aba0: b94027e8     	ldr	w8, [sp, #0x24]
4008aba4: 350002e8     	cbnz	w8, 0x4008ac00 <schedule+0x320>
4008aba8: 14000001     	b	0x4008abac <schedule+0x2cc>
4008abac: b85f43a8     	ldur	w8, [x29, #-0xc]
4008abb0: 2a0803ea     	mov	w10, w8
4008abb4: f0000ca9     	adrp	x9, 0x40221000 <proc_table+0x3418>
4008abb8: 911ba129     	add	x9, x9, #0x6e8
4008abbc: 12800008     	mov	w8, #-0x1               // =-1
4008abc0: b82a7928     	str	w8, [x9, x10, lsl #2]
4008abc4: f85e83a1     	ldur	x1, [x29, #-0x18]
4008abc8: f0000c80     	adrp	x0, 0x4021d000 <pipes+0x7c24>
4008abcc: 912f8000     	add	x0, x0, #0xbe0
4008abd0: 97ffe8e0     	bl	0x40084f50 <spinlock_release_irqrestore>
4008abd4: b85f43a8     	ldur	w8, [x29, #-0xc]
4008abd8: 35000088     	cbnz	w8, 0x4008abe8 <schedule+0x308>
4008abdc: 14000001     	b	0x4008abe0 <schedule+0x300>
4008abe0: 9400007c     	bl	0x4008add0 <scheduler_finished>
4008abe4: 14000006     	b	0x4008abfc <schedule+0x31c>
4008abe8: 14000001     	b	0x4008abec <schedule+0x30c>
4008abec: d50342ff     	msr	DAIFClr, #0x2
4008abf0: d503207f     	wfi
4008abf4: d50342df     	msr	DAIFSet, #0x2
4008abf8: 17fffffd     	b	0x4008abec <schedule+0x30c>
4008abfc: 14000019     	b	0x4008ac60 <schedule+0x380>
4008ac00: b85f43a8     	ldur	w8, [x29, #-0xc]
4008ac04: 2a0803ea     	mov	w10, w8
4008ac08: f0000ca9     	adrp	x9, 0x40221000 <proc_table+0x3418>
4008ac0c: 911ba129     	add	x9, x9, #0x6e8
4008ac10: 12800008     	mov	w8, #-0x1               // =-1
4008ac14: b82a7928     	str	w8, [x9, x10, lsl #2]
4008ac18: f85e83a1     	ldur	x1, [x29, #-0x18]
4008ac1c: f0000c80     	adrp	x0, 0x4021d000 <pipes+0x7c24>
4008ac20: 912f8000     	add	x0, x0, #0xbe0
4008ac24: f90007e0     	str	x0, [sp, #0x8]
4008ac28: 97ffe8ca     	bl	0x40084f50 <spinlock_release_irqrestore>
4008ac2c: d0000020     	adrp	x0, 0x40090000 <virtio_input_init+0x360>
4008ac30: 913b3800     	add	x0, x0, #0xece
4008ac34: 97ffe9bb     	bl	0x40085320 <uart_puts>
4008ac38: d50342ff     	msr	DAIFClr, #0x2
4008ac3c: d503207f     	wfi
4008ac40: d50342df     	msr	DAIFSet, #0x2
4008ac44: f0000020     	adrp	x0, 0x40091000 <UART0_FR+0x4d8>
4008ac48: 91166000     	add	x0, x0, #0x598
4008ac4c: 97ffe9b5     	bl	0x40085320 <uart_puts>
4008ac50: f94007e0     	ldr	x0, [sp, #0x8]
4008ac54: 97ffe8af     	bl	0x40084f10 <spinlock_acquire_irqsave>
4008ac58: f81e83a0     	stur	x0, [x29, #-0x18]
4008ac5c: 17ffff59     	b	0x4008a9c0 <schedule+0xe0>
4008ac60: a9467bfd     	ldp	x29, x30, [sp, #0x60]
4008ac64: 9101c3ff     	add	sp, sp, #0x70
4008ac68: d65f03c0     	ret
4008ac6c: d503201f     	nop

000000004008ac70 <save_context>:
4008ac70: d10083ff     	sub	sp, sp, #0x20
4008ac74: f9000fe0     	str	x0, [sp, #0x18]
4008ac78: f9000be1     	str	x1, [sp, #0x10]
4008ac7c: 2a1f03e8     	mov	w8, wzr
4008ac80: b9000fe8     	str	w8, [sp, #0xc]
4008ac84: 14000001     	b	0x4008ac88 <save_context+0x18>
4008ac88: b9400fe8     	ldr	w8, [sp, #0xc]
4008ac8c: 71007508     	subs	w8, w8, #0x1d
4008ac90: 540001cc     	b.gt	0x4008acc8 <save_context+0x58>
4008ac94: 14000001     	b	0x4008ac98 <save_context+0x28>
4008ac98: f9400be8     	ldr	x8, [sp, #0x10]
4008ac9c: b9800fe9     	ldrsw	x9, [sp, #0xc]
4008aca0: d37df12a     	lsl	x10, x9, #3
4008aca4: f86a6908     	ldr	x8, [x8, x10]
4008aca8: f9400fe9     	ldr	x9, [sp, #0x18]
4008acac: 8b0a0129     	add	x9, x9, x10
4008acb0: f9001928     	str	x8, [x9, #0x30]
4008acb4: 14000001     	b	0x4008acb8 <save_context+0x48>
4008acb8: b9400fe8     	ldr	w8, [sp, #0xc]
4008acbc: 11000508     	add	w8, w8, #0x1
4008acc0: b9000fe8     	str	w8, [sp, #0xc]
4008acc4: 17fffff1     	b	0x4008ac88 <save_context+0x18>
4008acc8: f9400be8     	ldr	x8, [sp, #0x10]
4008accc: f9407908     	ldr	x8, [x8, #0xf0]
4008acd0: f9400fe9     	ldr	x9, [sp, #0x18]
4008acd4: f9009128     	str	x8, [x9, #0x120]
4008acd8: f9400be8     	ldr	x8, [sp, #0x10]
4008acdc: f9407d08     	ldr	x8, [x8, #0xf8]
4008ace0: f9400fe9     	ldr	x9, [sp, #0x18]
4008ace4: f9009528     	str	x8, [x9, #0x128]
4008ace8: f9400be8     	ldr	x8, [sp, #0x10]
4008acec: f9408108     	ldr	x8, [x8, #0x100]
4008acf0: f9400fe9     	ldr	x9, [sp, #0x18]
4008acf4: f9009928     	str	x8, [x9, #0x130]
4008acf8: d5384108     	mrs	x8, SP_EL0
4008acfc: f90003e8     	str	x8, [sp]
4008ad00: f94003e8     	ldr	x8, [sp]
4008ad04: f9400fe9     	ldr	x9, [sp, #0x18]
4008ad08: f9009d28     	str	x8, [x9, #0x138]
4008ad0c: 910083ff     	add	sp, sp, #0x20
4008ad10: d65f03c0     	ret
4008ad14: d503201f     	nop
4008ad18: d503201f     	nop
4008ad1c: d503201f     	nop

000000004008ad20 <restore_context>:
4008ad20: d10083ff     	sub	sp, sp, #0x20
4008ad24: f9000fe0     	str	x0, [sp, #0x18]
4008ad28: f9000be1     	str	x1, [sp, #0x10]
4008ad2c: 2a1f03e8     	mov	w8, wzr
4008ad30: b9000fe8     	str	w8, [sp, #0xc]
4008ad34: 14000001     	b	0x4008ad38 <restore_context+0x18>
4008ad38: b9400fe8     	ldr	w8, [sp, #0xc]
4008ad3c: 71007508     	subs	w8, w8, #0x1d
4008ad40: 540001cc     	b.gt	0x4008ad78 <restore_context+0x58>
4008ad44: 14000001     	b	0x4008ad48 <restore_context+0x28>
4008ad48: f9400fe8     	ldr	x8, [sp, #0x18]
4008ad4c: b9800fe9     	ldrsw	x9, [sp, #0xc]
4008ad50: d37df12a     	lsl	x10, x9, #3
4008ad54: 8b0a0108     	add	x8, x8, x10
4008ad58: f9401908     	ldr	x8, [x8, #0x30]
4008ad5c: f9400be9     	ldr	x9, [sp, #0x10]
4008ad60: f82a6928     	str	x8, [x9, x10]
4008ad64: 14000001     	b	0x4008ad68 <restore_context+0x48>
4008ad68: b9400fe8     	ldr	w8, [sp, #0xc]
4008ad6c: 11000508     	add	w8, w8, #0x1
4008ad70: b9000fe8     	str	w8, [sp, #0xc]
4008ad74: 17fffff1     	b	0x4008ad38 <restore_context+0x18>
4008ad78: f9400fe8     	ldr	x8, [sp, #0x18]
4008ad7c: f9409108     	ldr	x8, [x8, #0x120]
4008ad80: f9400be9     	ldr	x9, [sp, #0x10]
4008ad84: f9007928     	str	x8, [x9, #0xf0]
4008ad88: f9400fe8     	ldr	x8, [sp, #0x18]
4008ad8c: f9409508     	ldr	x8, [x8, #0x128]
4008ad90: f9400be9     	ldr	x9, [sp, #0x10]
4008ad94: f9007d28     	str	x8, [x9, #0xf8]
4008ad98: f9400fe8     	ldr	x8, [sp, #0x18]
4008ad9c: f9409908     	ldr	x8, [x8, #0x130]
4008ada0: f9400be9     	ldr	x9, [sp, #0x10]
4008ada4: f9008128     	str	x8, [x9, #0x100]
4008ada8: f9400fe8     	ldr	x8, [sp, #0x18]
4008adac: f9409d08     	ldr	x8, [x8, #0x138]
4008adb0: f90003e8     	str	x8, [sp]
4008adb4: f94003e8     	ldr	x8, [sp]
4008adb8: d5184108     	msr	SP_EL0, x8
4008adbc: 910083ff     	add	sp, sp, #0x20
4008adc0: d65f03c0     	ret
4008adc4: d503201f     	nop
4008adc8: d503201f     	nop
4008adcc: d503201f     	nop

000000004008add0 <scheduler_finished>:
4008add0: a9bf7bfd     	stp	x29, x30, [sp, #-0x10]!
4008add4: 910003fd     	mov	x29, sp
4008add8: f0000ca0     	adrp	x0, 0x40221000 <proc_table+0x3418>
4008addc: 911be000     	add	x0, x0, #0x6f8
4008ade0: 52800021     	mov	w1, #0x1                // =1
4008ade4: 97ffd9dd     	bl	0x40081558 <longjmp>
4008ade8: a8c17bfd     	ldp	x29, x30, [sp], #0x10
4008adec: d65f03c0     	ret

000000004008adf0 <process_exit>:
4008adf0: d10103ff     	sub	sp, sp, #0x40
4008adf4: a9037bfd     	stp	x29, x30, [sp, #0x30]
4008adf8: 9100c3fd     	add	x29, sp, #0x30
4008adfc: f81f83a0     	stur	x0, [x29, #-0x8]
4008ae00: 97fffd10     	bl	0x4008a240 <current_process>
4008ae04: f81f03a0     	stur	x0, [x29, #-0x10]
4008ae08: f85f03a8     	ldur	x8, [x29, #-0x10]
4008ae0c: b5000068     	cbnz	x8, 0x4008ae18 <process_exit+0x28>
4008ae10: 14000001     	b	0x4008ae14 <process_exit+0x24>
4008ae14: 14000035     	b	0x4008aee8 <process_exit+0xf8>
4008ae18: 90000040     	adrp	x0, 0x40092000 <UART0_FR+0x14d8>
4008ae1c: 91273c00     	add	x0, x0, #0x9cf
4008ae20: 97ffe940     	bl	0x40085320 <uart_puts>
4008ae24: f85f03a8     	ldur	x8, [x29, #-0x10]
4008ae28: b9400100     	ldr	w0, [x8]
4008ae2c: 97ffe959     	bl	0x40085390 <print_int>
4008ae30: 90000040     	adrp	x0, 0x40092000 <UART0_FR+0x14d8>
4008ae34: 9122ec00     	add	x0, x0, #0x8bb
4008ae38: 97ffe93a     	bl	0x40085320 <uart_puts>
4008ae3c: f85f03a8     	ldur	x8, [x29, #-0x10]
4008ae40: 91004100     	add	x0, x8, #0x10
4008ae44: 97ffe937     	bl	0x40085320 <uart_puts>
4008ae48: f0000020     	adrp	x0, 0x40091000 <UART0_FR+0x4d8>
4008ae4c: 912d3400     	add	x0, x0, #0xb4d
4008ae50: 97ffe934     	bl	0x40085320 <uart_puts>
4008ae54: 2a1f03e8     	mov	w8, wzr
4008ae58: b81ec3a8     	stur	w8, [x29, #-0x14]
4008ae5c: 14000001     	b	0x4008ae60 <process_exit+0x70>
4008ae60: b85ec3a8     	ldur	w8, [x29, #-0x14]
4008ae64: 71007d08     	subs	w8, w8, #0x1f
4008ae68: 5400022c     	b.gt	0x4008aeac <process_exit+0xbc>
4008ae6c: 14000001     	b	0x4008ae70 <process_exit+0x80>
4008ae70: f85f03a8     	ldur	x8, [x29, #-0x10]
4008ae74: b89ec3a9     	ldursw	x9, [x29, #-0x14]
4008ae78: 8b090908     	add	x8, x8, x9, lsl #2
4008ae7c: b9415108     	ldr	w8, [x8, #0x150]
4008ae80: 31000508     	adds	w8, w8, #0x1
4008ae84: 540000a0     	b.eq	0x4008ae98 <process_exit+0xa8>
4008ae88: 14000001     	b	0x4008ae8c <process_exit+0x9c>
4008ae8c: b85ec3a0     	ldur	w0, [x29, #-0x14]
4008ae90: 97ffe388     	bl	0x40083cb0 <file_close>
4008ae94: 14000001     	b	0x4008ae98 <process_exit+0xa8>
4008ae98: 14000001     	b	0x4008ae9c <process_exit+0xac>
4008ae9c: b85ec3a8     	ldur	w8, [x29, #-0x14]
4008aea0: 11000508     	add	w8, w8, #0x1
4008aea4: b81ec3a8     	stur	w8, [x29, #-0x14]
4008aea8: 17ffffee     	b	0x4008ae60 <process_exit+0x70>
4008aeac: f0000c80     	adrp	x0, 0x4021d000 <pipes+0x7c24>
4008aeb0: 912f8000     	add	x0, x0, #0xbe0
4008aeb4: f90007e0     	str	x0, [sp, #0x8]
4008aeb8: 97ffe816     	bl	0x40084f10 <spinlock_acquire_irqsave>
4008aebc: aa0003e8     	mov	x8, x0
4008aec0: f94007e0     	ldr	x0, [sp, #0x8]
4008aec4: f9000be8     	str	x8, [sp, #0x10]
4008aec8: f85f03a9     	ldur	x9, [x29, #-0x10]
4008aecc: 52800088     	mov	w8, #0x4                // =4
4008aed0: b9000528     	str	w8, [x9, #0x4]
4008aed4: f9400be1     	ldr	x1, [sp, #0x10]
4008aed8: 97ffe81e     	bl	0x40084f50 <spinlock_release_irqrestore>
4008aedc: f85f83a0     	ldur	x0, [x29, #-0x8]
4008aee0: 97fffe80     	bl	0x4008a8e0 <schedule>
4008aee4: 14000001     	b	0x4008aee8 <process_exit+0xf8>
4008aee8: a9437bfd     	ldp	x29, x30, [sp, #0x30]
4008aeec: 910103ff     	add	sp, sp, #0x40
4008aef0: d65f03c0     	ret
4008aef4: d503201f     	nop
4008aef8: d503201f     	nop
4008aefc: d503201f     	nop

000000004008af00 <process_kill>:
4008af00: d100c3ff     	sub	sp, sp, #0x30
4008af04: a9027bfd     	stp	x29, x30, [sp, #0x20]
4008af08: 910083fd     	add	x29, sp, #0x20
4008af0c: b81f83a0     	stur	w0, [x29, #-0x8]
4008af10: b85f83a8     	ldur	w8, [x29, #-0x8]
4008af14: 37f800c8     	tbnz	w8, #0x1f, 0x4008af2c <process_kill+0x2c>
4008af18: 14000001     	b	0x4008af1c <process_kill+0x1c>
4008af1c: b85f83a8     	ldur	w8, [x29, #-0x8]
4008af20: 71008108     	subs	w8, w8, #0x20
4008af24: 540000ab     	b.lt	0x4008af38 <process_kill+0x38>
4008af28: 14000001     	b	0x4008af2c <process_kill+0x2c>
4008af2c: 12800008     	mov	w8, #-0x1               // =-1
4008af30: b81fc3a8     	stur	w8, [x29, #-0x4]
4008af34: 14000045     	b	0x4008b048 <process_kill+0x148>
4008af38: f0000c80     	adrp	x0, 0x4021d000 <pipes+0x7c24>
4008af3c: 912f8000     	add	x0, x0, #0xbe0
4008af40: 97ffe7f4     	bl	0x40084f10 <spinlock_acquire_irqsave>
4008af44: f9000be0     	str	x0, [sp, #0x10]
4008af48: b89f83a8     	ldursw	x8, [x29, #-0x8]
4008af4c: 52803b09     	mov	w9, #0x1d8              // =472
4008af50: 2a0903e0     	mov	w0, w9
4008af54: 2a0003e9     	mov	w9, w0
4008af58: f0000c8a     	adrp	x10, 0x4021d000 <pipes+0x7c24>
4008af5c: 912fa14a     	add	x10, x10, #0xbe8
4008af60: 9b292908     	smaddl	x8, w8, w9, x10
4008af64: f90007e8     	str	x8, [sp, #0x8]
4008af68: f94007e8     	ldr	x8, [sp, #0x8]
4008af6c: b9400508     	ldr	w8, [x8, #0x4]
4008af70: 340000e8     	cbz	w8, 0x4008af8c <process_kill+0x8c>
4008af74: 14000001     	b	0x4008af78 <process_kill+0x78>
4008af78: f94007e8     	ldr	x8, [sp, #0x8]
4008af7c: b9400508     	ldr	w8, [x8, #0x4]
4008af80: 71001108     	subs	w8, w8, #0x4
4008af84: 54000121     	b.ne	0x4008afa8 <process_kill+0xa8>
4008af88: 14000001     	b	0x4008af8c <process_kill+0x8c>
4008af8c: f9400be1     	ldr	x1, [sp, #0x10]
4008af90: f0000c80     	adrp	x0, 0x4021d000 <pipes+0x7c24>
4008af94: 912f8000     	add	x0, x0, #0xbe0
4008af98: 97ffe7ee     	bl	0x40084f50 <spinlock_release_irqrestore>
4008af9c: 12800008     	mov	w8, #-0x1               // =-1
4008afa0: b81fc3a8     	stur	w8, [x29, #-0x4]
4008afa4: 14000029     	b	0x4008b048 <process_kill+0x148>
4008afa8: f94007e9     	ldr	x9, [sp, #0x8]
4008afac: 52800088     	mov	w8, #0x4                // =4
4008afb0: b9000528     	str	w8, [x9, #0x4]
4008afb4: f9400be1     	ldr	x1, [sp, #0x10]
4008afb8: f0000c80     	adrp	x0, 0x4021d000 <pipes+0x7c24>
4008afbc: 912f8000     	add	x0, x0, #0xbe0
4008afc0: 97ffe7e4     	bl	0x40084f50 <spinlock_release_irqrestore>
4008afc4: 2a1f03e8     	mov	w8, wzr
4008afc8: b90007e8     	str	w8, [sp, #0x4]
4008afcc: 14000001     	b	0x4008afd0 <process_kill+0xd0>
4008afd0: b94007e8     	ldr	w8, [sp, #0x4]
4008afd4: 71007d08     	subs	w8, w8, #0x1f
4008afd8: 5400032c     	b.gt	0x4008b03c <process_kill+0x13c>
4008afdc: 14000001     	b	0x4008afe0 <process_kill+0xe0>
4008afe0: f94007e8     	ldr	x8, [sp, #0x8]
4008afe4: b98007e9     	ldrsw	x9, [sp, #0x4]
4008afe8: 8b090908     	add	x8, x8, x9, lsl #2
4008afec: b9415108     	ldr	w8, [x8, #0x150]
4008aff0: 31000508     	adds	w8, w8, #0x1
4008aff4: 540001a0     	b.eq	0x4008b028 <process_kill+0x128>
4008aff8: 14000001     	b	0x4008affc <process_kill+0xfc>
4008affc: f94007e8     	ldr	x8, [sp, #0x8]
4008b000: b98007e9     	ldrsw	x9, [sp, #0x4]
4008b004: 8b090908     	add	x8, x8, x9, lsl #2
4008b008: b9415100     	ldr	w0, [x8, #0x150]
4008b00c: 97ffe391     	bl	0x40083e50 <fs_close_global>
4008b010: f94007e8     	ldr	x8, [sp, #0x8]
4008b014: b98007e9     	ldrsw	x9, [sp, #0x4]
4008b018: 8b090909     	add	x9, x8, x9, lsl #2
4008b01c: 12800008     	mov	w8, #-0x1               // =-1
4008b020: b9015128     	str	w8, [x9, #0x150]
4008b024: 14000001     	b	0x4008b028 <process_kill+0x128>
4008b028: 14000001     	b	0x4008b02c <process_kill+0x12c>
4008b02c: b94007e8     	ldr	w8, [sp, #0x4]
4008b030: 11000508     	add	w8, w8, #0x1
4008b034: b90007e8     	str	w8, [sp, #0x4]
4008b038: 17ffffe6     	b	0x4008afd0 <process_kill+0xd0>
4008b03c: 2a1f03e8     	mov	w8, wzr
4008b040: b81fc3a8     	stur	w8, [x29, #-0x4]
4008b044: 14000001     	b	0x4008b048 <process_kill+0x148>
4008b048: b85fc3a0     	ldur	w0, [x29, #-0x4]
4008b04c: a9427bfd     	ldp	x29, x30, [sp, #0x20]
4008b050: 9100c3ff     	add	sp, sp, #0x30
4008b054: d65f03c0     	ret
4008b058: d503201f     	nop
4008b05c: d503201f     	nop

000000004008b060 <process_fork>:
4008b060: d10183ff     	sub	sp, sp, #0x60
4008b064: a9057bfd     	stp	x29, x30, [sp, #0x50]
4008b068: 910143fd     	add	x29, sp, #0x50
4008b06c: f81f03a0     	stur	x0, [x29, #-0x10]
4008b070: 97fffc74     	bl	0x4008a240 <current_process>
4008b074: f81e83a0     	stur	x0, [x29, #-0x18]
4008b078: f85e83a8     	ldur	x8, [x29, #-0x18]
4008b07c: b50000a8     	cbnz	x8, 0x4008b090 <process_fork+0x30>
4008b080: 14000001     	b	0x4008b084 <process_fork+0x24>
4008b084: 12800008     	mov	w8, #-0x1               // =-1
4008b088: b81fc3a8     	stur	w8, [x29, #-0x4]
4008b08c: 1400006d     	b	0x4008b240 <process_fork+0x1e0>
4008b090: 97fffcf4     	bl	0x4008a460 <process_create>
4008b094: b81e43a0     	stur	w0, [x29, #-0x1c]
4008b098: b85e43a8     	ldur	w8, [x29, #-0x1c]
4008b09c: 36f800a8     	tbz	w8, #0x1f, 0x4008b0b0 <process_fork+0x50>
4008b0a0: 14000001     	b	0x4008b0a4 <process_fork+0x44>
4008b0a4: 12800008     	mov	w8, #-0x1               // =-1
4008b0a8: b81fc3a8     	stur	w8, [x29, #-0x4]
4008b0ac: 14000065     	b	0x4008b240 <process_fork+0x1e0>
4008b0b0: d0000c80     	adrp	x0, 0x4021d000 <pipes+0x7c24>
4008b0b4: 912f8000     	add	x0, x0, #0xbe0
4008b0b8: 97ffe796     	bl	0x40084f10 <spinlock_acquire_irqsave>
4008b0bc: f90017e0     	str	x0, [sp, #0x28]
4008b0c0: b89e43a8     	ldursw	x8, [x29, #-0x1c]
4008b0c4: 52803b09     	mov	w9, #0x1d8              // =472
4008b0c8: 2a0903e0     	mov	w0, w9
4008b0cc: 2a0003e9     	mov	w9, w0
4008b0d0: d0000c8a     	adrp	x10, 0x4021d000 <pipes+0x7c24>
4008b0d4: 912fa14a     	add	x10, x10, #0xbe8
4008b0d8: 9b292908     	smaddl	x8, w8, w9, x10
4008b0dc: f90013e8     	str	x8, [sp, #0x20]
4008b0e0: f85e83a8     	ldur	x8, [x29, #-0x18]
4008b0e4: b9400108     	ldr	w8, [x8]
4008b0e8: f94013e9     	ldr	x9, [sp, #0x20]
4008b0ec: b9000928     	str	w8, [x9, #0x8]
4008b0f0: 2a1f03e8     	mov	w8, wzr
4008b0f4: b9001fe8     	str	w8, [sp, #0x1c]
4008b0f8: 14000001     	b	0x4008b0fc <process_fork+0x9c>
4008b0fc: b9401fe8     	ldr	w8, [sp, #0x1c]
4008b100: 71007d08     	subs	w8, w8, #0x1f
4008b104: 540001cc     	b.gt	0x4008b13c <process_fork+0xdc>
4008b108: 14000001     	b	0x4008b10c <process_fork+0xac>
4008b10c: f85e83a8     	ldur	x8, [x29, #-0x18]
4008b110: b9801fea     	ldrsw	x10, [sp, #0x1c]
4008b114: 8b0a0108     	add	x8, x8, x10
4008b118: 39404108     	ldrb	w8, [x8, #0x10]
4008b11c: f94013e9     	ldr	x9, [sp, #0x20]
4008b120: 8b0a0129     	add	x9, x9, x10
4008b124: 39004128     	strb	w8, [x9, #0x10]
4008b128: 14000001     	b	0x4008b12c <process_fork+0xcc>
4008b12c: b9401fe8     	ldr	w8, [sp, #0x1c]
4008b130: 11000508     	add	w8, w8, #0x1
4008b134: b9001fe8     	str	w8, [sp, #0x1c]
4008b138: 17fffff1     	b	0x4008b0fc <process_fork+0x9c>
4008b13c: f94013e8     	ldr	x8, [sp, #0x20]
4008b140: f940a500     	ldr	x0, [x8, #0x148]
4008b144: f85e83a8     	ldur	x8, [x29, #-0x18]
4008b148: f940a501     	ldr	x1, [x8, #0x148]
4008b14c: 52a02008     	mov	w8, #0x1000000          // =16777216
4008b150: 2a0803e2     	mov	w2, w8
4008b154: 9400003f     	bl	0x4008b250 <kmemcpy>
4008b158: f94013e0     	ldr	x0, [sp, #0x20]
4008b15c: f85f03a1     	ldur	x1, [x29, #-0x10]
4008b160: 97fffec4     	bl	0x4008ac70 <save_context>
4008b164: f94013e9     	ldr	x9, [sp, #0x20]
4008b168: aa1f03e8     	mov	x8, xzr
4008b16c: f9001928     	str	x8, [x9, #0x30]
4008b170: d5384108     	mrs	x8, SP_EL0
4008b174: f9000be8     	str	x8, [sp, #0x10]
4008b178: f9400be8     	ldr	x8, [sp, #0x10]
4008b17c: f94013e9     	ldr	x9, [sp, #0x20]
4008b180: f9009d28     	str	x8, [x9, #0x138]
4008b184: f85e83a8     	ldur	x8, [x29, #-0x18]
4008b188: b941d108     	ldr	w8, [x8, #0x1d0]
4008b18c: f94013e9     	ldr	x9, [sp, #0x20]
4008b190: b901d128     	str	w8, [x9, #0x1d0]
4008b194: 2a1f03e8     	mov	w8, wzr
4008b198: b9000fe8     	str	w8, [sp, #0xc]
4008b19c: 14000001     	b	0x4008b1a0 <process_fork+0x140>
4008b1a0: b9400fe8     	ldr	w8, [sp, #0xc]
4008b1a4: 71007d08     	subs	w8, w8, #0x1f
4008b1a8: 5400038c     	b.gt	0x4008b218 <process_fork+0x1b8>
4008b1ac: 14000001     	b	0x4008b1b0 <process_fork+0x150>
4008b1b0: f85e83a8     	ldur	x8, [x29, #-0x18]
4008b1b4: b9800fe9     	ldrsw	x9, [sp, #0xc]
4008b1b8: d37ef52a     	lsl	x10, x9, #2
4008b1bc: 8b0a0108     	add	x8, x8, x10
4008b1c0: b9415108     	ldr	w8, [x8, #0x150]
4008b1c4: f94013e9     	ldr	x9, [sp, #0x20]
4008b1c8: 8b0a0129     	add	x9, x9, x10
4008b1cc: b9015128     	str	w8, [x9, #0x150]
4008b1d0: f94013e8     	ldr	x8, [sp, #0x20]
4008b1d4: b9800fe9     	ldrsw	x9, [sp, #0xc]
4008b1d8: 8b090908     	add	x8, x8, x9, lsl #2
4008b1dc: b9415108     	ldr	w8, [x8, #0x150]
4008b1e0: 31000508     	adds	w8, w8, #0x1
4008b1e4: 54000100     	b.eq	0x4008b204 <process_fork+0x1a4>
4008b1e8: 14000001     	b	0x4008b1ec <process_fork+0x18c>
4008b1ec: f94013e8     	ldr	x8, [sp, #0x20]
4008b1f0: b9800fe9     	ldrsw	x9, [sp, #0xc]
4008b1f4: 8b090908     	add	x8, x8, x9, lsl #2
4008b1f8: b9415100     	ldr	w0, [x8, #0x150]
4008b1fc: 97ffe511     	bl	0x40084640 <fs_reopen>
4008b200: 14000001     	b	0x4008b204 <process_fork+0x1a4>
4008b204: 14000001     	b	0x4008b208 <process_fork+0x1a8>
4008b208: b9400fe8     	ldr	w8, [sp, #0xc]
4008b20c: 11000508     	add	w8, w8, #0x1
4008b210: b9000fe8     	str	w8, [sp, #0xc]
4008b214: 17ffffe3     	b	0x4008b1a0 <process_fork+0x140>
4008b218: f94013e9     	ldr	x9, [sp, #0x20]
4008b21c: 52800048     	mov	w8, #0x2                // =2
4008b220: b9000528     	str	w8, [x9, #0x4]
4008b224: f94017e1     	ldr	x1, [sp, #0x28]
4008b228: d0000c80     	adrp	x0, 0x4021d000 <pipes+0x7c24>
4008b22c: 912f8000     	add	x0, x0, #0xbe0
4008b230: 97ffe748     	bl	0x40084f50 <spinlock_release_irqrestore>
4008b234: b85e43a8     	ldur	w8, [x29, #-0x1c]
4008b238: b81fc3a8     	stur	w8, [x29, #-0x4]
4008b23c: 14000001     	b	0x4008b240 <process_fork+0x1e0>
4008b240: b85fc3a0     	ldur	w0, [x29, #-0x4]
4008b244: a9457bfd     	ldp	x29, x30, [sp, #0x50]
4008b248: 910183ff     	add	sp, sp, #0x60
4008b24c: d65f03c0     	ret

000000004008b250 <kmemcpy>:
4008b250: d10143ff     	sub	sp, sp, #0x50
4008b254: f90027e0     	str	x0, [sp, #0x48]
4008b258: f90023e1     	str	x1, [sp, #0x40]
4008b25c: f9001fe2     	str	x2, [sp, #0x38]
4008b260: f94027e8     	ldr	x8, [sp, #0x48]
4008b264: f9001be8     	str	x8, [sp, #0x30]
4008b268: f94023e8     	ldr	x8, [sp, #0x40]
4008b26c: f90017e8     	str	x8, [sp, #0x28]
4008b270: aa1f03e8     	mov	x8, xzr
4008b274: f90013e8     	str	x8, [sp, #0x20]
4008b278: 14000001     	b	0x4008b27c <kmemcpy+0x2c>
4008b27c: f94013e8     	ldr	x8, [sp, #0x20]
4008b280: f9401fe9     	ldr	x9, [sp, #0x38]
4008b284: eb490d08     	subs	x8, x8, x9, lsr #3
4008b288: 54000182     	b.hs	0x4008b2b8 <kmemcpy+0x68>
4008b28c: 14000001     	b	0x4008b290 <kmemcpy+0x40>
4008b290: f94017e8     	ldr	x8, [sp, #0x28]
4008b294: f94013ea     	ldr	x10, [sp, #0x20]
4008b298: f86a7908     	ldr	x8, [x8, x10, lsl #3]
4008b29c: f9401be9     	ldr	x9, [sp, #0x30]
4008b2a0: f82a7928     	str	x8, [x9, x10, lsl #3]
4008b2a4: 14000001     	b	0x4008b2a8 <kmemcpy+0x58>
4008b2a8: f94013e8     	ldr	x8, [sp, #0x20]
4008b2ac: 91000508     	add	x8, x8, #0x1
4008b2b0: f90013e8     	str	x8, [sp, #0x20]
4008b2b4: 17fffff2     	b	0x4008b27c <kmemcpy+0x2c>
4008b2b8: f94027e8     	ldr	x8, [sp, #0x48]
4008b2bc: f9000fe8     	str	x8, [sp, #0x18]
4008b2c0: f94023e8     	ldr	x8, [sp, #0x40]
4008b2c4: f9000be8     	str	x8, [sp, #0x10]
4008b2c8: f94013e8     	ldr	x8, [sp, #0x20]
4008b2cc: d37df108     	lsl	x8, x8, #3
4008b2d0: f90007e8     	str	x8, [sp, #0x8]
4008b2d4: 14000001     	b	0x4008b2d8 <kmemcpy+0x88>
4008b2d8: f94007e8     	ldr	x8, [sp, #0x8]
4008b2dc: f9401fe9     	ldr	x9, [sp, #0x38]
4008b2e0: eb090108     	subs	x8, x8, x9
4008b2e4: 54000182     	b.hs	0x4008b314 <kmemcpy+0xc4>
4008b2e8: 14000001     	b	0x4008b2ec <kmemcpy+0x9c>
4008b2ec: f9400be8     	ldr	x8, [sp, #0x10]
4008b2f0: f94007ea     	ldr	x10, [sp, #0x8]
4008b2f4: 386a6908     	ldrb	w8, [x8, x10]
4008b2f8: f9400fe9     	ldr	x9, [sp, #0x18]
4008b2fc: 382a6928     	strb	w8, [x9, x10]
4008b300: 14000001     	b	0x4008b304 <kmemcpy+0xb4>
4008b304: f94007e8     	ldr	x8, [sp, #0x8]
4008b308: 91000508     	add	x8, x8, #0x1
4008b30c: f90007e8     	str	x8, [sp, #0x8]
4008b310: 17fffff2     	b	0x4008b2d8 <kmemcpy+0x88>
4008b314: 910143ff     	add	sp, sp, #0x50
4008b318: d65f03c0     	ret
4008b31c: d503201f     	nop

000000004008b320 <process_sleep>:
4008b320: d100c3ff     	sub	sp, sp, #0x30
4008b324: a9027bfd     	stp	x29, x30, [sp, #0x20]
4008b328: 910083fd     	add	x29, sp, #0x20
4008b32c: 940004d5     	bl	0x4008c680 <get_cpuid>
4008b330: b81fc3a0     	stur	w0, [x29, #-0x4]
4008b334: d0000c80     	adrp	x0, 0x4021d000 <pipes+0x7c24>
4008b338: 912f8000     	add	x0, x0, #0xbe0
4008b33c: 97ffe6f5     	bl	0x40084f10 <spinlock_acquire_irqsave>
4008b340: f9000be0     	str	x0, [sp, #0x10]
4008b344: b85fc3a8     	ldur	w8, [x29, #-0x4]
4008b348: 2a0803e9     	mov	w9, w8
4008b34c: d0000ca8     	adrp	x8, 0x40221000 <proc_table+0x3418>
4008b350: 911ba108     	add	x8, x8, #0x6e8
4008b354: b8697908     	ldr	w8, [x8, x9, lsl #2]
4008b358: b9000fe8     	str	w8, [sp, #0xc]
4008b35c: b9400fe8     	ldr	w8, [sp, #0xc]
4008b360: 37f80228     	tbnz	w8, #0x1f, 0x4008b3a4 <process_sleep+0x84>
4008b364: 14000001     	b	0x4008b368 <process_sleep+0x48>
4008b368: b9800fe8     	ldrsw	x8, [sp, #0xc]
4008b36c: 52803b09     	mov	w9, #0x1d8              // =472
4008b370: 2a0903e0     	mov	w0, w9
4008b374: 2a0003e9     	mov	w9, w0
4008b378: d0000c8a     	adrp	x10, 0x4021d000 <pipes+0x7c24>
4008b37c: 912fa14a     	add	x10, x10, #0xbe8
4008b380: 9b292909     	smaddl	x9, w8, w9, x10
4008b384: 528000a8     	mov	w8, #0x5                // =5
4008b388: b9000528     	str	w8, [x9, #0x4]
4008b38c: f9400be1     	ldr	x1, [sp, #0x10]
4008b390: d0000c80     	adrp	x0, 0x4021d000 <pipes+0x7c24>
4008b394: 912f8000     	add	x0, x0, #0xbe0
4008b398: 97ffe6ee     	bl	0x40084f50 <spinlock_release_irqrestore>
4008b39c: d4001fe1     	svc	#0xff
4008b3a0: 14000007     	b	0x4008b3bc <process_sleep+0x9c>
4008b3a4: f9400be1     	ldr	x1, [sp, #0x10]
4008b3a8: d0000c80     	adrp	x0, 0x4021d000 <pipes+0x7c24>
4008b3ac: 912f8000     	add	x0, x0, #0xbe0
4008b3b0: 97ffe6e8     	bl	0x40084f50 <spinlock_release_irqrestore>
4008b3b4: d503207f     	wfi
4008b3b8: 14000001     	b	0x4008b3bc <process_sleep+0x9c>
4008b3bc: a9427bfd     	ldp	x29, x30, [sp, #0x20]
4008b3c0: 9100c3ff     	add	sp, sp, #0x30
4008b3c4: d65f03c0     	ret
4008b3c8: d503201f     	nop
4008b3cc: d503201f     	nop

000000004008b3d0 <process_wakeup>:
4008b3d0: d10083ff     	sub	sp, sp, #0x20
4008b3d4: a9017bfd     	stp	x29, x30, [sp, #0x10]
4008b3d8: 910043fd     	add	x29, sp, #0x10
4008b3dc: b81fc3a0     	stur	w0, [x29, #-0x4]
4008b3e0: b85fc3a8     	ldur	w8, [x29, #-0x4]
4008b3e4: 37f800c8     	tbnz	w8, #0x1f, 0x4008b3fc <process_wakeup+0x2c>
4008b3e8: 14000001     	b	0x4008b3ec <process_wakeup+0x1c>
4008b3ec: b85fc3a8     	ldur	w8, [x29, #-0x4]
4008b3f0: 71008108     	subs	w8, w8, #0x20
4008b3f4: 5400006b     	b.lt	0x4008b400 <process_wakeup+0x30>
4008b3f8: 14000001     	b	0x4008b3fc <process_wakeup+0x2c>
4008b3fc: 1400001f     	b	0x4008b478 <process_wakeup+0xa8>
4008b400: d0000c80     	adrp	x0, 0x4021d000 <pipes+0x7c24>
4008b404: 912f8000     	add	x0, x0, #0xbe0
4008b408: 97ffe6c2     	bl	0x40084f10 <spinlock_acquire_irqsave>
4008b40c: f90003e0     	str	x0, [sp]
4008b410: b89fc3a8     	ldursw	x8, [x29, #-0x4]
4008b414: 52803b09     	mov	w9, #0x1d8              // =472
4008b418: 2a0903e0     	mov	w0, w9
4008b41c: 2a0003e9     	mov	w9, w0
4008b420: d0000c8a     	adrp	x10, 0x4021d000 <pipes+0x7c24>
4008b424: 912fa14a     	add	x10, x10, #0xbe8
4008b428: 9b292908     	smaddl	x8, w8, w9, x10
4008b42c: b9400508     	ldr	w8, [x8, #0x4]
4008b430: 71001508     	subs	w8, w8, #0x5
4008b434: 54000181     	b.ne	0x4008b464 <process_wakeup+0x94>
4008b438: 14000001     	b	0x4008b43c <process_wakeup+0x6c>
4008b43c: b89fc3a8     	ldursw	x8, [x29, #-0x4]
4008b440: 52803b09     	mov	w9, #0x1d8              // =472
4008b444: 2a0903e0     	mov	w0, w9
4008b448: 2a0003e9     	mov	w9, w0
4008b44c: d0000c8a     	adrp	x10, 0x4021d000 <pipes+0x7c24>
4008b450: 912fa14a     	add	x10, x10, #0xbe8
4008b454: 9b292909     	smaddl	x9, w8, w9, x10
4008b458: 52800048     	mov	w8, #0x2                // =2
4008b45c: b9000528     	str	w8, [x9, #0x4]
4008b460: 14000001     	b	0x4008b464 <process_wakeup+0x94>
4008b464: f94003e1     	ldr	x1, [sp]
4008b468: d0000c80     	adrp	x0, 0x4021d000 <pipes+0x7c24>
4008b46c: 912f8000     	add	x0, x0, #0xbe0
4008b470: 97ffe6b8     	bl	0x40084f50 <spinlock_release_irqrestore>
4008b474: 14000001     	b	0x4008b478 <process_wakeup+0xa8>
4008b478: a9417bfd     	ldp	x29, x30, [sp, #0x10]
4008b47c: 910083ff     	add	sp, sp, #0x20
4008b480: d65f03c0     	ret
4008b484: d503201f     	nop
4008b488: d503201f     	nop
4008b48c: d503201f     	nop

000000004008b490 <process_wake_kernel_threads>:
4008b490: d100c3ff     	sub	sp, sp, #0x30
4008b494: a9027bfd     	stp	x29, x30, [sp, #0x20]
4008b498: 910083fd     	add	x29, sp, #0x20
4008b49c: d0000c80     	adrp	x0, 0x4021d000 <pipes+0x7c24>
4008b4a0: 912f8000     	add	x0, x0, #0xbe0
4008b4a4: 97ffe69b     	bl	0x40084f10 <spinlock_acquire_irqsave>
4008b4a8: f81f83a0     	stur	x0, [x29, #-0x8]
4008b4ac: d0000020     	adrp	x0, 0x40091000 <UART0_FR+0x4d8>
4008b4b0: 9116c400     	add	x0, x0, #0x5b1
4008b4b4: 97ffe79b     	bl	0x40085320 <uart_puts>
4008b4b8: d0000c88     	adrp	x8, 0x4021d000 <pipes+0x7c24>
4008b4bc: 912fb108     	add	x8, x8, #0xbec
4008b4c0: f90007e8     	str	x8, [sp, #0x8]
4008b4c4: b9400100     	ldr	w0, [x8]
4008b4c8: 97ffe7b2     	bl	0x40085390 <print_int>
4008b4cc: d0000020     	adrp	x0, 0x40091000 <UART0_FR+0x4d8>
4008b4d0: 911f8800     	add	x0, x0, #0x7e2
4008b4d4: 97ffe793     	bl	0x40085320 <uart_puts>
4008b4d8: f94007e8     	ldr	x8, [sp, #0x8]
4008b4dc: b9400900     	ldr	w0, [x8, #0x8]
4008b4e0: 97ffe7ac     	bl	0x40085390 <print_int>
4008b4e4: d0000020     	adrp	x0, 0x40091000 <UART0_FR+0x4d8>
4008b4e8: 913b0800     	add	x0, x0, #0xec2
4008b4ec: 97ffe78d     	bl	0x40085320 <uart_puts>
4008b4f0: 2a1f03e8     	mov	w8, wzr
4008b4f4: b81f43a8     	stur	w8, [x29, #-0xc]
4008b4f8: 14000001     	b	0x4008b4fc <process_wake_kernel_threads+0x6c>
4008b4fc: b85f43a8     	ldur	w8, [x29, #-0xc]
4008b500: 71007d08     	subs	w8, w8, #0x1f
4008b504: 540005cc     	b.gt	0x4008b5bc <process_wake_kernel_threads+0x12c>
4008b508: 14000001     	b	0x4008b50c <process_wake_kernel_threads+0x7c>
4008b50c: b89f43a8     	ldursw	x8, [x29, #-0xc]
4008b510: 52803b09     	mov	w9, #0x1d8              // =472
4008b514: 2a0903e0     	mov	w0, w9
4008b518: 2a0003e9     	mov	w9, w0
4008b51c: d0000c8a     	adrp	x10, 0x4021d000 <pipes+0x7c24>
4008b520: 912fa14a     	add	x10, x10, #0xbe8
4008b524: 9b292908     	smaddl	x8, w8, w9, x10
4008b528: b9400508     	ldr	w8, [x8, #0x4]
4008b52c: 71001508     	subs	w8, w8, #0x5
4008b530: 540003c1     	b.ne	0x4008b5a8 <process_wake_kernel_threads+0x118>
4008b534: 14000001     	b	0x4008b538 <process_wake_kernel_threads+0xa8>
4008b538: b89f43a8     	ldursw	x8, [x29, #-0xc]
4008b53c: 52803b09     	mov	w9, #0x1d8              // =472
4008b540: 2a0903e0     	mov	w0, w9
4008b544: 2a0003e9     	mov	w9, w0
4008b548: d0000c8a     	adrp	x10, 0x4021d000 <pipes+0x7c24>
4008b54c: 912fa14a     	add	x10, x10, #0xbe8
4008b550: 9b292908     	smaddl	x8, w8, w9, x10
4008b554: b9400d08     	ldr	w8, [x8, #0xc]
4008b558: 34000288     	cbz	w8, 0x4008b5a8 <process_wake_kernel_threads+0x118>
4008b55c: 14000001     	b	0x4008b560 <process_wake_kernel_threads+0xd0>
4008b560: b89f43a8     	ldursw	x8, [x29, #-0xc]
4008b564: 52803b09     	mov	w9, #0x1d8              // =472
4008b568: 2a0903e0     	mov	w0, w9
4008b56c: 2a0003e9     	mov	w9, w0
4008b570: d0000c8a     	adrp	x10, 0x4021d000 <pipes+0x7c24>
4008b574: 912fa14a     	add	x10, x10, #0xbe8
4008b578: 9b292909     	smaddl	x9, w8, w9, x10
4008b57c: 52800048     	mov	w8, #0x2                // =2
4008b580: b9000528     	str	w8, [x9, #0x4]
4008b584: f0000020     	adrp	x0, 0x40092000 <UART0_FR+0x14d8>
4008b588: 9101c000     	add	x0, x0, #0x70
4008b58c: 97ffe765     	bl	0x40085320 <uart_puts>
4008b590: b85f43a0     	ldur	w0, [x29, #-0xc]
4008b594: 97ffe77f     	bl	0x40085390 <print_int>
4008b598: d0000020     	adrp	x0, 0x40091000 <UART0_FR+0x4d8>
4008b59c: 913b0800     	add	x0, x0, #0xec2
4008b5a0: 97ffe760     	bl	0x40085320 <uart_puts>
4008b5a4: 14000001     	b	0x4008b5a8 <process_wake_kernel_threads+0x118>
4008b5a8: 14000001     	b	0x4008b5ac <process_wake_kernel_threads+0x11c>
4008b5ac: b85f43a8     	ldur	w8, [x29, #-0xc]
4008b5b0: 11000508     	add	w8, w8, #0x1
4008b5b4: b81f43a8     	stur	w8, [x29, #-0xc]
4008b5b8: 17ffffd1     	b	0x4008b4fc <process_wake_kernel_threads+0x6c>
4008b5bc: f85f83a1     	ldur	x1, [x29, #-0x8]
4008b5c0: d0000c80     	adrp	x0, 0x4021d000 <pipes+0x7c24>
4008b5c4: 912f8000     	add	x0, x0, #0xbe0
4008b5c8: 97ffe662     	bl	0x40084f50 <spinlock_release_irqrestore>
4008b5cc: a9427bfd     	ldp	x29, x30, [sp, #0x20]
4008b5d0: 9100c3ff     	add	sp, sp, #0x30
4008b5d4: d65f03c0     	ret
4008b5d8: d503201f     	nop
4008b5dc: d503201f     	nop

000000004008b5e0 <process_get_pcb>:
4008b5e0: d10043ff     	sub	sp, sp, #0x10
4008b5e4: b90007e0     	str	w0, [sp, #0x4]
4008b5e8: b94007e8     	ldr	w8, [sp, #0x4]
4008b5ec: 37f800c8     	tbnz	w8, #0x1f, 0x4008b604 <process_get_pcb+0x24>
4008b5f0: 14000001     	b	0x4008b5f4 <process_get_pcb+0x14>
4008b5f4: b94007e8     	ldr	w8, [sp, #0x4]
4008b5f8: 71008108     	subs	w8, w8, #0x20
4008b5fc: 540000ab     	b.lt	0x4008b610 <process_get_pcb+0x30>
4008b600: 14000001     	b	0x4008b604 <process_get_pcb+0x24>
4008b604: aa1f03e8     	mov	x8, xzr
4008b608: f90007e8     	str	x8, [sp, #0x8]
4008b60c: 1400000a     	b	0x4008b634 <process_get_pcb+0x54>
4008b610: b98007e8     	ldrsw	x8, [sp, #0x4]
4008b614: 52803b09     	mov	w9, #0x1d8              // =472
4008b618: 2a0903e0     	mov	w0, w9
4008b61c: 2a0003e9     	mov	w9, w0
4008b620: d0000c8a     	adrp	x10, 0x4021d000 <pipes+0x7c24>
4008b624: 912fa14a     	add	x10, x10, #0xbe8
4008b628: 9b292908     	smaddl	x8, w8, w9, x10
4008b62c: f90007e8     	str	x8, [sp, #0x8]
4008b630: 14000001     	b	0x4008b634 <process_get_pcb+0x54>
4008b634: f94007e0     	ldr	x0, [sp, #0x8]
4008b638: 910043ff     	add	sp, sp, #0x10
4008b63c: d65f03c0     	ret

000000004008b640 <start_scheduler>:
4008b640: d10583ff     	sub	sp, sp, #0x160
4008b644: a9147bfd     	stp	x29, x30, [sp, #0x140]
4008b648: f900abfc     	str	x28, [sp, #0x150]
4008b64c: 910503fd     	add	x29, sp, #0x140
4008b650: 9400040c     	bl	0x4008c680 <get_cpuid>
4008b654: b81fc3a0     	stur	w0, [x29, #-0x4]
4008b658: b85fc3a8     	ldur	w8, [x29, #-0x4]
4008b65c: 35000188     	cbnz	w8, 0x4008b68c <start_scheduler+0x4c>
4008b660: 14000001     	b	0x4008b664 <start_scheduler+0x24>
4008b664: d0000ca0     	adrp	x0, 0x40221000 <proc_table+0x3418>
4008b668: 911be000     	add	x0, x0, #0x6f8
4008b66c: 97ffd7b1     	bl	0x40081530 <setjmp>
4008b670: 340000e0     	cbz	w0, 0x4008b68c <start_scheduler+0x4c>
4008b674: 14000001     	b	0x4008b678 <start_scheduler+0x38>
4008b678: d50342ff     	msr	DAIFClr, #0x2
4008b67c: f940abfc     	ldr	x28, [sp, #0x150]
4008b680: a9547bfd     	ldp	x29, x30, [sp, #0x140]
4008b684: 910583ff     	add	sp, sp, #0x160
4008b688: d65f03c0     	ret
4008b68c: 14000001     	b	0x4008b690 <start_scheduler+0x50>
4008b690: d0000c80     	adrp	x0, 0x4021d000 <pipes+0x7c24>
4008b694: 912f8000     	add	x0, x0, #0xbe0
4008b698: 97ffe61e     	bl	0x40084f10 <spinlock_acquire_irqsave>
4008b69c: f81f03a0     	stur	x0, [x29, #-0x10]
4008b6a0: 2a1f03e8     	mov	w8, wzr
4008b6a4: b81ec3a8     	stur	w8, [x29, #-0x14]
4008b6a8: 14000001     	b	0x4008b6ac <start_scheduler+0x6c>
4008b6ac: b85ec3a8     	ldur	w8, [x29, #-0x14]
4008b6b0: 71007d08     	subs	w8, w8, #0x1f
4008b6b4: 540006cc     	b.gt	0x4008b78c <start_scheduler+0x14c>
4008b6b8: 14000001     	b	0x4008b6bc <start_scheduler+0x7c>
4008b6bc: b89ec3a8     	ldursw	x8, [x29, #-0x14]
4008b6c0: 52803b09     	mov	w9, #0x1d8              // =472
4008b6c4: 2a0903e0     	mov	w0, w9
4008b6c8: 2a0003e9     	mov	w9, w0
4008b6cc: d0000c8a     	adrp	x10, 0x4021d000 <pipes+0x7c24>
4008b6d0: 912fa14a     	add	x10, x10, #0xbe8
4008b6d4: 9b292908     	smaddl	x8, w8, w9, x10
4008b6d8: b9400508     	ldr	w8, [x8, #0x4]
4008b6dc: 71000908     	subs	w8, w8, #0x2
4008b6e0: 540004c1     	b.ne	0x4008b778 <start_scheduler+0x138>
4008b6e4: 14000001     	b	0x4008b6e8 <start_scheduler+0xa8>
4008b6e8: b85ec3a8     	ldur	w8, [x29, #-0x14]
4008b6ec: b85fc3a9     	ldur	w9, [x29, #-0x4]
4008b6f0: 2a0903ea     	mov	w10, w9
4008b6f4: d0000ca9     	adrp	x9, 0x40221000 <proc_table+0x3418>
4008b6f8: 911ba129     	add	x9, x9, #0x6e8
4008b6fc: b82a7928     	str	w8, [x9, x10, lsl #2]
4008b700: b89ec3a8     	ldursw	x8, [x29, #-0x14]
4008b704: 52803b09     	mov	w9, #0x1d8              // =472
4008b708: 2a0903e0     	mov	w0, w9
4008b70c: 2a0003e9     	mov	w9, w0
4008b710: b90017e9     	str	w9, [sp, #0x14]
4008b714: d0000c8a     	adrp	x10, 0x4021d000 <pipes+0x7c24>
4008b718: 912fa14a     	add	x10, x10, #0xbe8
4008b71c: f90007ea     	str	x10, [sp, #0x8]
4008b720: 9b29290b     	smaddl	x11, w8, w9, x10
4008b724: 52800068     	mov	w8, #0x3                // =3
4008b728: b9000568     	str	w8, [x11, #0x4]
4008b72c: b89ec3a8     	ldursw	x8, [x29, #-0x14]
4008b730: 9b292908     	smaddl	x8, w8, w9, x10
4008b734: f940a500     	ldr	x0, [x8, #0x148]
4008b738: 97ffe8fe     	bl	0x40085b30 <mmu_switch_user_mapping>
4008b73c: f94007ea     	ldr	x10, [sp, #0x8]
4008b740: b94017e9     	ldr	w9, [sp, #0x14]
4008b744: b89ec3a8     	ldursw	x8, [x29, #-0x14]
4008b748: 9b292900     	smaddl	x0, w8, w9, x10
4008b74c: 910083e1     	add	x1, sp, #0x20
4008b750: f9000fe1     	str	x1, [sp, #0x18]
4008b754: 97fffd73     	bl	0x4008ad20 <restore_context>
4008b758: f85f03a1     	ldur	x1, [x29, #-0x10]
4008b75c: d0000c80     	adrp	x0, 0x4021d000 <pipes+0x7c24>
4008b760: 912f8000     	add	x0, x0, #0xbe0
4008b764: 97ffe5fb     	bl	0x40084f50 <spinlock_release_irqrestore>
4008b768: f9400fe0     	ldr	x0, [sp, #0x18]
4008b76c: 97ffd751     	bl	0x400814b0 <execute_trap_frame>
4008b770: 14000001     	b	0x4008b774 <start_scheduler+0x134>
4008b774: 14000000     	b	0x4008b774 <start_scheduler+0x134>
4008b778: 14000001     	b	0x4008b77c <start_scheduler+0x13c>
4008b77c: b85ec3a8     	ldur	w8, [x29, #-0x14]
4008b780: 11000508     	add	w8, w8, #0x1
4008b784: b81ec3a8     	stur	w8, [x29, #-0x14]
4008b788: 17ffffc9     	b	0x4008b6ac <start_scheduler+0x6c>
4008b78c: f85f03a1     	ldur	x1, [x29, #-0x10]
4008b790: d0000c80     	adrp	x0, 0x4021d000 <pipes+0x7c24>
4008b794: 912f8000     	add	x0, x0, #0xbe0
4008b798: 97ffe5ee     	bl	0x40084f50 <spinlock_release_irqrestore>
4008b79c: d503207f     	wfi
4008b7a0: 17ffffbc     	b	0x4008b690 <start_scheduler+0x50>
		...

000000004008b7b0 <process_test_suite>:
4008b7b0: a9bf7bfd     	stp	x29, x30, [sp, #-0x10]!
4008b7b4: 910003fd     	mov	x29, sp
4008b7b8: d503201f     	nop
4008b7bc: 50037100     	adr	x0, 0x400925de <UART0_FR+0x1ab6>
4008b7c0: 97ffe6d8     	bl	0x40085320 <uart_puts>
4008b7c4: 94000007     	bl	0x4008b7e0 <test_process_init_and_create>
4008b7c8: 940000d6     	bl	0x4008bb20 <test_process_set_entry>
4008b7cc: a8c17bfd     	ldp	x29, x30, [sp], #0x10
4008b7d0: d65f03c0     	ret
4008b7d4: d503201f     	nop
4008b7d8: d503201f     	nop
4008b7dc: d503201f     	nop

000000004008b7e0 <test_process_init_and_create>:
4008b7e0: d10143ff     	sub	sp, sp, #0x50
4008b7e4: a9047bfd     	stp	x29, x30, [sp, #0x40]
4008b7e8: 910103fd     	add	x29, sp, #0x40
4008b7ec: f0000ca9     	adrp	x9, 0x40222000 <syscall_tasks+0x7f8>
4008b7f0: b9400928     	ldr	w8, [x9, #0x8]
4008b7f4: 11000508     	add	w8, w8, #0x1
4008b7f8: b9000928     	str	w8, [x9, #0x8]
4008b7fc: d0000020     	adrp	x0, 0x40091000 <UART0_FR+0x4d8>
4008b800: 9123d800     	add	x0, x0, #0x8f6
4008b804: 97ffe6c7     	bl	0x40085320 <uart_puts>
4008b808: 97fffa32     	bl	0x4008a0d0 <process_init>
4008b80c: 97fffb15     	bl	0x4008a460 <process_create>
4008b810: b81fc3a0     	stur	w0, [x29, #-0x4]
4008b814: 14000001     	b	0x4008b818 <test_process_init_and_create+0x38>
4008b818: b85fc3a8     	ldur	w8, [x29, #-0x4]
4008b81c: 2a1f03e9     	mov	w9, wzr
4008b820: b90007e9     	str	w9, [sp, #0x4]
4008b824: 37f800e8     	tbnz	w8, #0x1f, 0x4008b840 <test_process_init_and_create+0x60>
4008b828: 14000001     	b	0x4008b82c <test_process_init_and_create+0x4c>
4008b82c: b85fc3a8     	ldur	w8, [x29, #-0x4]
4008b830: 71008108     	subs	w8, w8, #0x20
4008b834: 1a9fa7e8     	cset	w8, lt
4008b838: b90007e8     	str	w8, [sp, #0x4]
4008b83c: 14000001     	b	0x4008b840 <test_process_init_and_create+0x60>
4008b840: b94007e8     	ldr	w8, [sp, #0x4]
4008b844: 12000108     	and	w8, w8, #0x1
4008b848: b81f83a8     	stur	w8, [x29, #-0x8]
4008b84c: 52800028     	mov	w8, #0x1                // =1
4008b850: b81f43a8     	stur	w8, [x29, #-0xc]
4008b854: b85f83a8     	ldur	w8, [x29, #-0x8]
4008b858: b85f43a9     	ldur	w9, [x29, #-0xc]
4008b85c: 6b090108     	subs	w8, w8, w9
4008b860: 54000320     	b.eq	0x4008b8c4 <test_process_init_and_create+0xe4>
4008b864: 14000001     	b	0x4008b868 <test_process_init_and_create+0x88>
4008b868: d0000020     	adrp	x0, 0x40091000 <UART0_FR+0x4d8>
4008b86c: 911a4400     	add	x0, x0, #0x691
4008b870: 97ffe6ac     	bl	0x40085320 <uart_puts>
4008b874: 528001e0     	mov	w0, #0xf                // =15
4008b878: 97ffe6c6     	bl	0x40085390 <print_int>
4008b87c: f0000020     	adrp	x0, 0x40092000 <UART0_FR+0x14d8>
4008b880: 91214400     	add	x0, x0, #0x851
4008b884: 97ffe6a7     	bl	0x40085320 <uart_puts>
4008b888: b85f83a0     	ldur	w0, [x29, #-0x8]
4008b88c: 97ffe6c1     	bl	0x40085390 <print_int>
4008b890: f0000020     	adrp	x0, 0x40092000 <UART0_FR+0x14d8>
4008b894: 91217000     	add	x0, x0, #0x85c
4008b898: 97ffe6a2     	bl	0x40085320 <uart_puts>
4008b89c: b85f43a0     	ldur	w0, [x29, #-0xc]
4008b8a0: 97ffe6bc     	bl	0x40085390 <print_int>
4008b8a4: d0000020     	adrp	x0, 0x40091000 <UART0_FR+0x4d8>
4008b8a8: 913b0800     	add	x0, x0, #0xec2
4008b8ac: 97ffe69d     	bl	0x40085320 <uart_puts>
4008b8b0: f0000ca9     	adrp	x9, 0x40222000 <syscall_tasks+0x7f8>
4008b8b4: b9400d28     	ldr	w8, [x9, #0xc]
4008b8b8: 11000508     	add	w8, w8, #0x1
4008b8bc: b9000d28     	str	w8, [x9, #0xc]
4008b8c0: 14000092     	b	0x4008bb08 <test_process_init_and_create+0x328>
4008b8c4: 14000001     	b	0x4008b8c8 <test_process_init_and_create+0xe8>
4008b8c8: b85fc3a0     	ldur	w0, [x29, #-0x4]
4008b8cc: 97ffff45     	bl	0x4008b5e0 <process_get_pcb>
4008b8d0: f81e83a0     	stur	x0, [x29, #-0x18]
4008b8d4: 14000001     	b	0x4008b8d8 <test_process_init_and_create+0xf8>
4008b8d8: f85e83a8     	ldur	x8, [x29, #-0x18]
4008b8dc: f1000108     	subs	x8, x8, #0x0
4008b8e0: 1a9f07e8     	cset	w8, ne
4008b8e4: b81e43a8     	stur	w8, [x29, #-0x1c]
4008b8e8: 52800028     	mov	w8, #0x1                // =1
4008b8ec: b90023e8     	str	w8, [sp, #0x20]
4008b8f0: b85e43a8     	ldur	w8, [x29, #-0x1c]
4008b8f4: b94023e9     	ldr	w9, [sp, #0x20]
4008b8f8: 6b090108     	subs	w8, w8, w9
4008b8fc: 54000320     	b.eq	0x4008b960 <test_process_init_and_create+0x180>
4008b900: 14000001     	b	0x4008b904 <test_process_init_and_create+0x124>
4008b904: f0000020     	adrp	x0, 0x40092000 <UART0_FR+0x14d8>
4008b908: 91043c00     	add	x0, x0, #0x10f
4008b90c: 97ffe685     	bl	0x40085320 <uart_puts>
4008b910: 52800240     	mov	w0, #0x12               // =18
4008b914: 97ffe69f     	bl	0x40085390 <print_int>
4008b918: f0000020     	adrp	x0, 0x40092000 <UART0_FR+0x14d8>
4008b91c: 91214400     	add	x0, x0, #0x851
4008b920: 97ffe680     	bl	0x40085320 <uart_puts>
4008b924: b85e43a0     	ldur	w0, [x29, #-0x1c]
4008b928: 97ffe69a     	bl	0x40085390 <print_int>
4008b92c: f0000020     	adrp	x0, 0x40092000 <UART0_FR+0x14d8>
4008b930: 91217000     	add	x0, x0, #0x85c
4008b934: 97ffe67b     	bl	0x40085320 <uart_puts>
4008b938: b94023e0     	ldr	w0, [sp, #0x20]
4008b93c: 97ffe695     	bl	0x40085390 <print_int>
4008b940: d0000020     	adrp	x0, 0x40091000 <UART0_FR+0x4d8>
4008b944: 913b0800     	add	x0, x0, #0xec2
4008b948: 97ffe676     	bl	0x40085320 <uart_puts>
4008b94c: f0000ca9     	adrp	x9, 0x40222000 <syscall_tasks+0x7f8>
4008b950: b9400d28     	ldr	w8, [x9, #0xc]
4008b954: 11000508     	add	w8, w8, #0x1
4008b958: b9000d28     	str	w8, [x9, #0xc]
4008b95c: 1400006b     	b	0x4008bb08 <test_process_init_and_create+0x328>
4008b960: 14000001     	b	0x4008b964 <test_process_init_and_create+0x184>
4008b964: 14000001     	b	0x4008b968 <test_process_init_and_create+0x188>
4008b968: f85e83a8     	ldur	x8, [x29, #-0x18]
4008b96c: b9400108     	ldr	w8, [x8]
4008b970: b9001fe8     	str	w8, [sp, #0x1c]
4008b974: b85fc3a8     	ldur	w8, [x29, #-0x4]
4008b978: b9001be8     	str	w8, [sp, #0x18]
4008b97c: b9401fe8     	ldr	w8, [sp, #0x1c]
4008b980: b9401be9     	ldr	w9, [sp, #0x18]
4008b984: 6b090108     	subs	w8, w8, w9
4008b988: 54000320     	b.eq	0x4008b9ec <test_process_init_and_create+0x20c>
4008b98c: 14000001     	b	0x4008b990 <test_process_init_and_create+0x1b0>
4008b990: d0000020     	adrp	x0, 0x40091000 <UART0_FR+0x4d8>
4008b994: 9128d000     	add	x0, x0, #0xa34
4008b998: 97ffe662     	bl	0x40085320 <uart_puts>
4008b99c: 52800260     	mov	w0, #0x13               // =19
4008b9a0: 97ffe67c     	bl	0x40085390 <print_int>
4008b9a4: f0000020     	adrp	x0, 0x40092000 <UART0_FR+0x14d8>
4008b9a8: 91214400     	add	x0, x0, #0x851
4008b9ac: 97ffe65d     	bl	0x40085320 <uart_puts>
4008b9b0: b9401fe0     	ldr	w0, [sp, #0x1c]
4008b9b4: 97ffe677     	bl	0x40085390 <print_int>
4008b9b8: f0000020     	adrp	x0, 0x40092000 <UART0_FR+0x14d8>
4008b9bc: 91217000     	add	x0, x0, #0x85c
4008b9c0: 97ffe658     	bl	0x40085320 <uart_puts>
4008b9c4: b9401be0     	ldr	w0, [sp, #0x18]
4008b9c8: 97ffe672     	bl	0x40085390 <print_int>
4008b9cc: d0000020     	adrp	x0, 0x40091000 <UART0_FR+0x4d8>
4008b9d0: 913b0800     	add	x0, x0, #0xec2
4008b9d4: 97ffe653     	bl	0x40085320 <uart_puts>
4008b9d8: f0000ca9     	adrp	x9, 0x40222000 <syscall_tasks+0x7f8>
4008b9dc: b9400d28     	ldr	w8, [x9, #0xc]
4008b9e0: 11000508     	add	w8, w8, #0x1
4008b9e4: b9000d28     	str	w8, [x9, #0xc]
4008b9e8: 14000048     	b	0x4008bb08 <test_process_init_and_create+0x328>
4008b9ec: 14000001     	b	0x4008b9f0 <test_process_init_and_create+0x210>
4008b9f0: 14000001     	b	0x4008b9f4 <test_process_init_and_create+0x214>
4008b9f4: f85e83a8     	ldur	x8, [x29, #-0x18]
4008b9f8: b9400508     	ldr	w8, [x8, #0x4]
4008b9fc: b90017e8     	str	w8, [sp, #0x14]
4008ba00: 52800028     	mov	w8, #0x1                // =1
4008ba04: b90013e8     	str	w8, [sp, #0x10]
4008ba08: b94017e8     	ldr	w8, [sp, #0x14]
4008ba0c: b94013e9     	ldr	w9, [sp, #0x10]
4008ba10: 6b090108     	subs	w8, w8, w9
4008ba14: 54000320     	b.eq	0x4008ba78 <test_process_init_and_create+0x298>
4008ba18: 14000001     	b	0x4008ba1c <test_process_init_and_create+0x23c>
4008ba1c: d0000020     	adrp	x0, 0x40091000 <UART0_FR+0x4d8>
4008ba20: 91175000     	add	x0, x0, #0x5d4
4008ba24: 97ffe63f     	bl	0x40085320 <uart_puts>
4008ba28: 52800280     	mov	w0, #0x14               // =20
4008ba2c: 97ffe659     	bl	0x40085390 <print_int>
4008ba30: f0000020     	adrp	x0, 0x40092000 <UART0_FR+0x14d8>
4008ba34: 91214400     	add	x0, x0, #0x851
4008ba38: 97ffe63a     	bl	0x40085320 <uart_puts>
4008ba3c: b94017e0     	ldr	w0, [sp, #0x14]
4008ba40: 97ffe654     	bl	0x40085390 <print_int>
4008ba44: f0000020     	adrp	x0, 0x40092000 <UART0_FR+0x14d8>
4008ba48: 91217000     	add	x0, x0, #0x85c
4008ba4c: 97ffe635     	bl	0x40085320 <uart_puts>
4008ba50: b94013e0     	ldr	w0, [sp, #0x10]
4008ba54: 97ffe64f     	bl	0x40085390 <print_int>
4008ba58: d0000020     	adrp	x0, 0x40091000 <UART0_FR+0x4d8>
4008ba5c: 913b0800     	add	x0, x0, #0xec2
4008ba60: 97ffe630     	bl	0x40085320 <uart_puts>
4008ba64: f0000ca9     	adrp	x9, 0x40222000 <syscall_tasks+0x7f8>
4008ba68: b9400d28     	ldr	w8, [x9, #0xc]
4008ba6c: 11000508     	add	w8, w8, #0x1
4008ba70: b9000d28     	str	w8, [x9, #0xc]
4008ba74: 14000025     	b	0x4008bb08 <test_process_init_and_create+0x328>
4008ba78: 14000001     	b	0x4008ba7c <test_process_init_and_create+0x29c>
4008ba7c: 14000001     	b	0x4008ba80 <test_process_init_and_create+0x2a0>
4008ba80: f85e83a8     	ldur	x8, [x29, #-0x18]
4008ba84: b9400908     	ldr	w8, [x8, #0x8]
4008ba88: b9000fe8     	str	w8, [sp, #0xc]
4008ba8c: 12800008     	mov	w8, #-0x1               // =-1
4008ba90: b9000be8     	str	w8, [sp, #0x8]
4008ba94: b9400fe8     	ldr	w8, [sp, #0xc]
4008ba98: b9400be9     	ldr	w9, [sp, #0x8]
4008ba9c: 6b090108     	subs	w8, w8, w9
4008baa0: 54000320     	b.eq	0x4008bb04 <test_process_init_and_create+0x324>
4008baa4: 14000001     	b	0x4008baa8 <test_process_init_and_create+0x2c8>
4008baa8: d0000020     	adrp	x0, 0x40091000 <UART0_FR+0x4d8>
4008baac: 9136dc00     	add	x0, x0, #0xdb7
4008bab0: 97ffe61c     	bl	0x40085320 <uart_puts>
4008bab4: 528002a0     	mov	w0, #0x15               // =21
4008bab8: 97ffe636     	bl	0x40085390 <print_int>
4008babc: f0000020     	adrp	x0, 0x40092000 <UART0_FR+0x14d8>
4008bac0: 91214400     	add	x0, x0, #0x851
4008bac4: 97ffe617     	bl	0x40085320 <uart_puts>
4008bac8: b9400fe0     	ldr	w0, [sp, #0xc]
4008bacc: 97ffe631     	bl	0x40085390 <print_int>
4008bad0: f0000020     	adrp	x0, 0x40092000 <UART0_FR+0x14d8>
4008bad4: 91217000     	add	x0, x0, #0x85c
4008bad8: 97ffe612     	bl	0x40085320 <uart_puts>
4008badc: b9400be0     	ldr	w0, [sp, #0x8]
4008bae0: 97ffe62c     	bl	0x40085390 <print_int>
4008bae4: d0000020     	adrp	x0, 0x40091000 <UART0_FR+0x4d8>
4008bae8: 913b0800     	add	x0, x0, #0xec2
4008baec: 97ffe60d     	bl	0x40085320 <uart_puts>
4008baf0: f0000ca9     	adrp	x9, 0x40222000 <syscall_tasks+0x7f8>
4008baf4: b9400d28     	ldr	w8, [x9, #0xc]
4008baf8: 11000508     	add	w8, w8, #0x1
4008bafc: b9000d28     	str	w8, [x9, #0xc]
4008bb00: 14000002     	b	0x4008bb08 <test_process_init_and_create+0x328>
4008bb04: 14000001     	b	0x4008bb08 <test_process_init_and_create+0x328>
4008bb08: a9447bfd     	ldp	x29, x30, [sp, #0x40]
4008bb0c: 910143ff     	add	sp, sp, #0x50
4008bb10: d65f03c0     	ret
4008bb14: d503201f     	nop
4008bb18: d503201f     	nop
4008bb1c: d503201f     	nop

000000004008bb20 <test_process_set_entry>:
4008bb20: d10143ff     	sub	sp, sp, #0x50
4008bb24: a9047bfd     	stp	x29, x30, [sp, #0x40]
4008bb28: 910103fd     	add	x29, sp, #0x40
4008bb2c: f0000ca9     	adrp	x9, 0x40222000 <syscall_tasks+0x7f8>
4008bb30: b9400928     	ldr	w8, [x9, #0x8]
4008bb34: 11000508     	add	w8, w8, #0x1
4008bb38: b9000928     	str	w8, [x9, #0x8]
4008bb3c: d0000020     	adrp	x0, 0x40091000 <UART0_FR+0x4d8>
4008bb40: 91078000     	add	x0, x0, #0x1e0
4008bb44: 97ffe5f7     	bl	0x40085320 <uart_puts>
4008bb48: 97fffa46     	bl	0x4008a460 <process_create>
4008bb4c: b81fc3a0     	stur	w0, [x29, #-0x4]
4008bb50: 14000001     	b	0x4008bb54 <test_process_set_entry+0x34>
4008bb54: b85fc3a8     	ldur	w8, [x29, #-0x4]
4008bb58: 2a1f03e9     	mov	w9, wzr
4008bb5c: b90007e9     	str	w9, [sp, #0x4]
4008bb60: 37f800e8     	tbnz	w8, #0x1f, 0x4008bb7c <test_process_set_entry+0x5c>
4008bb64: 14000001     	b	0x4008bb68 <test_process_set_entry+0x48>
4008bb68: b85fc3a8     	ldur	w8, [x29, #-0x4]
4008bb6c: 71008108     	subs	w8, w8, #0x20
4008bb70: 1a9fa7e8     	cset	w8, lt
4008bb74: b90007e8     	str	w8, [sp, #0x4]
4008bb78: 14000001     	b	0x4008bb7c <test_process_set_entry+0x5c>
4008bb7c: b94007e8     	ldr	w8, [sp, #0x4]
4008bb80: 12000108     	and	w8, w8, #0x1
4008bb84: b81f83a8     	stur	w8, [x29, #-0x8]
4008bb88: 52800028     	mov	w8, #0x1                // =1
4008bb8c: b81f43a8     	stur	w8, [x29, #-0xc]
4008bb90: b85f83a8     	ldur	w8, [x29, #-0x8]
4008bb94: b85f43a9     	ldur	w9, [x29, #-0xc]
4008bb98: 6b090108     	subs	w8, w8, w9
4008bb9c: 54000320     	b.eq	0x4008bc00 <test_process_set_entry+0xe0>
4008bba0: 14000001     	b	0x4008bba4 <test_process_set_entry+0x84>
4008bba4: d0000020     	adrp	x0, 0x40091000 <UART0_FR+0x4d8>
4008bba8: 91248400     	add	x0, x0, #0x921
4008bbac: 97ffe5dd     	bl	0x40085320 <uart_puts>
4008bbb0: 528003a0     	mov	w0, #0x1d               // =29
4008bbb4: 97ffe5f7     	bl	0x40085390 <print_int>
4008bbb8: f0000020     	adrp	x0, 0x40092000 <UART0_FR+0x14d8>
4008bbbc: 91214400     	add	x0, x0, #0x851
4008bbc0: 97ffe5d8     	bl	0x40085320 <uart_puts>
4008bbc4: b85f83a0     	ldur	w0, [x29, #-0x8]
4008bbc8: 97ffe5f2     	bl	0x40085390 <print_int>
4008bbcc: f0000020     	adrp	x0, 0x40092000 <UART0_FR+0x14d8>
4008bbd0: 91217000     	add	x0, x0, #0x85c
4008bbd4: 97ffe5d3     	bl	0x40085320 <uart_puts>
4008bbd8: b85f43a0     	ldur	w0, [x29, #-0xc]
4008bbdc: 97ffe5ed     	bl	0x40085390 <print_int>
4008bbe0: d0000020     	adrp	x0, 0x40091000 <UART0_FR+0x4d8>
4008bbe4: 913b0800     	add	x0, x0, #0xec2
4008bbe8: 97ffe5ce     	bl	0x40085320 <uart_puts>
4008bbec: f0000ca9     	adrp	x9, 0x40222000 <syscall_tasks+0x7f8>
4008bbf0: b9400d28     	ldr	w8, [x9, #0xc]
4008bbf4: 11000508     	add	w8, w8, #0x1
4008bbf8: b9000d28     	str	w8, [x9, #0xc]
4008bbfc: 14000098     	b	0x4008be5c <test_process_set_entry+0x33c>
4008bc00: 14000001     	b	0x4008bc04 <test_process_set_entry+0xe4>
4008bc04: b85fc3a0     	ldur	w0, [x29, #-0x4]
4008bc08: 52a88008     	mov	w8, #0x44000000         // =1140850688
4008bc0c: 2a0803e1     	mov	w1, w8
4008bc10: 52a8a008     	mov	w8, #0x45000000         // =1157627904
4008bc14: 2a0803e2     	mov	w2, w8
4008bc18: 97fff9de     	bl	0x4008a390 <process_set_entry>
4008bc1c: b85fc3a0     	ldur	w0, [x29, #-0x4]
4008bc20: 97fffe70     	bl	0x4008b5e0 <process_get_pcb>
4008bc24: f81e83a0     	stur	x0, [x29, #-0x18]
4008bc28: 14000001     	b	0x4008bc2c <test_process_set_entry+0x10c>
4008bc2c: f85e83a8     	ldur	x8, [x29, #-0x18]
4008bc30: f1000108     	subs	x8, x8, #0x0
4008bc34: 1a9f07e8     	cset	w8, ne
4008bc38: b81e43a8     	stur	w8, [x29, #-0x1c]
4008bc3c: 52800028     	mov	w8, #0x1                // =1
4008bc40: b90023e8     	str	w8, [sp, #0x20]
4008bc44: b85e43a8     	ldur	w8, [x29, #-0x1c]
4008bc48: b94023e9     	ldr	w9, [sp, #0x20]
4008bc4c: 6b090108     	subs	w8, w8, w9
4008bc50: 54000320     	b.eq	0x4008bcb4 <test_process_set_entry+0x194>
4008bc54: 14000001     	b	0x4008bc58 <test_process_set_entry+0x138>
4008bc58: d0000020     	adrp	x0, 0x40091000 <UART0_FR+0x4d8>
4008bc5c: 91081400     	add	x0, x0, #0x205
4008bc60: 97ffe5b0     	bl	0x40085320 <uart_puts>
4008bc64: 52800440     	mov	w0, #0x22               // =34
4008bc68: 97ffe5ca     	bl	0x40085390 <print_int>
4008bc6c: f0000020     	adrp	x0, 0x40092000 <UART0_FR+0x14d8>
4008bc70: 91214400     	add	x0, x0, #0x851
4008bc74: 97ffe5ab     	bl	0x40085320 <uart_puts>
4008bc78: b85e43a0     	ldur	w0, [x29, #-0x1c]
4008bc7c: 97ffe5c5     	bl	0x40085390 <print_int>
4008bc80: f0000020     	adrp	x0, 0x40092000 <UART0_FR+0x14d8>
4008bc84: 91217000     	add	x0, x0, #0x85c
4008bc88: 97ffe5a6     	bl	0x40085320 <uart_puts>
4008bc8c: b94023e0     	ldr	w0, [sp, #0x20]
4008bc90: 97ffe5c0     	bl	0x40085390 <print_int>
4008bc94: d0000020     	adrp	x0, 0x40091000 <UART0_FR+0x4d8>
4008bc98: 913b0800     	add	x0, x0, #0xec2
4008bc9c: 97ffe5a1     	bl	0x40085320 <uart_puts>
4008bca0: f0000ca9     	adrp	x9, 0x40222000 <syscall_tasks+0x7f8>
4008bca4: b9400d28     	ldr	w8, [x9, #0xc]
4008bca8: 11000508     	add	w8, w8, #0x1
4008bcac: b9000d28     	str	w8, [x9, #0xc]
4008bcb0: 1400006b     	b	0x4008be5c <test_process_set_entry+0x33c>
4008bcb4: 14000001     	b	0x4008bcb8 <test_process_set_entry+0x198>
4008bcb8: 14000001     	b	0x4008bcbc <test_process_set_entry+0x19c>
4008bcbc: f85e83a8     	ldur	x8, [x29, #-0x18]
4008bcc0: b9400508     	ldr	w8, [x8, #0x4]
4008bcc4: b9001fe8     	str	w8, [sp, #0x1c]
4008bcc8: 52800048     	mov	w8, #0x2                // =2
4008bccc: b9001be8     	str	w8, [sp, #0x18]
4008bcd0: b9401fe8     	ldr	w8, [sp, #0x1c]
4008bcd4: b9401be9     	ldr	w9, [sp, #0x18]
4008bcd8: 6b090108     	subs	w8, w8, w9
4008bcdc: 54000320     	b.eq	0x4008bd40 <test_process_set_entry+0x220>
4008bce0: 14000001     	b	0x4008bce4 <test_process_set_entry+0x1c4>
4008bce4: f0000020     	adrp	x0, 0x40092000 <UART0_FR+0x14d8>
4008bce8: 912a9000     	add	x0, x0, #0xaa4
4008bcec: 97ffe58d     	bl	0x40085320 <uart_puts>
4008bcf0: 52800460     	mov	w0, #0x23               // =35
4008bcf4: 97ffe5a7     	bl	0x40085390 <print_int>
4008bcf8: f0000020     	adrp	x0, 0x40092000 <UART0_FR+0x14d8>
4008bcfc: 91214400     	add	x0, x0, #0x851
4008bd00: 97ffe588     	bl	0x40085320 <uart_puts>
4008bd04: b9401fe0     	ldr	w0, [sp, #0x1c]
4008bd08: 97ffe5a2     	bl	0x40085390 <print_int>
4008bd0c: f0000020     	adrp	x0, 0x40092000 <UART0_FR+0x14d8>
4008bd10: 91217000     	add	x0, x0, #0x85c
4008bd14: 97ffe583     	bl	0x40085320 <uart_puts>
4008bd18: b9401be0     	ldr	w0, [sp, #0x18]
4008bd1c: 97ffe59d     	bl	0x40085390 <print_int>
4008bd20: d0000020     	adrp	x0, 0x40091000 <UART0_FR+0x4d8>
4008bd24: 913b0800     	add	x0, x0, #0xec2
4008bd28: 97ffe57e     	bl	0x40085320 <uart_puts>
4008bd2c: f0000ca9     	adrp	x9, 0x40222000 <syscall_tasks+0x7f8>
4008bd30: b9400d28     	ldr	w8, [x9, #0xc]
4008bd34: 11000508     	add	w8, w8, #0x1
4008bd38: b9000d28     	str	w8, [x9, #0xc]
4008bd3c: 14000048     	b	0x4008be5c <test_process_set_entry+0x33c>
4008bd40: 14000001     	b	0x4008bd44 <test_process_set_entry+0x224>
4008bd44: 14000001     	b	0x4008bd48 <test_process_set_entry+0x228>
4008bd48: f85e83a8     	ldur	x8, [x29, #-0x18]
4008bd4c: f9409508     	ldr	x8, [x8, #0x128]
4008bd50: b90017e8     	str	w8, [sp, #0x14]
4008bd54: 52a88008     	mov	w8, #0x44000000         // =1140850688
4008bd58: b90013e8     	str	w8, [sp, #0x10]
4008bd5c: b94017e8     	ldr	w8, [sp, #0x14]
4008bd60: b94013e9     	ldr	w9, [sp, #0x10]
4008bd64: 6b090108     	subs	w8, w8, w9
4008bd68: 54000320     	b.eq	0x4008bdcc <test_process_set_entry+0x2ac>
4008bd6c: 14000001     	b	0x4008bd70 <test_process_set_entry+0x250>
4008bd70: d0000020     	adrp	x0, 0x40091000 <UART0_FR+0x4d8>
4008bd74: 9137f000     	add	x0, x0, #0xdfc
4008bd78: 97ffe56a     	bl	0x40085320 <uart_puts>
4008bd7c: 528004a0     	mov	w0, #0x25               // =37
4008bd80: 97ffe584     	bl	0x40085390 <print_int>
4008bd84: f0000020     	adrp	x0, 0x40092000 <UART0_FR+0x14d8>
4008bd88: 91214400     	add	x0, x0, #0x851
4008bd8c: 97ffe565     	bl	0x40085320 <uart_puts>
4008bd90: b94017e0     	ldr	w0, [sp, #0x14]
4008bd94: 97ffe57f     	bl	0x40085390 <print_int>
4008bd98: f0000020     	adrp	x0, 0x40092000 <UART0_FR+0x14d8>
4008bd9c: 91217000     	add	x0, x0, #0x85c
4008bda0: 97ffe560     	bl	0x40085320 <uart_puts>
4008bda4: b94013e0     	ldr	w0, [sp, #0x10]
4008bda8: 97ffe57a     	bl	0x40085390 <print_int>
4008bdac: d0000020     	adrp	x0, 0x40091000 <UART0_FR+0x4d8>
4008bdb0: 913b0800     	add	x0, x0, #0xec2
4008bdb4: 97ffe55b     	bl	0x40085320 <uart_puts>
4008bdb8: f0000ca9     	adrp	x9, 0x40222000 <syscall_tasks+0x7f8>
4008bdbc: b9400d28     	ldr	w8, [x9, #0xc]
4008bdc0: 11000508     	add	w8, w8, #0x1
4008bdc4: b9000d28     	str	w8, [x9, #0xc]
4008bdc8: 14000025     	b	0x4008be5c <test_process_set_entry+0x33c>
4008bdcc: 14000001     	b	0x4008bdd0 <test_process_set_entry+0x2b0>
4008bdd0: 14000001     	b	0x4008bdd4 <test_process_set_entry+0x2b4>
4008bdd4: f85e83a8     	ldur	x8, [x29, #-0x18]
4008bdd8: f9409d08     	ldr	x8, [x8, #0x138]
4008bddc: b9000fe8     	str	w8, [sp, #0xc]
4008bde0: 52a8a008     	mov	w8, #0x45000000         // =1157627904
4008bde4: b9000be8     	str	w8, [sp, #0x8]
4008bde8: b9400fe8     	ldr	w8, [sp, #0xc]
4008bdec: b9400be9     	ldr	w9, [sp, #0x8]
4008bdf0: 6b090108     	subs	w8, w8, w9
4008bdf4: 54000320     	b.eq	0x4008be58 <test_process_set_entry+0x338>
4008bdf8: 14000001     	b	0x4008bdfc <test_process_set_entry+0x2dc>
4008bdfc: f0000020     	adrp	x0, 0x40092000 <UART0_FR+0x14d8>
4008be00: 911c1800     	add	x0, x0, #0x706
4008be04: 97ffe547     	bl	0x40085320 <uart_puts>
4008be08: 528004c0     	mov	w0, #0x26               // =38
4008be0c: 97ffe561     	bl	0x40085390 <print_int>
4008be10: f0000020     	adrp	x0, 0x40092000 <UART0_FR+0x14d8>
4008be14: 91214400     	add	x0, x0, #0x851
4008be18: 97ffe542     	bl	0x40085320 <uart_puts>
4008be1c: b9400fe0     	ldr	w0, [sp, #0xc]
4008be20: 97ffe55c     	bl	0x40085390 <print_int>
4008be24: f0000020     	adrp	x0, 0x40092000 <UART0_FR+0x14d8>
4008be28: 91217000     	add	x0, x0, #0x85c
4008be2c: 97ffe53d     	bl	0x40085320 <uart_puts>
4008be30: b9400be0     	ldr	w0, [sp, #0x8]
4008be34: 97ffe557     	bl	0x40085390 <print_int>
4008be38: d0000020     	adrp	x0, 0x40091000 <UART0_FR+0x4d8>
4008be3c: 913b0800     	add	x0, x0, #0xec2
4008be40: 97ffe538     	bl	0x40085320 <uart_puts>
4008be44: f0000ca9     	adrp	x9, 0x40222000 <syscall_tasks+0x7f8>
4008be48: b9400d28     	ldr	w8, [x9, #0xc]
4008be4c: 11000508     	add	w8, w8, #0x1
4008be50: b9000d28     	str	w8, [x9, #0xc]
4008be54: 14000002     	b	0x4008be5c <test_process_set_entry+0x33c>
4008be58: 14000001     	b	0x4008be5c <test_process_set_entry+0x33c>
4008be5c: a9447bfd     	ldp	x29, x30, [sp, #0x40]
4008be60: 910143ff     	add	sp, sp, #0x50
4008be64: d65f03c0     	ret
		...

000000004008be70 <load_and_run_program>:
4008be70: d101c3ff     	sub	sp, sp, #0x70
4008be74: a9067bfd     	stp	x29, x30, [sp, #0x60]
4008be78: 910183fd     	add	x29, sp, #0x60
4008be7c: f81f03a0     	stur	x0, [x29, #-0x10]
4008be80: d503201f     	nop
4008be84: 30035ae0     	adr	x0, 0x400929e1 <UART0_FR+0x1eb9>
4008be88: 97ffe526     	bl	0x40085320 <uart_puts>
4008be8c: f85f03a0     	ldur	x0, [x29, #-0x10]
4008be90: 97ffe524     	bl	0x40085320 <uart_puts>
4008be94: d0000020     	adrp	x0, 0x40091000 <UART0_FR+0x4d8>
4008be98: 913b0800     	add	x0, x0, #0xec2
4008be9c: 97ffe521     	bl	0x40085320 <uart_puts>
4008bea0: f85f03a0     	ldur	x0, [x29, #-0x10]
4008bea4: 910043e1     	add	x1, sp, #0x10
4008bea8: 97ffd862     	bl	0x40082030 <fat16_open>
4008beac: 340001a0     	cbz	w0, 0x4008bee0 <load_and_run_program+0x70>
4008beb0: 14000001     	b	0x4008beb4 <load_and_run_program+0x44>
4008beb4: b0000020     	adrp	x0, 0x40090000 <virtio_input_init+0x360>
4008beb8: 913f8800     	add	x0, x0, #0xfe2
4008bebc: 97ffe519     	bl	0x40085320 <uart_puts>
4008bec0: f85f03a0     	ldur	x0, [x29, #-0x10]
4008bec4: 97ffe517     	bl	0x40085320 <uart_puts>
4008bec8: d0000020     	adrp	x0, 0x40091000 <UART0_FR+0x4d8>
4008becc: 9111f800     	add	x0, x0, #0x47e
4008bed0: 97ffe514     	bl	0x40085320 <uart_puts>
4008bed4: 12800008     	mov	w8, #-0x1               // =-1
4008bed8: b81fc3a8     	stur	w8, [x29, #-0x4]
4008bedc: 14000035     	b	0x4008bfb0 <load_and_run_program+0x140>
4008bee0: 52a88008     	mov	w8, #0x44000000         // =1140850688
4008bee4: 2a0803e1     	mov	w1, w8
4008bee8: 910043e0     	add	x0, sp, #0x10
4008beec: 52a00022     	mov	w2, #0x10000            // =65536
4008bef0: 97ffdab8     	bl	0x400829d0 <fat16_read>
4008bef4: b9000fe0     	str	w0, [sp, #0xc]
4008bef8: b9400fe8     	ldr	w8, [sp, #0xc]
4008befc: 71000108     	subs	w8, w8, #0x0
4008bf00: 540001ec     	b.gt	0x4008bf3c <load_and_run_program+0xcc>
4008bf04: 14000001     	b	0x4008bf08 <load_and_run_program+0x98>
4008bf08: f0000020     	adrp	x0, 0x40092000 <UART0_FR+0x14d8>
4008bf0c: 9122f800     	add	x0, x0, #0x8be
4008bf10: 97ffe504     	bl	0x40085320 <uart_puts>
4008bf14: f85f03a0     	ldur	x0, [x29, #-0x10]
4008bf18: 97ffe502     	bl	0x40085320 <uart_puts>
4008bf1c: d0000020     	adrp	x0, 0x40091000 <UART0_FR+0x4d8>
4008bf20: 910efc00     	add	x0, x0, #0x3bf
4008bf24: 97ffe4ff     	bl	0x40085320 <uart_puts>
4008bf28: 910043e0     	add	x0, sp, #0x10
4008bf2c: 97ffda55     	bl	0x40082880 <fat16_close>
4008bf30: 12800008     	mov	w8, #-0x1               // =-1
4008bf34: b81fc3a8     	stur	w8, [x29, #-0x4]
4008bf38: 1400001e     	b	0x4008bfb0 <load_and_run_program+0x140>
4008bf3c: b9800fe8     	ldrsw	x8, [sp, #0xc]
4008bf40: 52a88009     	mov	w9, #0x44000000         // =1140850688
4008bf44: 2a0903e0     	mov	w0, w9
4008bf48: 8b000101     	add	x1, x8, x0
4008bf4c: 97ffe759     	bl	0x40085cb0 <__clear_cache>
4008bf50: 910043e0     	add	x0, sp, #0x10
4008bf54: 97ffda4b     	bl	0x40082880 <fat16_close>
4008bf58: d0000ca0     	adrp	x0, 0x40221000 <proc_table+0x3418>
4008bf5c: 911de000     	add	x0, x0, #0x778
4008bf60: 97ffd574     	bl	0x40081530 <setjmp>
4008bf64: 340000c0     	cbz	w0, 0x4008bf7c <load_and_run_program+0x10c>
4008bf68: 14000001     	b	0x4008bf6c <load_and_run_program+0xfc>
4008bf6c: d50342ff     	msr	DAIFClr, #0x2
4008bf70: 2a1f03e8     	mov	w8, wzr
4008bf74: b81fc3a8     	stur	w8, [x29, #-0x4]
4008bf78: 1400000e     	b	0x4008bfb0 <load_and_run_program+0x140>
4008bf7c: 52a88008     	mov	w8, #0x44000000         // =1140850688
4008bf80: 52a8a009     	mov	w9, #0x45000000         // =1157627904
4008bf84: d50342df     	msr	DAIFSet, #0x2
4008bf88: d5184028     	msr	ELR_EL1, x8
4008bf8c: d2800002     	mov	x2, #0x0                // =0
4008bf90: d5184002     	msr	SPSR_EL1, x2
4008bf94: d5184109     	msr	SP_EL0, x9
4008bf98: d2800000     	mov	x0, #0x0                // =0
4008bf9c: d2800001     	mov	x1, #0x0                // =0
4008bfa0: d69f03e0     	eret
4008bfa4: 12800008     	mov	w8, #-0x1               // =-1
4008bfa8: b81fc3a8     	stur	w8, [x29, #-0x4]
4008bfac: 14000001     	b	0x4008bfb0 <load_and_run_program+0x140>
4008bfb0: b85fc3a0     	ldur	w0, [x29, #-0x4]
4008bfb4: a9467bfd     	ldp	x29, x30, [sp, #0x60]
4008bfb8: 9101c3ff     	add	sp, sp, #0x70
4008bfbc: d65f03c0     	ret

000000004008bfc0 <load_and_run_program_in_scheduler>:
4008bfc0: d10283ff     	sub	sp, sp, #0xa0
4008bfc4: a9097bfd     	stp	x29, x30, [sp, #0x90]
4008bfc8: 910243fd     	add	x29, sp, #0x90
4008bfcc: f81f03a0     	stur	x0, [x29, #-0x10]
4008bfd0: b81ec3a1     	stur	w1, [x29, #-0x14]
4008bfd4: b81e83a2     	stur	w2, [x29, #-0x18]
4008bfd8: f85f03a8     	ldur	x8, [x29, #-0x10]
4008bfdc: b50000a8     	cbnz	x8, 0x4008bff0 <load_and_run_program_in_scheduler+0x30>
4008bfe0: 14000001     	b	0x4008bfe4 <load_and_run_program_in_scheduler+0x24>
4008bfe4: 12800008     	mov	w8, #-0x1               // =-1
4008bfe8: b81fc3a8     	stur	w8, [x29, #-0x4]
4008bfec: 140000ca     	b	0x4008c314 <load_and_run_program_in_scheduler+0x354>
4008bff0: d0000020     	adrp	x0, 0x40091000 <UART0_FR+0x4d8>
4008bff4: 9134a800     	add	x0, x0, #0xd2a
4008bff8: 97ffe4ca     	bl	0x40085320 <uart_puts>
4008bffc: f85f03a0     	ldur	x0, [x29, #-0x10]
4008c000: 97ffe4c8     	bl	0x40085320 <uart_puts>
4008c004: b0000020     	adrp	x0, 0x40091000 <UART0_FR+0x4d8>
4008c008: 913b0800     	add	x0, x0, #0xec2
4008c00c: 97ffe4c5     	bl	0x40085320 <uart_puts>
4008c010: 97fff914     	bl	0x4008a460 <process_create>
4008c014: b81e43a0     	stur	w0, [x29, #-0x1c]
4008c018: b85e43a8     	ldur	w8, [x29, #-0x1c]
4008c01c: 36f801a8     	tbz	w8, #0x1f, 0x4008c050 <load_and_run_program_in_scheduler+0x90>
4008c020: 14000001     	b	0x4008c024 <load_and_run_program_in_scheduler+0x64>
4008c024: 90000020     	adrp	x0, 0x40090000 <virtio_input_init+0x360>
4008c028: 913ba400     	add	x0, x0, #0xee9
4008c02c: 97ffe4bd     	bl	0x40085320 <uart_puts>
4008c030: f85f03a0     	ldur	x0, [x29, #-0x10]
4008c034: 97ffe4bb     	bl	0x40085320 <uart_puts>
4008c038: 90000020     	adrp	x0, 0x40090000 <virtio_input_init+0x360>
4008c03c: 912e3400     	add	x0, x0, #0xb8d
4008c040: 97ffe4b8     	bl	0x40085320 <uart_puts>
4008c044: 12800008     	mov	w8, #-0x1               // =-1
4008c048: b81fc3a8     	stur	w8, [x29, #-0x4]
4008c04c: 140000b2     	b	0x4008c314 <load_and_run_program_in_scheduler+0x354>
4008c050: b85e43a0     	ldur	w0, [x29, #-0x1c]
4008c054: 97fffd63     	bl	0x4008b5e0 <process_get_pcb>
4008c058: f81d83a0     	stur	x0, [x29, #-0x28]
4008c05c: f85d83a8     	ldur	x8, [x29, #-0x28]
4008c060: b40004e8     	cbz	x8, 0x4008c0fc <load_and_run_program_in_scheduler+0x13c>
4008c064: 14000001     	b	0x4008c068 <load_and_run_program_in_scheduler+0xa8>
4008c068: 2a1f03e8     	mov	w8, wzr
4008c06c: b81d43a8     	stur	w8, [x29, #-0x2c]
4008c070: 14000001     	b	0x4008c074 <load_and_run_program_in_scheduler+0xb4>
4008c074: b85d43a9     	ldur	w9, [x29, #-0x2c]
4008c078: 2a1f03e8     	mov	w8, wzr
4008c07c: 71007929     	subs	w9, w9, #0x1e
4008c080: b90007e8     	str	w8, [sp, #0x4]
4008c084: 5400012c     	b.gt	0x4008c0a8 <load_and_run_program_in_scheduler+0xe8>
4008c088: 14000001     	b	0x4008c08c <load_and_run_program_in_scheduler+0xcc>
4008c08c: f85f03a8     	ldur	x8, [x29, #-0x10]
4008c090: b89d43a9     	ldursw	x9, [x29, #-0x2c]
4008c094: 38696908     	ldrb	w8, [x8, x9]
4008c098: 71000108     	subs	w8, w8, #0x0
4008c09c: 1a9f07e8     	cset	w8, ne
4008c0a0: b90007e8     	str	w8, [sp, #0x4]
4008c0a4: 14000001     	b	0x4008c0a8 <load_and_run_program_in_scheduler+0xe8>
4008c0a8: b94007e8     	ldr	w8, [sp, #0x4]
4008c0ac: 36000268     	tbz	w8, #0x0, 0x4008c0f8 <load_and_run_program_in_scheduler+0x138>
4008c0b0: 14000001     	b	0x4008c0b4 <load_and_run_program_in_scheduler+0xf4>
4008c0b4: f85f03a8     	ldur	x8, [x29, #-0x10]
4008c0b8: b89d43aa     	ldursw	x10, [x29, #-0x2c]
4008c0bc: 386a6908     	ldrb	w8, [x8, x10]
4008c0c0: f85d83a9     	ldur	x9, [x29, #-0x28]
4008c0c4: 8b0a0129     	add	x9, x9, x10
4008c0c8: 39004128     	strb	w8, [x9, #0x10]
4008c0cc: f85d83a8     	ldur	x8, [x29, #-0x28]
4008c0d0: b85d43a9     	ldur	w9, [x29, #-0x2c]
4008c0d4: 11000529     	add	w9, w9, #0x1
4008c0d8: 8b29c109     	add	x9, x8, w9, sxtw
4008c0dc: 2a1f03e8     	mov	w8, wzr
4008c0e0: 39004128     	strb	w8, [x9, #0x10]
4008c0e4: 14000001     	b	0x4008c0e8 <load_and_run_program_in_scheduler+0x128>
4008c0e8: b85d43a8     	ldur	w8, [x29, #-0x2c]
4008c0ec: 11000508     	add	w8, w8, #0x1
4008c0f0: b81d43a8     	stur	w8, [x29, #-0x2c]
4008c0f4: 17ffffe0     	b	0x4008c074 <load_and_run_program_in_scheduler+0xb4>
4008c0f8: 14000001     	b	0x4008c0fc <load_and_run_program_in_scheduler+0x13c>
4008c0fc: f85f03a0     	ldur	x0, [x29, #-0x10]
4008c100: 910083e1     	add	x1, sp, #0x20
4008c104: 97ffd7cb     	bl	0x40082030 <fat16_open>
4008c108: 340001a0     	cbz	w0, 0x4008c13c <load_and_run_program_in_scheduler+0x17c>
4008c10c: 14000001     	b	0x4008c110 <load_and_run_program_in_scheduler+0x150>
4008c110: 90000020     	adrp	x0, 0x40090000 <virtio_input_init+0x360>
4008c114: 913f8800     	add	x0, x0, #0xfe2
4008c118: 97ffe482     	bl	0x40085320 <uart_puts>
4008c11c: f85f03a0     	ldur	x0, [x29, #-0x10]
4008c120: 97ffe480     	bl	0x40085320 <uart_puts>
4008c124: b0000020     	adrp	x0, 0x40091000 <UART0_FR+0x4d8>
4008c128: 9111f800     	add	x0, x0, #0x47e
4008c12c: 97ffe47d     	bl	0x40085320 <uart_puts>
4008c130: 12800008     	mov	w8, #-0x1               // =-1
4008c134: b81fc3a8     	stur	w8, [x29, #-0x4]
4008c138: 14000077     	b	0x4008c314 <load_and_run_program_in_scheduler+0x354>
4008c13c: b85e43a0     	ldur	w0, [x29, #-0x1c]
4008c140: 97fff86c     	bl	0x4008a2f0 <process_get_phys_base>
4008c144: f9000fe0     	str	x0, [sp, #0x18]
4008c148: f9400fe1     	ldr	x1, [sp, #0x18]
4008c14c: 910083e0     	add	x0, sp, #0x20
4008c150: 52a00022     	mov	w2, #0x10000            // =65536
4008c154: 97ffda1f     	bl	0x400829d0 <fat16_read>
4008c158: b90017e0     	str	w0, [sp, #0x14]
4008c15c: b94017e8     	ldr	w8, [sp, #0x14]
4008c160: 71000108     	subs	w8, w8, #0x0
4008c164: 540001ec     	b.gt	0x4008c1a0 <load_and_run_program_in_scheduler+0x1e0>
4008c168: 14000001     	b	0x4008c16c <load_and_run_program_in_scheduler+0x1ac>
4008c16c: d0000020     	adrp	x0, 0x40092000 <UART0_FR+0x14d8>
4008c170: 9122f800     	add	x0, x0, #0x8be
4008c174: 97ffe46b     	bl	0x40085320 <uart_puts>
4008c178: f85f03a0     	ldur	x0, [x29, #-0x10]
4008c17c: 97ffe469     	bl	0x40085320 <uart_puts>
4008c180: b0000020     	adrp	x0, 0x40091000 <UART0_FR+0x4d8>
4008c184: 910efc00     	add	x0, x0, #0x3bf
4008c188: 97ffe466     	bl	0x40085320 <uart_puts>
4008c18c: 910083e0     	add	x0, sp, #0x20
4008c190: 97ffd9bc     	bl	0x40082880 <fat16_close>
4008c194: 12800008     	mov	w8, #-0x1               // =-1
4008c198: b81fc3a8     	stur	w8, [x29, #-0x4]
4008c19c: 1400005e     	b	0x4008c314 <load_and_run_program_in_scheduler+0x354>
4008c1a0: b0000020     	adrp	x0, 0x40091000 <UART0_FR+0x4d8>
4008c1a4: 9129d000     	add	x0, x0, #0xa74
4008c1a8: 97ffe45e     	bl	0x40085320 <uart_puts>
4008c1ac: b94017e0     	ldr	w0, [sp, #0x14]
4008c1b0: 97ffe478     	bl	0x40085390 <print_int>
4008c1b4: b0000020     	adrp	x0, 0x40091000 <UART0_FR+0x4d8>
4008c1b8: 91352800     	add	x0, x0, #0xd4a
4008c1bc: 97ffe459     	bl	0x40085320 <uart_puts>
4008c1c0: b85e43a0     	ldur	w0, [x29, #-0x1c]
4008c1c4: 97ffe473     	bl	0x40085390 <print_int>
4008c1c8: b0000020     	adrp	x0, 0x40091000 <UART0_FR+0x4d8>
4008c1cc: 913b0800     	add	x0, x0, #0xec2
4008c1d0: 97ffe454     	bl	0x40085320 <uart_puts>
4008c1d4: f9400fe0     	ldr	x0, [sp, #0x18]
4008c1d8: b98017e8     	ldrsw	x8, [sp, #0x14]
4008c1dc: 8b080001     	add	x1, x0, x8
4008c1e0: 97ffe6b4     	bl	0x40085cb0 <__clear_cache>
4008c1e4: 910083e0     	add	x0, sp, #0x20
4008c1e8: 97ffd9a6     	bl	0x40082880 <fat16_close>
4008c1ec: 97fff815     	bl	0x4008a240 <current_process>
4008c1f0: f90007e0     	str	x0, [sp, #0x8]
4008c1f4: f94007e8     	ldr	x8, [sp, #0x8]
4008c1f8: b40007c8     	cbz	x8, 0x4008c2f0 <load_and_run_program_in_scheduler+0x330>
4008c1fc: 14000001     	b	0x4008c200 <load_and_run_program_in_scheduler+0x240>
4008c200: f85d83a8     	ldur	x8, [x29, #-0x28]
4008c204: b4000768     	cbz	x8, 0x4008c2f0 <load_and_run_program_in_scheduler+0x330>
4008c208: 14000001     	b	0x4008c20c <load_and_run_program_in_scheduler+0x24c>
4008c20c: b85ec3a8     	ldur	w8, [x29, #-0x14]
4008c210: 37f80368     	tbnz	w8, #0x1f, 0x4008c27c <load_and_run_program_in_scheduler+0x2bc>
4008c214: 14000001     	b	0x4008c218 <load_and_run_program_in_scheduler+0x258>
4008c218: b85ec3a8     	ldur	w8, [x29, #-0x14]
4008c21c: 71007d08     	subs	w8, w8, #0x1f
4008c220: 540002ec     	b.gt	0x4008c27c <load_and_run_program_in_scheduler+0x2bc>
4008c224: 14000001     	b	0x4008c228 <load_and_run_program_in_scheduler+0x268>
4008c228: f94007e8     	ldr	x8, [sp, #0x8]
4008c22c: b89ec3a9     	ldursw	x9, [x29, #-0x14]
4008c230: 8b090908     	add	x8, x8, x9, lsl #2
4008c234: b9415108     	ldr	w8, [x8, #0x150]
4008c238: 31000508     	adds	w8, w8, #0x1
4008c23c: 54000200     	b.eq	0x4008c27c <load_and_run_program_in_scheduler+0x2bc>
4008c240: 14000001     	b	0x4008c244 <load_and_run_program_in_scheduler+0x284>
4008c244: f94007e8     	ldr	x8, [sp, #0x8]
4008c248: b89ec3a9     	ldursw	x9, [x29, #-0x14]
4008c24c: 8b090908     	add	x8, x8, x9, lsl #2
4008c250: b9415108     	ldr	w8, [x8, #0x150]
4008c254: f85d83a9     	ldur	x9, [x29, #-0x28]
4008c258: b9015128     	str	w8, [x9, #0x150]
4008c25c: f85d83a8     	ldur	x8, [x29, #-0x28]
4008c260: b9415100     	ldr	w0, [x8, #0x150]
4008c264: 97ffe0f7     	bl	0x40084640 <fs_reopen>
4008c268: f85d83a9     	ldur	x9, [x29, #-0x28]
4008c26c: b941d128     	ldr	w8, [x9, #0x1d0]
4008c270: 11000508     	add	w8, w8, #0x1
4008c274: b901d128     	str	w8, [x9, #0x1d0]
4008c278: 14000001     	b	0x4008c27c <load_and_run_program_in_scheduler+0x2bc>
4008c27c: b85e83a8     	ldur	w8, [x29, #-0x18]
4008c280: 37f80368     	tbnz	w8, #0x1f, 0x4008c2ec <load_and_run_program_in_scheduler+0x32c>
4008c284: 14000001     	b	0x4008c288 <load_and_run_program_in_scheduler+0x2c8>
4008c288: b85e83a8     	ldur	w8, [x29, #-0x18]
4008c28c: 71007d08     	subs	w8, w8, #0x1f
4008c290: 540002ec     	b.gt	0x4008c2ec <load_and_run_program_in_scheduler+0x32c>
4008c294: 14000001     	b	0x4008c298 <load_and_run_program_in_scheduler+0x2d8>
4008c298: f94007e8     	ldr	x8, [sp, #0x8]
4008c29c: b89e83a9     	ldursw	x9, [x29, #-0x18]
4008c2a0: 8b090908     	add	x8, x8, x9, lsl #2
4008c2a4: b9415108     	ldr	w8, [x8, #0x150]
4008c2a8: 31000508     	adds	w8, w8, #0x1
4008c2ac: 54000200     	b.eq	0x4008c2ec <load_and_run_program_in_scheduler+0x32c>
4008c2b0: 14000001     	b	0x4008c2b4 <load_and_run_program_in_scheduler+0x2f4>
4008c2b4: f94007e8     	ldr	x8, [sp, #0x8]
4008c2b8: b89e83a9     	ldursw	x9, [x29, #-0x18]
4008c2bc: 8b090908     	add	x8, x8, x9, lsl #2
4008c2c0: b9415108     	ldr	w8, [x8, #0x150]
4008c2c4: f85d83a9     	ldur	x9, [x29, #-0x28]
4008c2c8: b9015528     	str	w8, [x9, #0x154]
4008c2cc: f85d83a8     	ldur	x8, [x29, #-0x28]
4008c2d0: b9415500     	ldr	w0, [x8, #0x154]
4008c2d4: 97ffe0db     	bl	0x40084640 <fs_reopen>
4008c2d8: f85d83a9     	ldur	x9, [x29, #-0x28]
4008c2dc: b941d128     	ldr	w8, [x9, #0x1d0]
4008c2e0: 11000508     	add	w8, w8, #0x1
4008c2e4: b901d128     	str	w8, [x9, #0x1d0]
4008c2e8: 14000001     	b	0x4008c2ec <load_and_run_program_in_scheduler+0x32c>
4008c2ec: 14000001     	b	0x4008c2f0 <load_and_run_program_in_scheduler+0x330>
4008c2f0: b85e43a0     	ldur	w0, [x29, #-0x1c]
4008c2f4: 52a88008     	mov	w8, #0x44000000         // =1140850688
4008c2f8: 2a0803e1     	mov	w1, w8
4008c2fc: 52a8a008     	mov	w8, #0x45000000         // =1157627904
4008c300: 2a0803e2     	mov	w2, w8
4008c304: 97fff823     	bl	0x4008a390 <process_set_entry>
4008c308: b85e43a8     	ldur	w8, [x29, #-0x1c]
4008c30c: b81fc3a8     	stur	w8, [x29, #-0x4]
4008c310: 14000001     	b	0x4008c314 <load_and_run_program_in_scheduler+0x354>
4008c314: b85fc3a0     	ldur	w0, [x29, #-0x4]
4008c318: a9497bfd     	ldp	x29, x30, [sp, #0x90]
4008c31c: 910283ff     	add	sp, sp, #0xa0
4008c320: d65f03c0     	ret
		...

000000004008c330 <program_loader_test_suite>:
4008c330: a9bf7bfd     	stp	x29, x30, [sp, #-0x10]!
4008c334: 910003fd     	mov	x29, sp
4008c338: d503201f     	nop
4008c33c: 70030a40     	adr	x0, 0x40092487 <UART0_FR+0x195f>
4008c340: 97ffe3f8     	bl	0x40085320 <uart_puts>
4008c344: 94000007     	bl	0x4008c360 <test_load_nonexistent_program>
4008c348: 9400003e     	bl	0x4008c440 <test_load_existing_program>
4008c34c: a8c17bfd     	ldp	x29, x30, [sp], #0x10
4008c350: d65f03c0     	ret
4008c354: d503201f     	nop
4008c358: d503201f     	nop
4008c35c: d503201f     	nop

000000004008c360 <test_load_nonexistent_program>:
4008c360: d10083ff     	sub	sp, sp, #0x20
4008c364: a9017bfd     	stp	x29, x30, [sp, #0x10]
4008c368: 910043fd     	add	x29, sp, #0x10
4008c36c: d0000ca9     	adrp	x9, 0x40222000 <syscall_tasks+0x7f8>
4008c370: b9400928     	ldr	w8, [x9, #0x8]
4008c374: 11000508     	add	w8, w8, #0x1
4008c378: b9000928     	str	w8, [x9, #0x8]
4008c37c: 90000020     	adrp	x0, 0x40090000 <virtio_input_init+0x360>
4008c380: 9138b400     	add	x0, x0, #0xe2d
4008c384: 97ffe3e7     	bl	0x40085320 <uart_puts>
4008c388: b0000020     	adrp	x0, 0x40091000 <UART0_FR+0x4d8>
4008c38c: 9131f000     	add	x0, x0, #0xc7c
4008c390: 12800002     	mov	w2, #-0x1               // =-1
4008c394: 2a0203e1     	mov	w1, w2
4008c398: 97ffff0a     	bl	0x4008bfc0 <load_and_run_program_in_scheduler>
4008c39c: b81fc3a0     	stur	w0, [x29, #-0x4]
4008c3a0: 14000001     	b	0x4008c3a4 <test_load_nonexistent_program+0x44>
4008c3a4: b85fc3a8     	ldur	w8, [x29, #-0x4]
4008c3a8: b9000be8     	str	w8, [sp, #0x8]
4008c3ac: 12800008     	mov	w8, #-0x1               // =-1
4008c3b0: b90007e8     	str	w8, [sp, #0x4]
4008c3b4: b9400be8     	ldr	w8, [sp, #0x8]
4008c3b8: b94007e9     	ldr	w9, [sp, #0x4]
4008c3bc: 6b090108     	subs	w8, w8, w9
4008c3c0: 54000320     	b.eq	0x4008c424 <test_load_nonexistent_program+0xc4>
4008c3c4: 14000001     	b	0x4008c3c8 <test_load_nonexistent_program+0x68>
4008c3c8: b0000020     	adrp	x0, 0x40091000 <UART0_FR+0x4d8>
4008c3cc: 91090c00     	add	x0, x0, #0x243
4008c3d0: 97ffe3d4     	bl	0x40085320 <uart_puts>
4008c3d4: 528001e0     	mov	w0, #0xf                // =15
4008c3d8: 97ffe3ee     	bl	0x40085390 <print_int>
4008c3dc: d0000020     	adrp	x0, 0x40092000 <UART0_FR+0x14d8>
4008c3e0: 91214400     	add	x0, x0, #0x851
4008c3e4: 97ffe3cf     	bl	0x40085320 <uart_puts>
4008c3e8: b9400be0     	ldr	w0, [sp, #0x8]
4008c3ec: 97ffe3e9     	bl	0x40085390 <print_int>
4008c3f0: d0000020     	adrp	x0, 0x40092000 <UART0_FR+0x14d8>
4008c3f4: 91217000     	add	x0, x0, #0x85c
4008c3f8: 97ffe3ca     	bl	0x40085320 <uart_puts>
4008c3fc: b94007e0     	ldr	w0, [sp, #0x4]
4008c400: 97ffe3e4     	bl	0x40085390 <print_int>
4008c404: b0000020     	adrp	x0, 0x40091000 <UART0_FR+0x4d8>
4008c408: 913b0800     	add	x0, x0, #0xec2
4008c40c: 97ffe3c5     	bl	0x40085320 <uart_puts>
4008c410: d0000ca9     	adrp	x9, 0x40222000 <syscall_tasks+0x7f8>
4008c414: b9400d28     	ldr	w8, [x9, #0xc]
4008c418: 11000508     	add	w8, w8, #0x1
4008c41c: b9000d28     	str	w8, [x9, #0xc]
4008c420: 14000002     	b	0x4008c428 <test_load_nonexistent_program+0xc8>
4008c424: 14000001     	b	0x4008c428 <test_load_nonexistent_program+0xc8>
4008c428: a9417bfd     	ldp	x29, x30, [sp, #0x10]
4008c42c: 910083ff     	add	sp, sp, #0x20
4008c430: d65f03c0     	ret
4008c434: d503201f     	nop
4008c438: d503201f     	nop
4008c43c: d503201f     	nop

000000004008c440 <test_load_existing_program>:
4008c440: d10103ff     	sub	sp, sp, #0x40
4008c444: a9037bfd     	stp	x29, x30, [sp, #0x30]
4008c448: 9100c3fd     	add	x29, sp, #0x30
4008c44c: d0000ca9     	adrp	x9, 0x40222000 <syscall_tasks+0x7f8>
4008c450: b9400928     	ldr	w8, [x9, #0x8]
4008c454: 11000508     	add	w8, w8, #0x1
4008c458: b9000928     	str	w8, [x9, #0x8]
4008c45c: b0000020     	adrp	x0, 0x40091000 <UART0_FR+0x4d8>
4008c460: 9125e000     	add	x0, x0, #0x978
4008c464: 97ffe3af     	bl	0x40085320 <uart_puts>
4008c468: d0000020     	adrp	x0, 0x40092000 <UART0_FR+0x14d8>
4008c46c: 91233800     	add	x0, x0, #0x8ce
4008c470: 12800002     	mov	w2, #-0x1               // =-1
4008c474: 2a0203e1     	mov	w1, w2
4008c478: 97fffed2     	bl	0x4008bfc0 <load_and_run_program_in_scheduler>
4008c47c: b81fc3a0     	stur	w0, [x29, #-0x4]
4008c480: 14000001     	b	0x4008c484 <test_load_existing_program+0x44>
4008c484: b85fc3a8     	ldur	w8, [x29, #-0x4]
4008c488: 2a1f03e9     	mov	w9, wzr
4008c48c: b90007e9     	str	w9, [sp, #0x4]
4008c490: 37f800e8     	tbnz	w8, #0x1f, 0x4008c4ac <test_load_existing_program+0x6c>
4008c494: 14000001     	b	0x4008c498 <test_load_existing_program+0x58>
4008c498: b85fc3a8     	ldur	w8, [x29, #-0x4]
4008c49c: 71008108     	subs	w8, w8, #0x20
4008c4a0: 1a9fa7e8     	cset	w8, lt
4008c4a4: b90007e8     	str	w8, [sp, #0x4]
4008c4a8: 14000001     	b	0x4008c4ac <test_load_existing_program+0x6c>
4008c4ac: b94007e8     	ldr	w8, [sp, #0x4]
4008c4b0: 12000108     	and	w8, w8, #0x1
4008c4b4: b81f83a8     	stur	w8, [x29, #-0x8]
4008c4b8: 52800028     	mov	w8, #0x1                // =1
4008c4bc: b81f43a8     	stur	w8, [x29, #-0xc]
4008c4c0: b85f83a8     	ldur	w8, [x29, #-0x8]
4008c4c4: b85f43a9     	ldur	w9, [x29, #-0xc]
4008c4c8: 6b090108     	subs	w8, w8, w9
4008c4cc: 54000320     	b.eq	0x4008c530 <test_load_existing_program+0xf0>
4008c4d0: 14000001     	b	0x4008c4d4 <test_load_existing_program+0x94>
4008c4d4: 90000020     	adrp	x0, 0x40090000 <virtio_input_init+0x360>
4008c4d8: 913fd000     	add	x0, x0, #0xff4
4008c4dc: 97ffe391     	bl	0x40085320 <uart_puts>
4008c4e0: 528002e0     	mov	w0, #0x17               // =23
4008c4e4: 97ffe3ab     	bl	0x40085390 <print_int>
4008c4e8: d0000020     	adrp	x0, 0x40092000 <UART0_FR+0x14d8>
4008c4ec: 91214400     	add	x0, x0, #0x851
4008c4f0: 97ffe38c     	bl	0x40085320 <uart_puts>
4008c4f4: b85f83a0     	ldur	w0, [x29, #-0x8]
4008c4f8: 97ffe3a6     	bl	0x40085390 <print_int>
4008c4fc: d0000020     	adrp	x0, 0x40092000 <UART0_FR+0x14d8>
4008c500: 91217000     	add	x0, x0, #0x85c
4008c504: 97ffe387     	bl	0x40085320 <uart_puts>
4008c508: b85f43a0     	ldur	w0, [x29, #-0xc]
4008c50c: 97ffe3a1     	bl	0x40085390 <print_int>
4008c510: b0000020     	adrp	x0, 0x40091000 <UART0_FR+0x4d8>
4008c514: 913b0800     	add	x0, x0, #0xec2
4008c518: 97ffe382     	bl	0x40085320 <uart_puts>
4008c51c: d0000ca9     	adrp	x9, 0x40222000 <syscall_tasks+0x7f8>
4008c520: b9400d28     	ldr	w8, [x9, #0xc]
4008c524: 11000508     	add	w8, w8, #0x1
4008c528: b9000d28     	str	w8, [x9, #0xc]
4008c52c: 1400004f     	b	0x4008c668 <test_load_existing_program+0x228>
4008c530: 14000001     	b	0x4008c534 <test_load_existing_program+0xf4>
4008c534: b85fc3a0     	ldur	w0, [x29, #-0x4]
4008c538: 97fffc2a     	bl	0x4008b5e0 <process_get_pcb>
4008c53c: f9000fe0     	str	x0, [sp, #0x18]
4008c540: 14000001     	b	0x4008c544 <test_load_existing_program+0x104>
4008c544: f9400fe8     	ldr	x8, [sp, #0x18]
4008c548: f1000108     	subs	x8, x8, #0x0
4008c54c: 1a9f07e8     	cset	w8, ne
4008c550: b90017e8     	str	w8, [sp, #0x14]
4008c554: 52800028     	mov	w8, #0x1                // =1
4008c558: b90013e8     	str	w8, [sp, #0x10]
4008c55c: b94017e8     	ldr	w8, [sp, #0x14]
4008c560: b94013e9     	ldr	w9, [sp, #0x10]
4008c564: 6b090108     	subs	w8, w8, w9
4008c568: 54000320     	b.eq	0x4008c5cc <test_load_existing_program+0x18c>
4008c56c: 14000001     	b	0x4008c570 <test_load_existing_program+0x130>
4008c570: b0000020     	adrp	x0, 0x40091000 <UART0_FR+0x4d8>
4008c574: 91014800     	add	x0, x0, #0x52
4008c578: 97ffe36a     	bl	0x40085320 <uart_puts>
4008c57c: 52800340     	mov	w0, #0x1a               // =26
4008c580: 97ffe384     	bl	0x40085390 <print_int>
4008c584: d0000020     	adrp	x0, 0x40092000 <UART0_FR+0x14d8>
4008c588: 91214400     	add	x0, x0, #0x851
4008c58c: 97ffe365     	bl	0x40085320 <uart_puts>
4008c590: b94017e0     	ldr	w0, [sp, #0x14]
4008c594: 97ffe37f     	bl	0x40085390 <print_int>
4008c598: d0000020     	adrp	x0, 0x40092000 <UART0_FR+0x14d8>
4008c59c: 91217000     	add	x0, x0, #0x85c
4008c5a0: 97ffe360     	bl	0x40085320 <uart_puts>
4008c5a4: b94013e0     	ldr	w0, [sp, #0x10]
4008c5a8: 97ffe37a     	bl	0x40085390 <print_int>
4008c5ac: b0000020     	adrp	x0, 0x40091000 <UART0_FR+0x4d8>
4008c5b0: 913b0800     	add	x0, x0, #0xec2
4008c5b4: 97ffe35b     	bl	0x40085320 <uart_puts>
4008c5b8: d0000ca9     	adrp	x9, 0x40222000 <syscall_tasks+0x7f8>
4008c5bc: b9400d28     	ldr	w8, [x9, #0xc]
4008c5c0: 11000508     	add	w8, w8, #0x1
4008c5c4: b9000d28     	str	w8, [x9, #0xc]
4008c5c8: 14000028     	b	0x4008c668 <test_load_existing_program+0x228>
4008c5cc: 14000001     	b	0x4008c5d0 <test_load_existing_program+0x190>
4008c5d0: 14000001     	b	0x4008c5d4 <test_load_existing_program+0x194>
4008c5d4: f9400fe8     	ldr	x8, [sp, #0x18]
4008c5d8: b9400508     	ldr	w8, [x8, #0x4]
4008c5dc: b9000fe8     	str	w8, [sp, #0xc]
4008c5e0: 52800048     	mov	w8, #0x2                // =2
4008c5e4: b9000be8     	str	w8, [sp, #0x8]
4008c5e8: b9400fe8     	ldr	w8, [sp, #0xc]
4008c5ec: b9400be9     	ldr	w9, [sp, #0x8]
4008c5f0: 6b090108     	subs	w8, w8, w9
4008c5f4: 54000320     	b.eq	0x4008c658 <test_load_existing_program+0x218>
4008c5f8: 14000001     	b	0x4008c5fc <test_load_existing_program+0x1bc>
4008c5fc: b0000020     	adrp	x0, 0x40091000 <UART0_FR+0x4d8>
4008c600: 911ba800     	add	x0, x0, #0x6ea
4008c604: 97ffe347     	bl	0x40085320 <uart_puts>
4008c608: 52800360     	mov	w0, #0x1b               // =27
4008c60c: 97ffe361     	bl	0x40085390 <print_int>
4008c610: d0000020     	adrp	x0, 0x40092000 <UART0_FR+0x14d8>
4008c614: 91214400     	add	x0, x0, #0x851
4008c618: 97ffe342     	bl	0x40085320 <uart_puts>
4008c61c: b9400fe0     	ldr	w0, [sp, #0xc]
4008c620: 97ffe35c     	bl	0x40085390 <print_int>
4008c624: d0000020     	adrp	x0, 0x40092000 <UART0_FR+0x14d8>
4008c628: 91217000     	add	x0, x0, #0x85c
4008c62c: 97ffe33d     	bl	0x40085320 <uart_puts>
4008c630: b9400be0     	ldr	w0, [sp, #0x8]
4008c634: 97ffe357     	bl	0x40085390 <print_int>
4008c638: b0000020     	adrp	x0, 0x40091000 <UART0_FR+0x4d8>
4008c63c: 913b0800     	add	x0, x0, #0xec2
4008c640: 97ffe338     	bl	0x40085320 <uart_puts>
4008c644: d0000ca9     	adrp	x9, 0x40222000 <syscall_tasks+0x7f8>
4008c648: b9400d28     	ldr	w8, [x9, #0xc]
4008c64c: 11000508     	add	w8, w8, #0x1
4008c650: b9000d28     	str	w8, [x9, #0xc]
4008c654: 14000005     	b	0x4008c668 <test_load_existing_program+0x228>
4008c658: 14000001     	b	0x4008c65c <test_load_existing_program+0x21c>
4008c65c: b85fc3a0     	ldur	w0, [x29, #-0x4]
4008c660: 97fffa28     	bl	0x4008af00 <process_kill>
4008c664: 14000001     	b	0x4008c668 <test_load_existing_program+0x228>
4008c668: a9437bfd     	ldp	x29, x30, [sp, #0x30]
4008c66c: 910103ff     	add	sp, sp, #0x40
4008c670: d65f03c0     	ret
		...

000000004008c680 <get_cpuid>:
4008c680: d10043ff     	sub	sp, sp, #0x10
4008c684: d53800a8     	mrs	x8, MPIDR_EL1
4008c688: f90007e8     	str	x8, [sp, #0x8]
4008c68c: 394023e0     	ldrb	w0, [sp, #0x8]
4008c690: 910043ff     	add	sp, sp, #0x10
4008c694: d65f03c0     	ret
4008c698: d503201f     	nop
4008c69c: d503201f     	nop

000000004008c6a0 <smp_init>:
4008c6a0: d10083ff     	sub	sp, sp, #0x20
4008c6a4: a9017bfd     	stp	x29, x30, [sp, #0x10]
4008c6a8: 910043fd     	add	x29, sp, #0x10
4008c6ac: d503201f     	nop
4008c6b0: 5002a600     	adr	x0, 0x40091b72 <UART0_FR+0x104a>
4008c6b4: 97ffe31b     	bl	0x40085320 <uart_puts>
4008c6b8: 52800028     	mov	w8, #0x1                // =1
4008c6bc: b81fc3a8     	stur	w8, [x29, #-0x4]
4008c6c0: 14000001     	b	0x4008c6c4 <smp_init+0x24>
4008c6c4: b85fc3a8     	ldur	w8, [x29, #-0x4]
4008c6c8: 71000d08     	subs	w8, w8, #0x3
4008c6cc: 540004ec     	b.gt	0x4008c768 <smp_init+0xc8>
4008c6d0: 14000001     	b	0x4008c6d4 <smp_init+0x34>
4008c6d4: b89fc3a0     	ldursw	x0, [x29, #-0x4]
4008c6d8: d503201f     	nop
4008c6dc: 10f9cd21     	adr	x1, 0x40080080 <secondary_entry>
4008c6e0: aa1f03e2     	mov	x2, xzr
4008c6e4: 94000027     	bl	0x4008c780 <psci_cpu_on>
4008c6e8: f90003e0     	str	x0, [sp]
4008c6ec: f94003e8     	ldr	x8, [sp]
4008c6f0: b5000168     	cbnz	x8, 0x4008c71c <smp_init+0x7c>
4008c6f4: 14000001     	b	0x4008c6f8 <smp_init+0x58>
4008c6f8: b0000020     	adrp	x0, 0x40091000 <UART0_FR+0x4d8>
4008c6fc: 9129e800     	add	x0, x0, #0xa7a
4008c700: 97ffe308     	bl	0x40085320 <uart_puts>
4008c704: b85fc3a0     	ldur	w0, [x29, #-0x4]
4008c708: 97ffe322     	bl	0x40085390 <print_int>
4008c70c: d0000020     	adrp	x0, 0x40092000 <UART0_FR+0x14d8>
4008c710: 9117cc00     	add	x0, x0, #0x5f3
4008c714: 97ffe303     	bl	0x40085320 <uart_puts>
4008c718: 1400000f     	b	0x4008c754 <smp_init+0xb4>
4008c71c: 90000020     	adrp	x0, 0x40090000 <virtio_input_init+0x360>
4008c720: 91341c00     	add	x0, x0, #0xd07
4008c724: 97ffe2ff     	bl	0x40085320 <uart_puts>
4008c728: b85fc3a0     	ldur	w0, [x29, #-0x4]
4008c72c: 97ffe319     	bl	0x40085390 <print_int>
4008c730: 90000020     	adrp	x0, 0x40090000 <virtio_input_init+0x360>
4008c734: 9134a400     	add	x0, x0, #0xd29
4008c738: 97ffe2fa     	bl	0x40085320 <uart_puts>
4008c73c: b94003e0     	ldr	w0, [sp]
4008c740: 97ffe314     	bl	0x40085390 <print_int>
4008c744: 90000020     	adrp	x0, 0x40090000 <virtio_input_init+0x360>
4008c748: 913c1c00     	add	x0, x0, #0xf07
4008c74c: 97ffe2f5     	bl	0x40085320 <uart_puts>
4008c750: 14000001     	b	0x4008c754 <smp_init+0xb4>
4008c754: 14000001     	b	0x4008c758 <smp_init+0xb8>
4008c758: b85fc3a8     	ldur	w8, [x29, #-0x4]
4008c75c: 11000508     	add	w8, w8, #0x1
4008c760: b81fc3a8     	stur	w8, [x29, #-0x4]
4008c764: 17ffffd8     	b	0x4008c6c4 <smp_init+0x24>
4008c768: a9417bfd     	ldp	x29, x30, [sp, #0x10]
4008c76c: 910083ff     	add	sp, sp, #0x20
4008c770: d65f03c0     	ret
4008c774: d503201f     	nop
4008c778: d503201f     	nop
4008c77c: d503201f     	nop

000000004008c780 <psci_cpu_on>:
4008c780: d10103ff     	sub	sp, sp, #0x40
4008c784: f9001fe0     	str	x0, [sp, #0x38]
4008c788: f9001be1     	str	x1, [sp, #0x30]
4008c78c: f90017e2     	str	x2, [sp, #0x28]
4008c790: 52800068     	mov	w8, #0x3                // =3
4008c794: 72b88008     	movk	w8, #0xc400, lsl #16
4008c798: f90013e8     	str	x8, [sp, #0x20]
4008c79c: f9401fe8     	ldr	x8, [sp, #0x38]
4008c7a0: f9000fe8     	str	x8, [sp, #0x18]
4008c7a4: f9401be8     	ldr	x8, [sp, #0x30]
4008c7a8: f9000be8     	str	x8, [sp, #0x10]
4008c7ac: f94017e8     	ldr	x8, [sp, #0x28]
4008c7b0: f90007e8     	str	x8, [sp, #0x8]
4008c7b4: f94013e0     	ldr	x0, [sp, #0x20]
4008c7b8: f9400fe1     	ldr	x1, [sp, #0x18]
4008c7bc: f9400be2     	ldr	x2, [sp, #0x10]
4008c7c0: f94007e3     	ldr	x3, [sp, #0x8]
4008c7c4: d4000002     	hvc	#0
4008c7c8: f90013e0     	str	x0, [sp, #0x20]
4008c7cc: f94013e0     	ldr	x0, [sp, #0x20]
4008c7d0: 910103ff     	add	sp, sp, #0x40
4008c7d4: d65f03c0     	ret
		...

000000004008c7e0 <test_fw_cfg>:
4008c7e0: d100c3ff     	sub	sp, sp, #0x30
4008c7e4: a9027bfd     	stp	x29, x30, [sp, #0x20]
4008c7e8: 910083fd     	add	x29, sp, #0x20
4008c7ec: 52800108     	mov	w8, #0x8                // =8
4008c7f0: 72a12048     	movk	w8, #0x902, lsl #16
4008c7f4: f81f83a8     	stur	x8, [x29, #-0x8]
4008c7f8: 52a12048     	mov	w8, #0x9020000          // =151126016
4008c7fc: f9000be8     	str	x8, [sp, #0x10]
4008c800: f85f83a9     	ldur	x9, [x29, #-0x8]
4008c804: 2a1f03e8     	mov	w8, wzr
4008c808: 79000128     	strh	w8, [x9]
4008c80c: 390033e8     	strb	w8, [sp, #0xc]
4008c810: b9000be8     	str	w8, [sp, #0x8]
4008c814: f9400be8     	ldr	x8, [sp, #0x10]
4008c818: 39400108     	ldrb	w8, [x8]
4008c81c: 390023e8     	strb	w8, [sp, #0x8]
4008c820: f9400be8     	ldr	x8, [sp, #0x10]
4008c824: 39400108     	ldrb	w8, [x8]
4008c828: 390027e8     	strb	w8, [sp, #0x9]
4008c82c: f9400be8     	ldr	x8, [sp, #0x10]
4008c830: 39400108     	ldrb	w8, [x8]
4008c834: 39002be8     	strb	w8, [sp, #0xa]
4008c838: f9400be8     	ldr	x8, [sp, #0x10]
4008c83c: 39400108     	ldrb	w8, [x8]
4008c840: 39002fe8     	strb	w8, [sp, #0xb]
4008c844: d503201f     	nop
4008c848: 3002ee00     	adr	x0, 0x40092609 <UART0_FR+0x1ae1>
4008c84c: 97ffe2b5     	bl	0x40085320 <uart_puts>
4008c850: 910023e0     	add	x0, sp, #0x8
4008c854: 97ffe2b3     	bl	0x40085320 <uart_puts>
4008c858: b0000020     	adrp	x0, 0x40091000 <UART0_FR+0x4d8>
4008c85c: 913b0800     	add	x0, x0, #0xec2
4008c860: 97ffe2b0     	bl	0x40085320 <uart_puts>
4008c864: a9427bfd     	ldp	x29, x30, [sp, #0x20]
4008c868: 9100c3ff     	add	sp, sp, #0x30
4008c86c: d65f03c0     	ret

000000004008c870 <smp_test_suite>:
4008c870: a9bf7bfd     	stp	x29, x30, [sp, #-0x10]!
4008c874: 910003fd     	mov	x29, sp
4008c878: d503201f     	nop
4008c87c: 50026d40     	adr	x0, 0x40091626 <UART0_FR+0xafe>
4008c880: 97ffe2a8     	bl	0x40085320 <uart_puts>
4008c884: 94000003     	bl	0x4008c890 <test_get_cpuid>
4008c888: a8c17bfd     	ldp	x29, x30, [sp], #0x10
4008c88c: d65f03c0     	ret

000000004008c890 <test_get_cpuid>:
4008c890: d10083ff     	sub	sp, sp, #0x20
4008c894: a9017bfd     	stp	x29, x30, [sp, #0x10]
4008c898: 910043fd     	add	x29, sp, #0x10
4008c89c: b0000020     	adrp	x0, 0x40091000 <UART0_FR+0x4d8>
4008c8a0: 912e8c00     	add	x0, x0, #0xba3
4008c8a4: 97ffe29f     	bl	0x40085320 <uart_puts>
4008c8a8: d0000ca9     	adrp	x9, 0x40222000 <syscall_tasks+0x7f8>
4008c8ac: b9400928     	ldr	w8, [x9, #0x8]
4008c8b0: 11000508     	add	w8, w8, #0x1
4008c8b4: b9000928     	str	w8, [x9, #0x8]
4008c8b8: 97ffff72     	bl	0x4008c680 <get_cpuid>
4008c8bc: b81fc3a0     	stur	w0, [x29, #-0x4]
4008c8c0: 14000001     	b	0x4008c8c4 <test_get_cpuid+0x34>
4008c8c4: b85fc3a8     	ldur	w8, [x29, #-0x4]
4008c8c8: b9000be8     	str	w8, [sp, #0x8]
4008c8cc: 2a1f03e8     	mov	w8, wzr
4008c8d0: b90007e8     	str	w8, [sp, #0x4]
4008c8d4: b9400be8     	ldr	w8, [sp, #0x8]
4008c8d8: b94007e9     	ldr	w9, [sp, #0x4]
4008c8dc: 6b090108     	subs	w8, w8, w9
4008c8e0: 54000320     	b.eq	0x4008c944 <test_get_cpuid+0xb4>
4008c8e4: 14000001     	b	0x4008c8e8 <test_get_cpuid+0x58>
4008c8e8: d0000020     	adrp	x0, 0x40092000 <UART0_FR+0x14d8>
4008c8ec: 9127cc00     	add	x0, x0, #0x9f3
4008c8f0: 97ffe28c     	bl	0x40085320 <uart_puts>
4008c8f4: 528001a0     	mov	w0, #0xd                // =13
4008c8f8: 97ffe2a6     	bl	0x40085390 <print_int>
4008c8fc: d0000020     	adrp	x0, 0x40092000 <UART0_FR+0x14d8>
4008c900: 91214400     	add	x0, x0, #0x851
4008c904: 97ffe287     	bl	0x40085320 <uart_puts>
4008c908: b9400be0     	ldr	w0, [sp, #0x8]
4008c90c: 97ffe2a1     	bl	0x40085390 <print_int>
4008c910: d0000020     	adrp	x0, 0x40092000 <UART0_FR+0x14d8>
4008c914: 91217000     	add	x0, x0, #0x85c
4008c918: 97ffe282     	bl	0x40085320 <uart_puts>
4008c91c: b94007e0     	ldr	w0, [sp, #0x4]
4008c920: 97ffe29c     	bl	0x40085390 <print_int>
4008c924: b0000020     	adrp	x0, 0x40091000 <UART0_FR+0x4d8>
4008c928: 913b0800     	add	x0, x0, #0xec2
4008c92c: 97ffe27d     	bl	0x40085320 <uart_puts>
4008c930: d0000ca9     	adrp	x9, 0x40222000 <syscall_tasks+0x7f8>
4008c934: b9400d28     	ldr	w8, [x9, #0xc]
4008c938: 11000508     	add	w8, w8, #0x1
4008c93c: b9000d28     	str	w8, [x9, #0xc]
4008c940: 14000002     	b	0x4008c948 <test_get_cpuid+0xb8>
4008c944: 14000001     	b	0x4008c948 <test_get_cpuid+0xb8>
4008c948: a9417bfd     	ldp	x29, x30, [sp, #0x10]
4008c94c: 910083ff     	add	sp, sp, #0x20
4008c950: d65f03c0     	ret
		...

000000004008c960 <timer_init>:
4008c960: d10043ff     	sub	sp, sp, #0x10
4008c964: d53be008     	mrs	x8, CNTFRQ_EL0
4008c968: f90007e8     	str	x8, [sp, #0x8]
4008c96c: f94007e8     	ldr	x8, [sp, #0x8]
4008c970: d342fd08     	lsr	x8, x8, #2
4008c974: d29eb869     	mov	x9, #0xf5c3             // =62915
4008c978: f2ab8509     	movk	x9, #0x5c28, lsl #16
4008c97c: f2d851e9     	movk	x9, #0xc28f, lsl #32
4008c980: f2e51ea9     	movk	x9, #0x28f5, lsl #48
4008c984: 9bc97d08     	umulh	x8, x8, x9
4008c988: d342fd09     	lsr	x9, x8, #2
4008c98c: b0000ca8     	adrp	x8, 0x40221000 <proc_table+0x3418>
4008c990: f903fd09     	str	x9, [x8, #0x7f8]
4008c994: f943fd08     	ldr	x8, [x8, #0x7f8]
4008c998: d51be208     	msr	CNTP_TVAL_EL0, x8
4008c99c: 52800028     	mov	w8, #0x1                // =1
4008c9a0: f90003e8     	str	x8, [sp]
4008c9a4: f94003e8     	ldr	x8, [sp]
4008c9a8: d51be228     	msr	CNTP_CTL_EL0, x8
4008c9ac: 910043ff     	add	sp, sp, #0x10
4008c9b0: d65f03c0     	ret
4008c9b4: d503201f     	nop
4008c9b8: d503201f     	nop
4008c9bc: d503201f     	nop

000000004008c9c0 <timer_reload>:
4008c9c0: b0000ca8     	adrp	x8, 0x40221000 <proc_table+0x3418>
4008c9c4: f943fd08     	ldr	x8, [x8, #0x7f8]
4008c9c8: d51be208     	msr	CNTP_TVAL_EL0, x8
4008c9cc: d65f03c0     	ret

000000004008c9d0 <timer_get_ms>:
4008c9d0: d10083ff     	sub	sp, sp, #0x20
4008c9d4: d53be028     	mrs	x8, CNTPCT_EL0
4008c9d8: f9000be8     	str	x8, [sp, #0x10]
4008c9dc: d53be008     	mrs	x8, CNTFRQ_EL0
4008c9e0: f90007e8     	str	x8, [sp, #0x8]
4008c9e4: f94007e8     	ldr	x8, [sp, #0x8]
4008c9e8: b50000a8     	cbnz	x8, 0x4008c9fc <timer_get_ms+0x2c>
4008c9ec: 14000001     	b	0x4008c9f0 <timer_get_ms+0x20>
4008c9f0: aa1f03e8     	mov	x8, xzr
4008c9f4: f9000fe8     	str	x8, [sp, #0x18]
4008c9f8: 14000008     	b	0x4008ca18 <timer_get_ms+0x48>
4008c9fc: f9400be8     	ldr	x8, [sp, #0x10]
4008ca00: 52807d09     	mov	w9, #0x3e8              // =1000
4008ca04: 9b097d08     	mul	x8, x8, x9
4008ca08: f94007e9     	ldr	x9, [sp, #0x8]
4008ca0c: 9ac90908     	udiv	x8, x8, x9
4008ca10: f9000fe8     	str	x8, [sp, #0x18]
4008ca14: 14000001     	b	0x4008ca18 <timer_get_ms+0x48>
4008ca18: f9400fe0     	ldr	x0, [sp, #0x18]
4008ca1c: 910083ff     	add	sp, sp, #0x20
4008ca20: d65f03c0     	ret
		...

000000004008ca30 <timer_test_suite>:
4008ca30: a9bf7bfd     	stp	x29, x30, [sp, #-0x10]!
4008ca34: 910003fd     	mov	x29, sp
4008ca38: d503201f     	nop
4008ca3c: 50026d80     	adr	x0, 0x400917ee <UART0_FR+0xcc6>
4008ca40: 97ffe238     	bl	0x40085320 <uart_puts>
4008ca44: 94000003     	bl	0x4008ca50 <test_timer_reload>
4008ca48: a8c17bfd     	ldp	x29, x30, [sp], #0x10
4008ca4c: d65f03c0     	ret

000000004008ca50 <test_timer_reload>:
4008ca50: a9bf7bfd     	stp	x29, x30, [sp, #-0x10]!
4008ca54: 910003fd     	mov	x29, sp
4008ca58: d0000020     	adrp	x0, 0x40092000 <UART0_FR+0x14d8>
4008ca5c: 91053800     	add	x0, x0, #0x14e
4008ca60: 97ffe230     	bl	0x40085320 <uart_puts>
4008ca64: d0000ca9     	adrp	x9, 0x40222000 <syscall_tasks+0x7f8>
4008ca68: b9400928     	ldr	w8, [x9, #0x8]
4008ca6c: 11000508     	add	w8, w8, #0x1
4008ca70: b9000928     	str	w8, [x9, #0x8]
4008ca74: 97ffffd3     	bl	0x4008c9c0 <timer_reload>
4008ca78: a8c17bfd     	ldp	x29, x30, [sp], #0x10
4008ca7c: d65f03c0     	ret

000000004008ca80 <debug_print_tf>:
4008ca80: d10083ff     	sub	sp, sp, #0x20
4008ca84: a9017bfd     	stp	x29, x30, [sp, #0x10]
4008ca88: 910043fd     	add	x29, sp, #0x10
4008ca8c: f90007e0     	str	x0, [sp, #0x8]
4008ca90: f94007e8     	ldr	x8, [sp, #0x8]
4008ca94: f9402108     	ldr	x8, [x8, #0x40]
4008ca98: f1000d08     	subs	x8, x8, #0x3
4008ca9c: 54000241     	b.ne	0x4008cae4 <debug_print_tf+0x64>
4008caa0: 14000001     	b	0x4008caa4 <debug_print_tf+0x24>
4008caa4: d503201f     	nop
4008caa8: 50022300     	adr	x0, 0x40090f0a <UART0_FR+0x3e2>
4008caac: 97ffe21d     	bl	0x40085320 <uart_puts>
4008cab0: f94007e8     	ldr	x8, [sp, #0x8]
4008cab4: b9400100     	ldr	w0, [x8]
4008cab8: 97ffe236     	bl	0x40085390 <print_int>
4008cabc: 90000020     	adrp	x0, 0x40090000 <virtio_input_init+0x360>
4008cac0: 9134e000     	add	x0, x0, #0xd38
4008cac4: 97ffe217     	bl	0x40085320 <uart_puts>
4008cac8: f94007e8     	ldr	x8, [sp, #0x8]
4008cacc: f9407d00     	ldr	x0, [x8, #0xf8]
4008cad0: 97ffe284     	bl	0x400854e0 <uart_print_hex>
4008cad4: b0000020     	adrp	x0, 0x40091000 <UART0_FR+0x4d8>
4008cad8: 913b0800     	add	x0, x0, #0xec2
4008cadc: 97ffe211     	bl	0x40085320 <uart_puts>
4008cae0: 14000001     	b	0x4008cae4 <debug_print_tf+0x64>
4008cae4: a9417bfd     	ldp	x29, x30, [sp, #0x10]
4008cae8: 910083ff     	add	sp, sp, #0x20
4008caec: d65f03c0     	ret

000000004008caf0 <sync_handler_c>:
4008caf0: d100c3ff     	sub	sp, sp, #0x30
4008caf4: a9027bfd     	stp	x29, x30, [sp, #0x20]
4008caf8: 910083fd     	add	x29, sp, #0x20
4008cafc: f81f83a0     	stur	x0, [x29, #-0x8]
4008cb00: d5385208     	mrs	x8, ESR_EL1
4008cb04: f9000be8     	str	x8, [sp, #0x10]
4008cb08: b94013e8     	ldr	w8, [sp, #0x10]
4008cb0c: 531a7d08     	lsr	w8, w8, #26
4008cb10: b9000fe8     	str	w8, [sp, #0xc]
4008cb14: b94013e8     	ldr	w8, [sp, #0x10]
4008cb18: 12005d08     	and	w8, w8, #0xffffff
4008cb1c: b9000be8     	str	w8, [sp, #0x8]
4008cb20: b9400fe8     	ldr	w8, [sp, #0xc]
4008cb24: 71005508     	subs	w8, w8, #0x15
4008cb28: 540001e1     	b.ne	0x4008cb64 <sync_handler_c+0x74>
4008cb2c: 14000001     	b	0x4008cb30 <sync_handler_c+0x40>
4008cb30: b9400be8     	ldr	w8, [sp, #0x8]
4008cb34: 7103fd08     	subs	w8, w8, #0xff
4008cb38: 54000161     	b.ne	0x4008cb64 <sync_handler_c+0x74>
4008cb3c: 14000001     	b	0x4008cb40 <sync_handler_c+0x50>
4008cb40: f85f83a9     	ldur	x9, [x29, #-0x8]
4008cb44: f9407d28     	ldr	x8, [x9, #0xf8]
4008cb48: 91001108     	add	x8, x8, #0x4
4008cb4c: f9007d28     	str	x8, [x9, #0xf8]
4008cb50: f85f83a0     	ldur	x0, [x29, #-0x8]
4008cb54: 97fff763     	bl	0x4008a8e0 <schedule>
4008cb58: a9427bfd     	ldp	x29, x30, [sp, #0x20]
4008cb5c: 9100c3ff     	add	sp, sp, #0x30
4008cb60: d65f03c0     	ret
4008cb64: d0000020     	adrp	x0, 0x40092000 <UART0_FR+0x14d8>
4008cb68: 911d4c00     	add	x0, x0, #0x753
4008cb6c: 97ffe1ed     	bl	0x40085320 <uart_puts>
4008cb70: f9400be0     	ldr	x0, [sp, #0x10]
4008cb74: 97ffe25b     	bl	0x400854e0 <uart_print_hex>
4008cb78: d5386008     	mrs	x8, FAR_EL1
4008cb7c: f90003e8     	str	x8, [sp]
4008cb80: 90000020     	adrp	x0, 0x40090000 <virtio_input_init+0x360>
4008cb84: 912f2400     	add	x0, x0, #0xbc9
4008cb88: 97ffe1e6     	bl	0x40085320 <uart_puts>
4008cb8c: f94003e0     	ldr	x0, [sp]
4008cb90: 97ffe254     	bl	0x400854e0 <uart_print_hex>
4008cb94: b0000020     	adrp	x0, 0x40091000 <UART0_FR+0x4d8>
4008cb98: 913b0800     	add	x0, x0, #0xec2
4008cb9c: 97ffe1e1     	bl	0x40085320 <uart_puts>
4008cba0: 14000001     	b	0x4008cba4 <sync_handler_c+0xb4>
4008cba4: 14000000     	b	0x4008cba4 <sync_handler_c+0xb4>
4008cba8: d503201f     	nop
4008cbac: d503201f     	nop

000000004008cbb0 <syscall_worker_thread>:
4008cbb0: d10303ff     	sub	sp, sp, #0xc0
4008cbb4: a90b7bfd     	stp	x29, x30, [sp, #0xb0]
4008cbb8: 9102c3fd     	add	x29, sp, #0xb0
4008cbbc: f81f83a0     	stur	x0, [x29, #-0x8]
4008cbc0: f85f83a8     	ldur	x8, [x29, #-0x8]
4008cbc4: f81f03a8     	stur	x8, [x29, #-0x10]
4008cbc8: 12800008     	mov	w8, #-0x1               // =-1
4008cbcc: b81ec3a8     	stur	w8, [x29, #-0x14]
4008cbd0: 92800008     	mov	x8, #-0x1               // =-1
4008cbd4: f81e03a8     	stur	x8, [x29, #-0x20]
4008cbd8: 2a1f03e8     	mov	w8, wzr
4008cbdc: b81dc3a8     	stur	w8, [x29, #-0x24]
4008cbe0: 14000001     	b	0x4008cbe4 <syscall_worker_thread+0x34>
4008cbe4: f85f03a8     	ldur	x8, [x29, #-0x10]
4008cbe8: f9400508     	ldr	x8, [x8, #0x8]
4008cbec: f1001108     	subs	x8, x8, #0x4
4008cbf0: 540002e1     	b.ne	0x4008cc4c <syscall_worker_thread+0x9c>
4008cbf4: 14000001     	b	0x4008cbf8 <syscall_worker_thread+0x48>
4008cbf8: f85f03a8     	ldur	x8, [x29, #-0x10]
4008cbfc: f9400908     	ldr	x8, [x8, #0x10]
4008cc00: f81d03a8     	stur	x8, [x29, #-0x30]
4008cc04: f85d03a8     	ldur	x8, [x29, #-0x30]
4008cc08: d35afd08     	lsr	x8, x8, #26
4008cc0c: f1004508     	subs	x8, x8, #0x11
4008cc10: 54000163     	b.lo	0x4008cc3c <syscall_worker_thread+0x8c>
4008cc14: 14000001     	b	0x4008cc18 <syscall_worker_thread+0x68>
4008cc18: f85d03a8     	ldur	x8, [x29, #-0x30]
4008cc1c: d358fd08     	lsr	x8, x8, #24
4008cc20: f1011108     	subs	x8, x8, #0x44
4008cc24: 540000c8     	b.hi	0x4008cc3c <syscall_worker_thread+0x8c>
4008cc28: 14000001     	b	0x4008cc2c <syscall_worker_thread+0x7c>
4008cc2c: f85d03a0     	ldur	x0, [x29, #-0x30]
4008cc30: 97ffdb04     	bl	0x40083840 <file_open>
4008cc34: b81ec3a0     	stur	w0, [x29, #-0x14]
4008cc38: 14000004     	b	0x4008cc48 <syscall_worker_thread+0x98>
4008cc3c: 12800008     	mov	w8, #-0x1               // =-1
4008cc40: b81ec3a8     	stur	w8, [x29, #-0x14]
4008cc44: 14000001     	b	0x4008cc48 <syscall_worker_thread+0x98>
4008cc48: 140000d3     	b	0x4008cf94 <syscall_worker_thread+0x3e4>
4008cc4c: f85f03a8     	ldur	x8, [x29, #-0x10]
4008cc50: f9400508     	ldr	x8, [x8, #0x8]
4008cc54: f1001508     	subs	x8, x8, #0x5
4008cc58: 54000121     	b.ne	0x4008cc7c <syscall_worker_thread+0xcc>
4008cc5c: 14000001     	b	0x4008cc60 <syscall_worker_thread+0xb0>
4008cc60: f85f03a8     	ldur	x8, [x29, #-0x10]
4008cc64: f9400908     	ldr	x8, [x8, #0x10]
4008cc68: b81cc3a8     	stur	w8, [x29, #-0x34]
4008cc6c: b85cc3a0     	ldur	w0, [x29, #-0x34]
4008cc70: 97ffdc10     	bl	0x40083cb0 <file_close>
4008cc74: b81ec3a0     	stur	w0, [x29, #-0x14]
4008cc78: 140000c6     	b	0x4008cf90 <syscall_worker_thread+0x3e0>
4008cc7c: f85f03a8     	ldur	x8, [x29, #-0x10]
4008cc80: f9400508     	ldr	x8, [x8, #0x8]
4008cc84: f1001908     	subs	x8, x8, #0x6
4008cc88: 54000441     	b.ne	0x4008cd10 <syscall_worker_thread+0x160>
4008cc8c: 14000001     	b	0x4008cc90 <syscall_worker_thread+0xe0>
4008cc90: f85f03a8     	ldur	x8, [x29, #-0x10]
4008cc94: f9400908     	ldr	x8, [x8, #0x10]
4008cc98: b81c83a8     	stur	w8, [x29, #-0x38]
4008cc9c: f85f03a8     	ldur	x8, [x29, #-0x10]
4008cca0: f9400d08     	ldr	x8, [x8, #0x18]
4008cca4: f81c03a8     	stur	x8, [x29, #-0x40]
4008cca8: f85f03a8     	ldur	x8, [x29, #-0x10]
4008ccac: f9401108     	ldr	x8, [x8, #0x20]
4008ccb0: b81bc3a8     	stur	w8, [x29, #-0x44]
4008ccb4: f85c03a8     	ldur	x8, [x29, #-0x40]
4008ccb8: d35afd08     	lsr	x8, x8, #26
4008ccbc: f1004508     	subs	x8, x8, #0x11
4008ccc0: 54000203     	b.lo	0x4008cd00 <syscall_worker_thread+0x150>
4008ccc4: 14000001     	b	0x4008ccc8 <syscall_worker_thread+0x118>
4008ccc8: f85c03a8     	ldur	x8, [x29, #-0x40]
4008cccc: b89bc3a9     	ldursw	x9, [x29, #-0x44]
4008ccd0: 8b090108     	add	x8, x8, x9
4008ccd4: 52a8a009     	mov	w9, #0x45000000         // =1157627904
4008ccd8: eb090108     	subs	x8, x8, x9
4008ccdc: 54000128     	b.hi	0x4008cd00 <syscall_worker_thread+0x150>
4008cce0: 14000001     	b	0x4008cce4 <syscall_worker_thread+0x134>
4008cce4: b85c83a0     	ldur	w0, [x29, #-0x38]
4008cce8: f85c03a1     	ldur	x1, [x29, #-0x40]
4008ccec: b85bc3a2     	ldur	w2, [x29, #-0x44]
4008ccf0: aa1f03e3     	mov	x3, xzr
4008ccf4: 97ffdca7     	bl	0x40083f90 <file_read>
4008ccf8: b81ec3a0     	stur	w0, [x29, #-0x14]
4008ccfc: 14000004     	b	0x4008cd0c <syscall_worker_thread+0x15c>
4008cd00: 12800008     	mov	w8, #-0x1               // =-1
4008cd04: b81ec3a8     	stur	w8, [x29, #-0x14]
4008cd08: 14000001     	b	0x4008cd0c <syscall_worker_thread+0x15c>
4008cd0c: 140000a0     	b	0x4008cf8c <syscall_worker_thread+0x3dc>
4008cd10: f85f03a8     	ldur	x8, [x29, #-0x10]
4008cd14: f9400508     	ldr	x8, [x8, #0x8]
4008cd18: f1001d08     	subs	x8, x8, #0x7
4008cd1c: 54000441     	b.ne	0x4008cda4 <syscall_worker_thread+0x1f4>
4008cd20: 14000001     	b	0x4008cd24 <syscall_worker_thread+0x174>
4008cd24: f85f03a8     	ldur	x8, [x29, #-0x10]
4008cd28: f9400908     	ldr	x8, [x8, #0x10]
4008cd2c: b81b83a8     	stur	w8, [x29, #-0x48]
4008cd30: f85f03a8     	ldur	x8, [x29, #-0x10]
4008cd34: f9400d08     	ldr	x8, [x8, #0x18]
4008cd38: f81b03a8     	stur	x8, [x29, #-0x50]
4008cd3c: f85f03a8     	ldur	x8, [x29, #-0x10]
4008cd40: f9401108     	ldr	x8, [x8, #0x20]
4008cd44: b81ac3a8     	stur	w8, [x29, #-0x54]
4008cd48: f85b03a8     	ldur	x8, [x29, #-0x50]
4008cd4c: d35afd08     	lsr	x8, x8, #26
4008cd50: f1004508     	subs	x8, x8, #0x11
4008cd54: 54000203     	b.lo	0x4008cd94 <syscall_worker_thread+0x1e4>
4008cd58: 14000001     	b	0x4008cd5c <syscall_worker_thread+0x1ac>
4008cd5c: f85b03a8     	ldur	x8, [x29, #-0x50]
4008cd60: b89ac3a9     	ldursw	x9, [x29, #-0x54]
4008cd64: 8b090108     	add	x8, x8, x9
4008cd68: 52a8a009     	mov	w9, #0x45000000         // =1157627904
4008cd6c: eb090108     	subs	x8, x8, x9
4008cd70: 54000128     	b.hi	0x4008cd94 <syscall_worker_thread+0x1e4>
4008cd74: 14000001     	b	0x4008cd78 <syscall_worker_thread+0x1c8>
4008cd78: b85b83a0     	ldur	w0, [x29, #-0x48]
4008cd7c: f85b03a1     	ldur	x1, [x29, #-0x50]
4008cd80: b85ac3a2     	ldur	w2, [x29, #-0x54]
4008cd84: aa1f03e3     	mov	x3, xzr
4008cd88: 97ffdd3e     	bl	0x40084280 <file_write>
4008cd8c: b81ec3a0     	stur	w0, [x29, #-0x14]
4008cd90: 14000004     	b	0x4008cda0 <syscall_worker_thread+0x1f0>
4008cd94: 12800008     	mov	w8, #-0x1               // =-1
4008cd98: b81ec3a8     	stur	w8, [x29, #-0x14]
4008cd9c: 14000001     	b	0x4008cda0 <syscall_worker_thread+0x1f0>
4008cda0: 1400007a     	b	0x4008cf88 <syscall_worker_thread+0x3d8>
4008cda4: f85f03a8     	ldur	x8, [x29, #-0x10]
4008cda8: f9400508     	ldr	x8, [x8, #0x8]
4008cdac: f1004908     	subs	x8, x8, #0x12
4008cdb0: 54000221     	b.ne	0x4008cdf4 <syscall_worker_thread+0x244>
4008cdb4: 14000001     	b	0x4008cdb8 <syscall_worker_thread+0x208>
4008cdb8: f85f03a8     	ldur	x8, [x29, #-0x10]
4008cdbc: f9400908     	ldr	x8, [x8, #0x10]
4008cdc0: b9005be8     	str	w8, [sp, #0x58]
4008cdc4: f85f03a8     	ldur	x8, [x29, #-0x10]
4008cdc8: f9400d08     	ldr	x8, [x8, #0x18]
4008cdcc: 7900afe8     	strh	w8, [sp, #0x56]
4008cdd0: f85f03a8     	ldur	x8, [x29, #-0x10]
4008cdd4: f9401108     	ldr	x8, [x8, #0x20]
4008cdd8: b90053e8     	str	w8, [sp, #0x50]
4008cddc: b9405be0     	ldr	w0, [sp, #0x58]
4008cde0: b94053e2     	ldr	w2, [sp, #0x50]
4008cde4: 7940afe1     	ldrh	w1, [sp, #0x56]
4008cde8: 97ffdb3e     	bl	0x40083ae0 <file_connect>
4008cdec: b81ec3a0     	stur	w0, [x29, #-0x14]
4008cdf0: 14000065     	b	0x4008cf84 <syscall_worker_thread+0x3d4>
4008cdf4: f85f03a8     	ldur	x8, [x29, #-0x10]
4008cdf8: f9400508     	ldr	x8, [x8, #0x8]
4008cdfc: f1002908     	subs	x8, x8, #0xa
4008ce00: 540000c1     	b.ne	0x4008ce18 <syscall_worker_thread+0x268>
4008ce04: 14000001     	b	0x4008ce08 <syscall_worker_thread+0x258>
4008ce08: 94000a5a     	bl	0x4008f770 <virtio_gpu_flush>
4008ce0c: 2a1f03e8     	mov	w8, wzr
4008ce10: b81ec3a8     	stur	w8, [x29, #-0x14]
4008ce14: 1400005b     	b	0x4008cf80 <syscall_worker_thread+0x3d0>
4008ce18: f85f03a8     	ldur	x8, [x29, #-0x10]
4008ce1c: f9400508     	ldr	x8, [x8, #0x8]
4008ce20: f1003908     	subs	x8, x8, #0xe
4008ce24: 54000121     	b.ne	0x4008ce48 <syscall_worker_thread+0x298>
4008ce28: 14000001     	b	0x4008ce2c <syscall_worker_thread+0x27c>
4008ce2c: f85f03a8     	ldur	x8, [x29, #-0x10]
4008ce30: f9400908     	ldr	x8, [x8, #0x10]
4008ce34: b9004fe8     	str	w8, [sp, #0x4c]
4008ce38: b9404fe0     	ldr	w0, [sp, #0x4c]
4008ce3c: 97ffdcb5     	bl	0x40084110 <file_available>
4008ce40: b81ec3a0     	stur	w0, [x29, #-0x14]
4008ce44: 1400004e     	b	0x4008cf7c <syscall_worker_thread+0x3cc>
4008ce48: f85f03a8     	ldur	x8, [x29, #-0x10]
4008ce4c: f9400508     	ldr	x8, [x8, #0x8]
4008ce50: f1003d08     	subs	x8, x8, #0xf
4008ce54: 54000381     	b.ne	0x4008cec4 <syscall_worker_thread+0x314>
4008ce58: 14000001     	b	0x4008ce5c <syscall_worker_thread+0x2ac>
4008ce5c: f85f03a8     	ldur	x8, [x29, #-0x10]
4008ce60: f9400908     	ldr	x8, [x8, #0x10]
4008ce64: b9004be8     	str	w8, [sp, #0x48]
4008ce68: f85f03a8     	ldur	x8, [x29, #-0x10]
4008ce6c: f9400d08     	ldr	x8, [x8, #0x18]
4008ce70: f90023e8     	str	x8, [sp, #0x40]
4008ce74: f94023e8     	ldr	x8, [sp, #0x40]
4008ce78: d35afd08     	lsr	x8, x8, #26
4008ce7c: f1004508     	subs	x8, x8, #0x11
4008ce80: 540001a3     	b.lo	0x4008ceb4 <syscall_worker_thread+0x304>
4008ce84: 14000001     	b	0x4008ce88 <syscall_worker_thread+0x2d8>
4008ce88: f94023e8     	ldr	x8, [sp, #0x40]
4008ce8c: 91003108     	add	x8, x8, #0xc
4008ce90: 52a8a009     	mov	w9, #0x45000000         // =1157627904
4008ce94: eb090108     	subs	x8, x8, x9
4008ce98: 540000e8     	b.hi	0x4008ceb4 <syscall_worker_thread+0x304>
4008ce9c: 14000001     	b	0x4008cea0 <syscall_worker_thread+0x2f0>
4008cea0: b9404be0     	ldr	w0, [sp, #0x48]
4008cea4: f94023e1     	ldr	x1, [sp, #0x40]
4008cea8: 97ffd5a2     	bl	0x40082530 <fat16_read_dir>
4008ceac: b81ec3a0     	stur	w0, [x29, #-0x14]
4008ceb0: 14000004     	b	0x4008cec0 <syscall_worker_thread+0x310>
4008ceb4: 12800008     	mov	w8, #-0x1               // =-1
4008ceb8: b81ec3a8     	stur	w8, [x29, #-0x14]
4008cebc: 14000001     	b	0x4008cec0 <syscall_worker_thread+0x310>
4008cec0: 1400002e     	b	0x4008cf78 <syscall_worker_thread+0x3c8>
4008cec4: f85f03a8     	ldur	x8, [x29, #-0x10]
4008cec8: f9400508     	ldr	x8, [x8, #0x8]
4008cecc: f1003108     	subs	x8, x8, #0xc
4008ced0: 54000521     	b.ne	0x4008cf74 <syscall_worker_thread+0x3c4>
4008ced4: 14000001     	b	0x4008ced8 <syscall_worker_thread+0x328>
4008ced8: f85f03a8     	ldur	x8, [x29, #-0x10]
4008cedc: f9400908     	ldr	x8, [x8, #0x10]
4008cee0: f9001fe8     	str	x8, [sp, #0x38]
4008cee4: f9401fe8     	ldr	x8, [sp, #0x38]
4008cee8: f9001be8     	str	x8, [sp, #0x30]
4008ceec: f9401be8     	ldr	x8, [sp, #0x30]
4008cef0: d35afd08     	lsr	x8, x8, #26
4008cef4: f1004508     	subs	x8, x8, #0x11
4008cef8: 54000363     	b.lo	0x4008cf64 <syscall_worker_thread+0x3b4>
4008cefc: 14000001     	b	0x4008cf00 <syscall_worker_thread+0x350>
4008cf00: f9401be8     	ldr	x8, [sp, #0x30]
4008cf04: 91002108     	add	x8, x8, #0x8
4008cf08: 52a8a009     	mov	w9, #0x45000000         // =1157627904
4008cf0c: eb090108     	subs	x8, x8, x9
4008cf10: 540002a8     	b.hi	0x4008cf64 <syscall_worker_thread+0x3b4>
4008cf14: 14000001     	b	0x4008cf18 <syscall_worker_thread+0x368>
4008cf18: 9100a3e0     	add	x0, sp, #0x28
4008cf1c: 97ffdd41     	bl	0x40084420 <file_pipe>
4008cf20: b90027e0     	str	w0, [sp, #0x24]
4008cf24: b94027e8     	ldr	w8, [sp, #0x24]
4008cf28: 35000168     	cbnz	w8, 0x4008cf54 <syscall_worker_thread+0x3a4>
4008cf2c: 14000001     	b	0x4008cf30 <syscall_worker_thread+0x380>
4008cf30: b9402be8     	ldr	w8, [sp, #0x28]
4008cf34: f9401fe9     	ldr	x9, [sp, #0x38]
4008cf38: b9000128     	str	w8, [x9]
4008cf3c: b9402fe8     	ldr	w8, [sp, #0x2c]
4008cf40: f9401fe9     	ldr	x9, [sp, #0x38]
4008cf44: b9000528     	str	w8, [x9, #0x4]
4008cf48: 2a1f03e8     	mov	w8, wzr
4008cf4c: b81ec3a8     	stur	w8, [x29, #-0x14]
4008cf50: 14000004     	b	0x4008cf60 <syscall_worker_thread+0x3b0>
4008cf54: 12800008     	mov	w8, #-0x1               // =-1
4008cf58: b81ec3a8     	stur	w8, [x29, #-0x14]
4008cf5c: 14000001     	b	0x4008cf60 <syscall_worker_thread+0x3b0>
4008cf60: 14000004     	b	0x4008cf70 <syscall_worker_thread+0x3c0>
4008cf64: 12800008     	mov	w8, #-0x1               // =-1
4008cf68: b81ec3a8     	stur	w8, [x29, #-0x14]
4008cf6c: 14000001     	b	0x4008cf70 <syscall_worker_thread+0x3c0>
4008cf70: 14000001     	b	0x4008cf74 <syscall_worker_thread+0x3c4>
4008cf74: 14000001     	b	0x4008cf78 <syscall_worker_thread+0x3c8>
4008cf78: 14000001     	b	0x4008cf7c <syscall_worker_thread+0x3cc>
4008cf7c: 14000001     	b	0x4008cf80 <syscall_worker_thread+0x3d0>
4008cf80: 14000001     	b	0x4008cf84 <syscall_worker_thread+0x3d4>
4008cf84: 14000001     	b	0x4008cf88 <syscall_worker_thread+0x3d8>
4008cf88: 14000001     	b	0x4008cf8c <syscall_worker_thread+0x3dc>
4008cf8c: 14000001     	b	0x4008cf90 <syscall_worker_thread+0x3e0>
4008cf90: 14000001     	b	0x4008cf94 <syscall_worker_thread+0x3e4>
4008cf94: b85ec3a8     	ldur	w8, [x29, #-0x14]
4008cf98: 31000908     	adds	w8, w8, #0x2
4008cf9c: 54000081     	b.ne	0x4008cfac <syscall_worker_thread+0x3fc>
4008cfa0: 14000001     	b	0x4008cfa4 <syscall_worker_thread+0x3f4>
4008cfa4: d4001fe1     	svc	#0xff
4008cfa8: 14000001     	b	0x4008cfac <syscall_worker_thread+0x3fc>
4008cfac: 14000001     	b	0x4008cfb0 <syscall_worker_thread+0x400>
4008cfb0: b85ec3a8     	ldur	w8, [x29, #-0x14]
4008cfb4: 31000908     	adds	w8, w8, #0x2
4008cfb8: 54ffe160     	b.eq	0x4008cbe4 <syscall_worker_thread+0x34>
4008cfbc: 14000001     	b	0x4008cfc0 <syscall_worker_thread+0x410>
4008cfc0: f85f03a8     	ldur	x8, [x29, #-0x10]
4008cfc4: b9400500     	ldr	w0, [x8, #0x4]
4008cfc8: 97fff986     	bl	0x4008b5e0 <process_get_pcb>
4008cfcc: f9000fe0     	str	x0, [sp, #0x18]
4008cfd0: f9400fe8     	ldr	x8, [sp, #0x18]
4008cfd4: b4000228     	cbz	x8, 0x4008d018 <syscall_worker_thread+0x468>
4008cfd8: 14000001     	b	0x4008cfdc <syscall_worker_thread+0x42c>
4008cfdc: b85dc3a8     	ldur	w8, [x29, #-0x24]
4008cfe0: 340000c8     	cbz	w8, 0x4008cff8 <syscall_worker_thread+0x448>
4008cfe4: 14000001     	b	0x4008cfe8 <syscall_worker_thread+0x438>
4008cfe8: f85e03a8     	ldur	x8, [x29, #-0x20]
4008cfec: f9400fe9     	ldr	x9, [sp, #0x18]
4008cff0: f9001928     	str	x8, [x9, #0x30]
4008cff4: 14000005     	b	0x4008d008 <syscall_worker_thread+0x458>
4008cff8: b89ec3a8     	ldursw	x8, [x29, #-0x14]
4008cffc: f9400fe9     	ldr	x9, [sp, #0x18]
4008d000: f9001928     	str	x8, [x9, #0x30]
4008d004: 14000001     	b	0x4008d008 <syscall_worker_thread+0x458>
4008d008: f85f03a8     	ldur	x8, [x29, #-0x10]
4008d00c: b9400500     	ldr	w0, [x8, #0x4]
4008d010: 97fff8f0     	bl	0x4008b3d0 <process_wakeup>
4008d014: 14000001     	b	0x4008d018 <syscall_worker_thread+0x468>
4008d018: 90000ca0     	adrp	x0, 0x40221000 <proc_table+0x3418>
4008d01c: 91200000     	add	x0, x0, #0x800
4008d020: f90007e0     	str	x0, [sp, #0x8]
4008d024: 97ffdfbb     	bl	0x40084f10 <spinlock_acquire_irqsave>
4008d028: aa0003e8     	mov	x8, x0
4008d02c: f94007e0     	ldr	x0, [sp, #0x8]
4008d030: f9000be8     	str	x8, [sp, #0x10]
4008d034: f85f03a9     	ldur	x9, [x29, #-0x10]
4008d038: 2a1f03e8     	mov	w8, wzr
4008d03c: b9000128     	str	w8, [x9]
4008d040: f9400be1     	ldr	x1, [sp, #0x10]
4008d044: 97ffdfc3     	bl	0x40084f50 <spinlock_release_irqrestore>
4008d048: aa1f03e0     	mov	x0, xzr
4008d04c: 97fff769     	bl	0x4008adf0 <process_exit>
4008d050: a94b7bfd     	ldp	x29, x30, [sp, #0xb0]
4008d054: 910303ff     	add	sp, sp, #0xc0
4008d058: d65f03c0     	ret
4008d05c: d503201f     	nop

000000004008d060 <sync_lower_handler_c>:
4008d060: d10203ff     	sub	sp, sp, #0x80
4008d064: a9077bfd     	stp	x29, x30, [sp, #0x70]
4008d068: 9101c3fd     	add	x29, sp, #0x70
4008d06c: f81f83a0     	stur	x0, [x29, #-0x8]
4008d070: d5385208     	mrs	x8, ESR_EL1
4008d074: f81f03a8     	stur	x8, [x29, #-0x10]
4008d078: f85f03a8     	ldur	x8, [x29, #-0x10]
4008d07c: d35a7d08     	ubfx	x8, x8, #26, #6
4008d080: f81e83a8     	stur	x8, [x29, #-0x18]
4008d084: b85f03a8     	ldur	w8, [x29, #-0x10]
4008d088: 12005d08     	and	w8, w8, #0xffffff
4008d08c: b81e43a8     	stur	w8, [x29, #-0x1c]
4008d090: f85e83a8     	ldur	x8, [x29, #-0x18]
4008d094: f1005508     	subs	x8, x8, #0x15
4008d098: 54002601     	b.ne	0x4008d558 <sync_lower_handler_c+0x4f8>
4008d09c: 14000001     	b	0x4008d0a0 <sync_lower_handler_c+0x40>
4008d0a0: b85e43a8     	ldur	w8, [x29, #-0x1c]
4008d0a4: 7103fd08     	subs	w8, w8, #0xff
4008d0a8: 54000501     	b.ne	0x4008d148 <sync_lower_handler_c+0xe8>
4008d0ac: 14000001     	b	0x4008d0b0 <sync_lower_handler_c+0x50>
4008d0b0: 97fff464     	bl	0x4008a240 <current_process>
4008d0b4: b40000c0     	cbz	x0, 0x4008d0cc <sync_lower_handler_c+0x6c>
4008d0b8: 14000001     	b	0x4008d0bc <sync_lower_handler_c+0x5c>
4008d0bc: 97fff461     	bl	0x4008a240 <current_process>
4008d0c0: b9400008     	ldr	w8, [x0]
4008d0c4: b90017e8     	str	w8, [sp, #0x14]
4008d0c8: 14000004     	b	0x4008d0d8 <sync_lower_handler_c+0x78>
4008d0cc: 12800008     	mov	w8, #-0x1               // =-1
4008d0d0: b90017e8     	str	w8, [sp, #0x14]
4008d0d4: 14000001     	b	0x4008d0d8 <sync_lower_handler_c+0x78>
4008d0d8: b94017e8     	ldr	w8, [sp, #0x14]
4008d0dc: b81e03a8     	stur	w8, [x29, #-0x20]
4008d0e0: f85f83a0     	ldur	x0, [x29, #-0x8]
4008d0e4: 97fff5ff     	bl	0x4008a8e0 <schedule>
4008d0e8: 97fff456     	bl	0x4008a240 <current_process>
4008d0ec: b40000c0     	cbz	x0, 0x4008d104 <sync_lower_handler_c+0xa4>
4008d0f0: 14000001     	b	0x4008d0f4 <sync_lower_handler_c+0x94>
4008d0f4: 97fff453     	bl	0x4008a240 <current_process>
4008d0f8: b9400008     	ldr	w8, [x0]
4008d0fc: b90013e8     	str	w8, [sp, #0x10]
4008d100: 14000004     	b	0x4008d110 <sync_lower_handler_c+0xb0>
4008d104: 12800008     	mov	w8, #-0x1               // =-1
4008d108: b90013e8     	str	w8, [sp, #0x10]
4008d10c: 14000001     	b	0x4008d110 <sync_lower_handler_c+0xb0>
4008d110: b94013e8     	ldr	w8, [sp, #0x10]
4008d114: b81dc3a8     	stur	w8, [x29, #-0x24]
4008d118: b85e03a8     	ldur	w8, [x29, #-0x20]
4008d11c: b85dc3a9     	ldur	w9, [x29, #-0x24]
4008d120: 6b090108     	subs	w8, w8, w9
4008d124: 54000101     	b.ne	0x4008d144 <sync_lower_handler_c+0xe4>
4008d128: 14000001     	b	0x4008d12c <sync_lower_handler_c+0xcc>
4008d12c: b85e03a8     	ldur	w8, [x29, #-0x20]
4008d130: 31000508     	adds	w8, w8, #0x1
4008d134: 54000080     	b.eq	0x4008d144 <sync_lower_handler_c+0xe4>
4008d138: 14000001     	b	0x4008d13c <sync_lower_handler_c+0xdc>
4008d13c: d503207f     	wfi
4008d140: 14000001     	b	0x4008d144 <sync_lower_handler_c+0xe4>
4008d144: 1400015b     	b	0x4008d6b0 <sync_lower_handler_c+0x650>
4008d148: f85f83a8     	ldur	x8, [x29, #-0x8]
4008d14c: f9402108     	ldr	x8, [x8, #0x40]
4008d150: f81d03a8     	stur	x8, [x29, #-0x30]
4008d154: f85d03a8     	ldur	x8, [x29, #-0x30]
4008d158: f1001108     	subs	x8, x8, #0x4
4008d15c: 54000440     	b.eq	0x4008d1e4 <sync_lower_handler_c+0x184>
4008d160: 14000001     	b	0x4008d164 <sync_lower_handler_c+0x104>
4008d164: f85d03a8     	ldur	x8, [x29, #-0x30]
4008d168: f1001908     	subs	x8, x8, #0x6
4008d16c: 540003c0     	b.eq	0x4008d1e4 <sync_lower_handler_c+0x184>
4008d170: 14000001     	b	0x4008d174 <sync_lower_handler_c+0x114>
4008d174: f85d03a8     	ldur	x8, [x29, #-0x30]
4008d178: f1001d08     	subs	x8, x8, #0x7
4008d17c: 54000340     	b.eq	0x4008d1e4 <sync_lower_handler_c+0x184>
4008d180: 14000001     	b	0x4008d184 <sync_lower_handler_c+0x124>
4008d184: f85d03a8     	ldur	x8, [x29, #-0x30]
4008d188: f1001508     	subs	x8, x8, #0x5
4008d18c: 540002c0     	b.eq	0x4008d1e4 <sync_lower_handler_c+0x184>
4008d190: 14000001     	b	0x4008d194 <sync_lower_handler_c+0x134>
4008d194: f85d03a8     	ldur	x8, [x29, #-0x30]
4008d198: f1004908     	subs	x8, x8, #0x12
4008d19c: 54000240     	b.eq	0x4008d1e4 <sync_lower_handler_c+0x184>
4008d1a0: 14000001     	b	0x4008d1a4 <sync_lower_handler_c+0x144>
4008d1a4: f85d03a8     	ldur	x8, [x29, #-0x30]
4008d1a8: f1003d08     	subs	x8, x8, #0xf
4008d1ac: 540001c0     	b.eq	0x4008d1e4 <sync_lower_handler_c+0x184>
4008d1b0: 14000001     	b	0x4008d1b4 <sync_lower_handler_c+0x154>
4008d1b4: f85d03a8     	ldur	x8, [x29, #-0x30]
4008d1b8: f1002908     	subs	x8, x8, #0xa
4008d1bc: 54000140     	b.eq	0x4008d1e4 <sync_lower_handler_c+0x184>
4008d1c0: 14000001     	b	0x4008d1c4 <sync_lower_handler_c+0x164>
4008d1c4: f85d03a8     	ldur	x8, [x29, #-0x30]
4008d1c8: f1003908     	subs	x8, x8, #0xe
4008d1cc: 540000c0     	b.eq	0x4008d1e4 <sync_lower_handler_c+0x184>
4008d1d0: 14000001     	b	0x4008d1d4 <sync_lower_handler_c+0x174>
4008d1d4: f85d03a8     	ldur	x8, [x29, #-0x30]
4008d1d8: f1003108     	subs	x8, x8, #0xc
4008d1dc: 54000741     	b.ne	0x4008d2c4 <sync_lower_handler_c+0x264>
4008d1e0: 14000001     	b	0x4008d1e4 <sync_lower_handler_c+0x184>
4008d1e4: 94000137     	bl	0x4008d6c0 <alloc_syscall_task>
4008d1e8: f9001fe0     	str	x0, [sp, #0x38]
4008d1ec: f9401fe8     	ldr	x8, [sp, #0x38]
4008d1f0: b4000628     	cbz	x8, 0x4008d2b4 <sync_lower_handler_c+0x254>
4008d1f4: 14000001     	b	0x4008d1f8 <sync_lower_handler_c+0x198>
4008d1f8: 97fff412     	bl	0x4008a240 <current_process>
4008d1fc: b9400008     	ldr	w8, [x0]
4008d200: f9401fe9     	ldr	x9, [sp, #0x38]
4008d204: b9000528     	str	w8, [x9, #0x4]
4008d208: f85d03a8     	ldur	x8, [x29, #-0x30]
4008d20c: f9401fe9     	ldr	x9, [sp, #0x38]
4008d210: f9000528     	str	x8, [x9, #0x8]
4008d214: 2a1f03e8     	mov	w8, wzr
4008d218: b90037e8     	str	w8, [sp, #0x34]
4008d21c: 14000001     	b	0x4008d220 <sync_lower_handler_c+0x1c0>
4008d220: b94037e8     	ldr	w8, [sp, #0x34]
4008d224: 71001508     	subs	w8, w8, #0x5
4008d228: 540001cc     	b.gt	0x4008d260 <sync_lower_handler_c+0x200>
4008d22c: 14000001     	b	0x4008d230 <sync_lower_handler_c+0x1d0>
4008d230: f85f83a8     	ldur	x8, [x29, #-0x8]
4008d234: b98037e9     	ldrsw	x9, [sp, #0x34]
4008d238: d37df12a     	lsl	x10, x9, #3
4008d23c: f86a6908     	ldr	x8, [x8, x10]
4008d240: f9401fe9     	ldr	x9, [sp, #0x38]
4008d244: 8b0a0129     	add	x9, x9, x10
4008d248: f9000928     	str	x8, [x9, #0x10]
4008d24c: 14000001     	b	0x4008d250 <sync_lower_handler_c+0x1f0>
4008d250: b94037e8     	ldr	w8, [sp, #0x34]
4008d254: 11000508     	add	w8, w8, #0x1
4008d258: b90037e8     	str	w8, [sp, #0x34]
4008d25c: 17fffff1     	b	0x4008d220 <sync_lower_handler_c+0x1c0>
4008d260: f9401fe1     	ldr	x1, [sp, #0x38]
4008d264: d503201f     	nop
4008d268: 10ffca40     	adr	x0, 0x4008cbb0 <syscall_worker_thread>
4008d26c: 97fff56d     	bl	0x4008a820 <process_create_kernel>
4008d270: b90033e0     	str	w0, [sp, #0x30]
4008d274: b94033e8     	ldr	w8, [sp, #0x30]
4008d278: 37f80108     	tbnz	w8, #0x1f, 0x4008d298 <sync_lower_handler_c+0x238>
4008d27c: 14000001     	b	0x4008d280 <sync_lower_handler_c+0x220>
4008d280: 97fff3f0     	bl	0x4008a240 <current_process>
4008d284: 528000a8     	mov	w8, #0x5                // =5
4008d288: b9000408     	str	w8, [x0, #0x4]
4008d28c: f85f83a0     	ldur	x0, [x29, #-0x8]
4008d290: 97fff594     	bl	0x4008a8e0 <schedule>
4008d294: 14000107     	b	0x4008d6b0 <sync_lower_handler_c+0x650>
4008d298: f85f83a9     	ldur	x9, [x29, #-0x8]
4008d29c: 92800008     	mov	x8, #-0x1               // =-1
4008d2a0: f9000128     	str	x8, [x9]
4008d2a4: f9401fe9     	ldr	x9, [sp, #0x38]
4008d2a8: 2a1f03e8     	mov	w8, wzr
4008d2ac: b9000128     	str	w8, [x9]
4008d2b0: 14000100     	b	0x4008d6b0 <sync_lower_handler_c+0x650>
4008d2b4: f85f83a9     	ldur	x9, [x29, #-0x8]
4008d2b8: 92800008     	mov	x8, #-0x1               // =-1
4008d2bc: f9000128     	str	x8, [x9]
4008d2c0: 140000fc     	b	0x4008d6b0 <sync_lower_handler_c+0x650>
4008d2c4: f85d03a8     	ldur	x8, [x29, #-0x30]
4008d2c8: f1000508     	subs	x8, x8, #0x1
4008d2cc: 540000a1     	b.ne	0x4008d2e0 <sync_lower_handler_c+0x280>
4008d2d0: 14000001     	b	0x4008d2d4 <sync_lower_handler_c+0x274>
4008d2d4: f85f83a0     	ldur	x0, [x29, #-0x8]
4008d2d8: 94000132     	bl	0x4008d7a0 <sys_write_console>
4008d2dc: 1400009e     	b	0x4008d554 <sync_lower_handler_c+0x4f4>
4008d2e0: f85d03a8     	ldur	x8, [x29, #-0x30]
4008d2e4: f1000908     	subs	x8, x8, #0x2
4008d2e8: 540000a1     	b.ne	0x4008d2fc <sync_lower_handler_c+0x29c>
4008d2ec: 14000001     	b	0x4008d2f0 <sync_lower_handler_c+0x290>
4008d2f0: f85f83a0     	ldur	x0, [x29, #-0x8]
4008d2f4: 9400014b     	bl	0x4008d820 <sys_exit>
4008d2f8: 14000096     	b	0x4008d550 <sync_lower_handler_c+0x4f0>
4008d2fc: f85d03a8     	ldur	x8, [x29, #-0x30]
4008d300: f1000d08     	subs	x8, x8, #0x3
4008d304: 540000a1     	b.ne	0x4008d318 <sync_lower_handler_c+0x2b8>
4008d308: 14000001     	b	0x4008d30c <sync_lower_handler_c+0x2ac>
4008d30c: f85f83a0     	ldur	x0, [x29, #-0x8]
4008d310: 94000150     	bl	0x4008d850 <sys_fork>
4008d314: 1400008e     	b	0x4008d54c <sync_lower_handler_c+0x4ec>
4008d318: f85d03a8     	ldur	x8, [x29, #-0x30]
4008d31c: f1002108     	subs	x8, x8, #0x8
4008d320: 540000a1     	b.ne	0x4008d334 <sync_lower_handler_c+0x2d4>
4008d324: 14000001     	b	0x4008d328 <sync_lower_handler_c+0x2c8>
4008d328: f85f83a0     	ldur	x0, [x29, #-0x8]
4008d32c: 94000161     	bl	0x4008d8b0 <sys_spawn>
4008d330: 14000086     	b	0x4008d548 <sync_lower_handler_c+0x4e8>
4008d334: f85d03a8     	ldur	x8, [x29, #-0x30]
4008d338: f1002508     	subs	x8, x8, #0x9
4008d33c: 540000a1     	b.ne	0x4008d350 <sync_lower_handler_c+0x2f0>
4008d340: 14000001     	b	0x4008d344 <sync_lower_handler_c+0x2e4>
4008d344: f85f83a0     	ldur	x0, [x29, #-0x8]
4008d348: 94000182     	bl	0x4008d950 <sys_map_fb>
4008d34c: 1400007e     	b	0x4008d544 <sync_lower_handler_c+0x4e4>
4008d350: f85d03a8     	ldur	x8, [x29, #-0x30]
4008d354: f1002908     	subs	x8, x8, #0xa
4008d358: 540000a1     	b.ne	0x4008d36c <sync_lower_handler_c+0x30c>
4008d35c: 14000001     	b	0x4008d360 <sync_lower_handler_c+0x300>
4008d360: f85f83a0     	ldur	x0, [x29, #-0x8]
4008d364: 9400018b     	bl	0x4008d990 <sys_flush_fb>
4008d368: 14000076     	b	0x4008d540 <sync_lower_handler_c+0x4e0>
4008d36c: f85d03a8     	ldur	x8, [x29, #-0x30]
4008d370: f1002d08     	subs	x8, x8, #0xb
4008d374: 540000a1     	b.ne	0x4008d388 <sync_lower_handler_c+0x328>
4008d378: 14000001     	b	0x4008d37c <sync_lower_handler_c+0x31c>
4008d37c: f85f83a0     	ldur	x0, [x29, #-0x8]
4008d380: 94000190     	bl	0x4008d9c0 <sys_get_cpuid>
4008d384: 1400006e     	b	0x4008d53c <sync_lower_handler_c+0x4dc>
4008d388: f85d03a8     	ldur	x8, [x29, #-0x30]
4008d38c: f1003508     	subs	x8, x8, #0xd
4008d390: 540000a1     	b.ne	0x4008d3a4 <sync_lower_handler_c+0x344>
4008d394: 14000001     	b	0x4008d398 <sync_lower_handler_c+0x338>
4008d398: f85f83a0     	ldur	x0, [x29, #-0x8]
4008d39c: 94000195     	bl	0x4008d9f0 <sys_get_events>
4008d3a0: 14000066     	b	0x4008d538 <sync_lower_handler_c+0x4d8>
4008d3a4: f85d03a8     	ldur	x8, [x29, #-0x30]
4008d3a8: f1004108     	subs	x8, x8, #0x10
4008d3ac: 540000a1     	b.ne	0x4008d3c0 <sync_lower_handler_c+0x360>
4008d3b0: 14000001     	b	0x4008d3b4 <sync_lower_handler_c+0x354>
4008d3b4: f85f83a0     	ldur	x0, [x29, #-0x8]
4008d3b8: 940001b6     	bl	0x4008da90 <sys_kill>
4008d3bc: 1400005e     	b	0x4008d534 <sync_lower_handler_c+0x4d4>
4008d3c0: f85d03a8     	ldur	x8, [x29, #-0x30]
4008d3c4: f1004508     	subs	x8, x8, #0x11
4008d3c8: 54000501     	b.ne	0x4008d468 <sync_lower_handler_c+0x408>
4008d3cc: 14000001     	b	0x4008d3d0 <sync_lower_handler_c+0x370>
4008d3d0: 97fff39c     	bl	0x4008a240 <current_process>
4008d3d4: b40000c0     	cbz	x0, 0x4008d3ec <sync_lower_handler_c+0x38c>
4008d3d8: 14000001     	b	0x4008d3dc <sync_lower_handler_c+0x37c>
4008d3dc: 97fff399     	bl	0x4008a240 <current_process>
4008d3e0: b9400008     	ldr	w8, [x0]
4008d3e4: b9000fe8     	str	w8, [sp, #0xc]
4008d3e8: 14000004     	b	0x4008d3f8 <sync_lower_handler_c+0x398>
4008d3ec: 12800008     	mov	w8, #-0x1               // =-1
4008d3f0: b9000fe8     	str	w8, [sp, #0xc]
4008d3f4: 14000001     	b	0x4008d3f8 <sync_lower_handler_c+0x398>
4008d3f8: b9400fe8     	ldr	w8, [sp, #0xc]
4008d3fc: b9002fe8     	str	w8, [sp, #0x2c]
4008d400: f85f83a0     	ldur	x0, [x29, #-0x8]
4008d404: 97fff537     	bl	0x4008a8e0 <schedule>
4008d408: 97fff38e     	bl	0x4008a240 <current_process>
4008d40c: b40000c0     	cbz	x0, 0x4008d424 <sync_lower_handler_c+0x3c4>
4008d410: 14000001     	b	0x4008d414 <sync_lower_handler_c+0x3b4>
4008d414: 97fff38b     	bl	0x4008a240 <current_process>
4008d418: b9400008     	ldr	w8, [x0]
4008d41c: b9000be8     	str	w8, [sp, #0x8]
4008d420: 14000004     	b	0x4008d430 <sync_lower_handler_c+0x3d0>
4008d424: 12800008     	mov	w8, #-0x1               // =-1
4008d428: b9000be8     	str	w8, [sp, #0x8]
4008d42c: 14000001     	b	0x4008d430 <sync_lower_handler_c+0x3d0>
4008d430: b9400be8     	ldr	w8, [sp, #0x8]
4008d434: b9002be8     	str	w8, [sp, #0x28]
4008d438: b9402fe8     	ldr	w8, [sp, #0x2c]
4008d43c: b9402be9     	ldr	w9, [sp, #0x28]
4008d440: 6b090108     	subs	w8, w8, w9
4008d444: 54000101     	b.ne	0x4008d464 <sync_lower_handler_c+0x404>
4008d448: 14000001     	b	0x4008d44c <sync_lower_handler_c+0x3ec>
4008d44c: b9402fe8     	ldr	w8, [sp, #0x2c]
4008d450: 31000508     	adds	w8, w8, #0x1
4008d454: 54000080     	b.eq	0x4008d464 <sync_lower_handler_c+0x404>
4008d458: 14000001     	b	0x4008d45c <sync_lower_handler_c+0x3fc>
4008d45c: d503207f     	wfi
4008d460: 14000001     	b	0x4008d464 <sync_lower_handler_c+0x404>
4008d464: 14000033     	b	0x4008d530 <sync_lower_handler_c+0x4d0>
4008d468: f85d03a8     	ldur	x8, [x29, #-0x30]
4008d46c: f103fd08     	subs	x8, x8, #0xff
4008d470: 54000501     	b.ne	0x4008d510 <sync_lower_handler_c+0x4b0>
4008d474: 14000001     	b	0x4008d478 <sync_lower_handler_c+0x418>
4008d478: 97fff372     	bl	0x4008a240 <current_process>
4008d47c: b40000c0     	cbz	x0, 0x4008d494 <sync_lower_handler_c+0x434>
4008d480: 14000001     	b	0x4008d484 <sync_lower_handler_c+0x424>
4008d484: 97fff36f     	bl	0x4008a240 <current_process>
4008d488: b9400008     	ldr	w8, [x0]
4008d48c: b90007e8     	str	w8, [sp, #0x4]
4008d490: 14000004     	b	0x4008d4a0 <sync_lower_handler_c+0x440>
4008d494: 12800008     	mov	w8, #-0x1               // =-1
4008d498: b90007e8     	str	w8, [sp, #0x4]
4008d49c: 14000001     	b	0x4008d4a0 <sync_lower_handler_c+0x440>
4008d4a0: b94007e8     	ldr	w8, [sp, #0x4]
4008d4a4: b90027e8     	str	w8, [sp, #0x24]
4008d4a8: f85f83a0     	ldur	x0, [x29, #-0x8]
4008d4ac: 97fff50d     	bl	0x4008a8e0 <schedule>
4008d4b0: 97fff364     	bl	0x4008a240 <current_process>
4008d4b4: b40000c0     	cbz	x0, 0x4008d4cc <sync_lower_handler_c+0x46c>
4008d4b8: 14000001     	b	0x4008d4bc <sync_lower_handler_c+0x45c>
4008d4bc: 97fff361     	bl	0x4008a240 <current_process>
4008d4c0: b9400008     	ldr	w8, [x0]
4008d4c4: b90003e8     	str	w8, [sp]
4008d4c8: 14000004     	b	0x4008d4d8 <sync_lower_handler_c+0x478>
4008d4cc: 12800008     	mov	w8, #-0x1               // =-1
4008d4d0: b90003e8     	str	w8, [sp]
4008d4d4: 14000001     	b	0x4008d4d8 <sync_lower_handler_c+0x478>
4008d4d8: b94003e8     	ldr	w8, [sp]
4008d4dc: b90023e8     	str	w8, [sp, #0x20]
4008d4e0: b94027e8     	ldr	w8, [sp, #0x24]
4008d4e4: b94023e9     	ldr	w9, [sp, #0x20]
4008d4e8: 6b090108     	subs	w8, w8, w9
4008d4ec: 54000101     	b.ne	0x4008d50c <sync_lower_handler_c+0x4ac>
4008d4f0: 14000001     	b	0x4008d4f4 <sync_lower_handler_c+0x494>
4008d4f4: b94027e8     	ldr	w8, [sp, #0x24]
4008d4f8: 31000508     	adds	w8, w8, #0x1
4008d4fc: 54000080     	b.eq	0x4008d50c <sync_lower_handler_c+0x4ac>
4008d500: 14000001     	b	0x4008d504 <sync_lower_handler_c+0x4a4>
4008d504: d503207f     	wfi
4008d508: 14000001     	b	0x4008d50c <sync_lower_handler_c+0x4ac>
4008d50c: 14000008     	b	0x4008d52c <sync_lower_handler_c+0x4cc>
4008d510: 90000020     	adrp	x0, 0x40091000 <UART0_FR+0x4d8>
4008d514: 910f3000     	add	x0, x0, #0x3cc
4008d518: 97ffdf82     	bl	0x40085320 <uart_puts>
4008d51c: f85f83a9     	ldur	x9, [x29, #-0x8]
4008d520: 92800008     	mov	x8, #-0x1               // =-1
4008d524: f9000128     	str	x8, [x9]
4008d528: 14000001     	b	0x4008d52c <sync_lower_handler_c+0x4cc>
4008d52c: 14000001     	b	0x4008d530 <sync_lower_handler_c+0x4d0>
4008d530: 14000001     	b	0x4008d534 <sync_lower_handler_c+0x4d4>
4008d534: 14000001     	b	0x4008d538 <sync_lower_handler_c+0x4d8>
4008d538: 14000001     	b	0x4008d53c <sync_lower_handler_c+0x4dc>
4008d53c: 14000001     	b	0x4008d540 <sync_lower_handler_c+0x4e0>
4008d540: 14000001     	b	0x4008d544 <sync_lower_handler_c+0x4e4>
4008d544: 14000001     	b	0x4008d548 <sync_lower_handler_c+0x4e8>
4008d548: 14000001     	b	0x4008d54c <sync_lower_handler_c+0x4ec>
4008d54c: 14000001     	b	0x4008d550 <sync_lower_handler_c+0x4f0>
4008d550: 14000001     	b	0x4008d554 <sync_lower_handler_c+0x4f4>
4008d554: 14000057     	b	0x4008d6b0 <sync_lower_handler_c+0x650>
4008d558: f85e83a8     	ldur	x8, [x29, #-0x18]
4008d55c: f1008108     	subs	x8, x8, #0x20
4008d560: 540000c0     	b.eq	0x4008d578 <sync_lower_handler_c+0x518>
4008d564: 14000001     	b	0x4008d568 <sync_lower_handler_c+0x508>
4008d568: f85e83a8     	ldur	x8, [x29, #-0x18]
4008d56c: f1009108     	subs	x8, x8, #0x24
4008d570: 54000761     	b.ne	0x4008d65c <sync_lower_handler_c+0x5fc>
4008d574: 14000001     	b	0x4008d578 <sync_lower_handler_c+0x518>
4008d578: 97fff332     	bl	0x4008a240 <current_process>
4008d57c: f9000fe0     	str	x0, [sp, #0x18]
4008d580: f9400fe8     	ldr	x8, [sp, #0x18]
4008d584: b40005a8     	cbz	x8, 0x4008d638 <sync_lower_handler_c+0x5d8>
4008d588: 14000001     	b	0x4008d58c <sync_lower_handler_c+0x52c>
4008d58c: f9400fe8     	ldr	x8, [sp, #0x18]
4008d590: b9400508     	ldr	w8, [x8, #0x4]
4008d594: 71000d08     	subs	w8, w8, #0x3
4008d598: 54000501     	b.ne	0x4008d638 <sync_lower_handler_c+0x5d8>
4008d59c: 14000001     	b	0x4008d5a0 <sync_lower_handler_c+0x540>
4008d5a0: 90000020     	adrp	x0, 0x40091000 <UART0_FR+0x4d8>
4008d5a4: 91123c00     	add	x0, x0, #0x48f
4008d5a8: 97ffdf5e     	bl	0x40085320 <uart_puts>
4008d5ac: f9400fe8     	ldr	x8, [sp, #0x18]
4008d5b0: b9400100     	ldr	w0, [x8]
4008d5b4: 97ffdf77     	bl	0x40085390 <print_int>
4008d5b8: f9400fe8     	ldr	x8, [sp, #0x18]
4008d5bc: 39404108     	ldrb	w8, [x8, #0x10]
4008d5c0: 34000188     	cbz	w8, 0x4008d5f0 <sync_lower_handler_c+0x590>
4008d5c4: 14000001     	b	0x4008d5c8 <sync_lower_handler_c+0x568>
4008d5c8: 90000020     	adrp	x0, 0x40091000 <UART0_FR+0x4d8>
4008d5cc: 91227800     	add	x0, x0, #0x89e
4008d5d0: 97ffdf54     	bl	0x40085320 <uart_puts>
4008d5d4: f9400fe8     	ldr	x8, [sp, #0x18]
4008d5d8: 91004100     	add	x0, x8, #0x10
4008d5dc: 97ffdf51     	bl	0x40085320 <uart_puts>
4008d5e0: 90000020     	adrp	x0, 0x40091000 <UART0_FR+0x4d8>
4008d5e4: 911cf800     	add	x0, x0, #0x73e
4008d5e8: 97ffdf4e     	bl	0x40085320 <uart_puts>
4008d5ec: 14000001     	b	0x4008d5f0 <sync_lower_handler_c+0x590>
4008d5f0: 90000020     	adrp	x0, 0x40091000 <UART0_FR+0x4d8>
4008d5f4: 910a1000     	add	x0, x0, #0x284
4008d5f8: 97ffdf4a     	bl	0x40085320 <uart_puts>
4008d5fc: f85e83a0     	ldur	x0, [x29, #-0x18]
4008d600: 97ffdfb8     	bl	0x400854e0 <uart_print_hex>
4008d604: 90000020     	adrp	x0, 0x40091000 <UART0_FR+0x4d8>
4008d608: 910fa800     	add	x0, x0, #0x3ea
4008d60c: 97ffdf45     	bl	0x40085320 <uart_puts>
4008d610: f85f83a8     	ldur	x8, [x29, #-0x8]
4008d614: f9407d00     	ldr	x0, [x8, #0xf8]
4008d618: 97ffdfb2     	bl	0x400854e0 <uart_print_hex>
4008d61c: 90000020     	adrp	x0, 0x40091000 <UART0_FR+0x4d8>
4008d620: 913b0800     	add	x0, x0, #0xec2
4008d624: 97ffdf3f     	bl	0x40085320 <uart_puts>
4008d628: f85f83a0     	ldur	x0, [x29, #-0x8]
4008d62c: 97fff5f1     	bl	0x4008adf0 <process_exit>
4008d630: 97fffce4     	bl	0x4008c9c0 <timer_reload>
4008d634: 14000009     	b	0x4008d658 <sync_lower_handler_c+0x5f8>
4008d638: b0000020     	adrp	x0, 0x40092000 <UART0_FR+0x14d8>
4008d63c: 91128c00     	add	x0, x0, #0x4a3
4008d640: 97ffdf38     	bl	0x40085320 <uart_puts>
4008d644: 90000ca0     	adrp	x0, 0x40221000 <proc_table+0x3418>
4008d648: 911de000     	add	x0, x0, #0x778
4008d64c: 52800021     	mov	w1, #0x1                // =1
4008d650: 97ffcfc2     	bl	0x40081558 <longjmp>
4008d654: 14000001     	b	0x4008d658 <sync_lower_handler_c+0x5f8>
4008d658: 14000015     	b	0x4008d6ac <sync_lower_handler_c+0x64c>
4008d65c: 90000020     	adrp	x0, 0x40091000 <UART0_FR+0x4d8>
4008d660: 910fc400     	add	x0, x0, #0x3f1
4008d664: 97ffdf2f     	bl	0x40085320 <uart_puts>
4008d668: 90000020     	adrp	x0, 0x40091000 <UART0_FR+0x4d8>
4008d66c: 910dbc00     	add	x0, x0, #0x36f
4008d670: 97ffdf2c     	bl	0x40085320 <uart_puts>
4008d674: f85e83a0     	ldur	x0, [x29, #-0x18]
4008d678: 97ffdf9a     	bl	0x400854e0 <uart_print_hex>
4008d67c: f0000000     	adrp	x0, 0x40090000 <virtio_input_init+0x360>
4008d680: 912e4000     	add	x0, x0, #0xb90
4008d684: 97ffdf27     	bl	0x40085320 <uart_puts>
4008d688: f85f83a8     	ldur	x8, [x29, #-0x8]
4008d68c: f9407d00     	ldr	x0, [x8, #0xf8]
4008d690: 97ffdf94     	bl	0x400854e0 <uart_print_hex>
4008d694: 90000020     	adrp	x0, 0x40091000 <UART0_FR+0x4d8>
4008d698: 913b0800     	add	x0, x0, #0xec2
4008d69c: 97ffdf21     	bl	0x40085320 <uart_puts>
4008d6a0: 14000001     	b	0x4008d6a4 <sync_lower_handler_c+0x644>
4008d6a4: d503207f     	wfi
4008d6a8: 17ffffff     	b	0x4008d6a4 <sync_lower_handler_c+0x644>
4008d6ac: 14000001     	b	0x4008d6b0 <sync_lower_handler_c+0x650>
4008d6b0: a9477bfd     	ldp	x29, x30, [sp, #0x70]
4008d6b4: 910203ff     	add	sp, sp, #0x80
4008d6b8: d65f03c0     	ret
4008d6bc: d503201f     	nop

000000004008d6c0 <alloc_syscall_task>:
4008d6c0: d100c3ff     	sub	sp, sp, #0x30
4008d6c4: a9027bfd     	stp	x29, x30, [sp, #0x20]
4008d6c8: 910083fd     	add	x29, sp, #0x20
4008d6cc: 90000ca0     	adrp	x0, 0x40221000 <proc_table+0x3418>
4008d6d0: 91200000     	add	x0, x0, #0x800
4008d6d4: 97ffde0f     	bl	0x40084f10 <spinlock_acquire_irqsave>
4008d6d8: f9000be0     	str	x0, [sp, #0x10]
4008d6dc: 2a1f03e8     	mov	w8, wzr
4008d6e0: b9000fe8     	str	w8, [sp, #0xc]
4008d6e4: 14000001     	b	0x4008d6e8 <alloc_syscall_task+0x28>
4008d6e8: b9400fe8     	ldr	w8, [sp, #0xc]
4008d6ec: 71007d08     	subs	w8, w8, #0x1f
4008d6f0: 540003cc     	b.gt	0x4008d768 <alloc_syscall_task+0xa8>
4008d6f4: 14000001     	b	0x4008d6f8 <alloc_syscall_task+0x38>
4008d6f8: b9800fe8     	ldrsw	x8, [sp, #0xc]
4008d6fc: d37ae509     	lsl	x9, x8, #6
4008d700: 90000ca8     	adrp	x8, 0x40221000 <proc_table+0x3418>
4008d704: 91202108     	add	x8, x8, #0x808
4008d708: b8696908     	ldr	w8, [x8, x9]
4008d70c: 35000248     	cbnz	w8, 0x4008d754 <alloc_syscall_task+0x94>
4008d710: 14000001     	b	0x4008d714 <alloc_syscall_task+0x54>
4008d714: b9800fe8     	ldrsw	x8, [sp, #0xc]
4008d718: d37ae50a     	lsl	x10, x8, #6
4008d71c: 90000ca9     	adrp	x9, 0x40221000 <proc_table+0x3418>
4008d720: 91202129     	add	x9, x9, #0x808
4008d724: f90003e9     	str	x9, [sp]
4008d728: 52800028     	mov	w8, #0x1                // =1
4008d72c: b82a6928     	str	w8, [x9, x10]
4008d730: f9400be1     	ldr	x1, [sp, #0x10]
4008d734: 90000ca0     	adrp	x0, 0x40221000 <proc_table+0x3418>
4008d738: 91200000     	add	x0, x0, #0x800
4008d73c: 97ffde05     	bl	0x40084f50 <spinlock_release_irqrestore>
4008d740: f94003e8     	ldr	x8, [sp]
4008d744: b9800fe9     	ldrsw	x9, [sp, #0xc]
4008d748: 8b091908     	add	x8, x8, x9, lsl #6
4008d74c: f81f83a8     	stur	x8, [x29, #-0x8]
4008d750: 1400000d     	b	0x4008d784 <alloc_syscall_task+0xc4>
4008d754: 14000001     	b	0x4008d758 <alloc_syscall_task+0x98>
4008d758: b9400fe8     	ldr	w8, [sp, #0xc]
4008d75c: 11000508     	add	w8, w8, #0x1
4008d760: b9000fe8     	str	w8, [sp, #0xc]
4008d764: 17ffffe1     	b	0x4008d6e8 <alloc_syscall_task+0x28>
4008d768: f9400be1     	ldr	x1, [sp, #0x10]
4008d76c: 90000ca0     	adrp	x0, 0x40221000 <proc_table+0x3418>
4008d770: 91200000     	add	x0, x0, #0x800
4008d774: 97ffddf7     	bl	0x40084f50 <spinlock_release_irqrestore>
4008d778: aa1f03e8     	mov	x8, xzr
4008d77c: f81f83a8     	stur	x8, [x29, #-0x8]
4008d780: 14000001     	b	0x4008d784 <alloc_syscall_task+0xc4>
4008d784: f85f83a0     	ldur	x0, [x29, #-0x8]
4008d788: a9427bfd     	ldp	x29, x30, [sp, #0x20]
4008d78c: 9100c3ff     	add	sp, sp, #0x30
4008d790: d65f03c0     	ret
4008d794: d503201f     	nop
4008d798: d503201f     	nop
4008d79c: d503201f     	nop

000000004008d7a0 <sys_write_console>:
4008d7a0: d10083ff     	sub	sp, sp, #0x20
4008d7a4: a9017bfd     	stp	x29, x30, [sp, #0x10]
4008d7a8: 910043fd     	add	x29, sp, #0x10
4008d7ac: f90007e0     	str	x0, [sp, #0x8]
4008d7b0: f94007e8     	ldr	x8, [sp, #0x8]
4008d7b4: f9400108     	ldr	x8, [x8]
4008d7b8: f90003e8     	str	x8, [sp]
4008d7bc: f94003e8     	ldr	x8, [sp]
4008d7c0: d35afd08     	lsr	x8, x8, #26
4008d7c4: f1004508     	subs	x8, x8, #0x11
4008d7c8: 540001a3     	b.lo	0x4008d7fc <sys_write_console+0x5c>
4008d7cc: 14000001     	b	0x4008d7d0 <sys_write_console+0x30>
4008d7d0: f94003e8     	ldr	x8, [sp]
4008d7d4: d358fd08     	lsr	x8, x8, #24
4008d7d8: f1011108     	subs	x8, x8, #0x44
4008d7dc: 54000108     	b.hi	0x4008d7fc <sys_write_console+0x5c>
4008d7e0: 14000001     	b	0x4008d7e4 <sys_write_console+0x44>
4008d7e4: f0000000     	adrp	x0, 0x40090000 <virtio_input_init+0x360>
4008d7e8: 912f4400     	add	x0, x0, #0xbd1
4008d7ec: 97ffdecd     	bl	0x40085320 <uart_puts>
4008d7f0: f94003e0     	ldr	x0, [sp]
4008d7f4: 97ffdecb     	bl	0x40085320 <uart_puts>
4008d7f8: 14000001     	b	0x4008d7fc <sys_write_console+0x5c>
4008d7fc: f94007e9     	ldr	x9, [sp, #0x8]
4008d800: aa1f03e8     	mov	x8, xzr
4008d804: f9000128     	str	x8, [x9]
4008d808: a9417bfd     	ldp	x29, x30, [sp, #0x10]
4008d80c: 910083ff     	add	sp, sp, #0x20
4008d810: d65f03c0     	ret
4008d814: d503201f     	nop
4008d818: d503201f     	nop
4008d81c: d503201f     	nop

000000004008d820 <sys_exit>:
4008d820: d10083ff     	sub	sp, sp, #0x20
4008d824: a9017bfd     	stp	x29, x30, [sp, #0x10]
4008d828: 910043fd     	add	x29, sp, #0x10
4008d82c: f90007e0     	str	x0, [sp, #0x8]
4008d830: f94007e0     	ldr	x0, [sp, #0x8]
4008d834: 97fff56f     	bl	0x4008adf0 <process_exit>
4008d838: a9417bfd     	ldp	x29, x30, [sp, #0x10]
4008d83c: 910083ff     	add	sp, sp, #0x20
4008d840: d65f03c0     	ret
4008d844: d503201f     	nop
4008d848: d503201f     	nop
4008d84c: d503201f     	nop

000000004008d850 <sys_fork>:
4008d850: d10083ff     	sub	sp, sp, #0x20
4008d854: a9017bfd     	stp	x29, x30, [sp, #0x10]
4008d858: 910043fd     	add	x29, sp, #0x10
4008d85c: f90007e0     	str	x0, [sp, #0x8]
4008d860: f94007e0     	ldr	x0, [sp, #0x8]
4008d864: 97fff5ff     	bl	0x4008b060 <process_fork>
4008d868: b90007e0     	str	w0, [sp, #0x4]
4008d86c: b98007e8     	ldrsw	x8, [sp, #0x4]
4008d870: f94007e9     	ldr	x9, [sp, #0x8]
4008d874: f9000128     	str	x8, [x9]
4008d878: b0000020     	adrp	x0, 0x40092000 <UART0_FR+0x14d8>
4008d87c: 9113a800     	add	x0, x0, #0x4ea
4008d880: 97ffdea8     	bl	0x40085320 <uart_puts>
4008d884: f94007e8     	ldr	x8, [sp, #0x8]
4008d888: b9400100     	ldr	w0, [x8]
4008d88c: 97ffdec1     	bl	0x40085390 <print_int>
4008d890: 90000020     	adrp	x0, 0x40091000 <UART0_FR+0x4d8>
4008d894: 913b0800     	add	x0, x0, #0xec2
4008d898: 97ffdea2     	bl	0x40085320 <uart_puts>
4008d89c: a9417bfd     	ldp	x29, x30, [sp, #0x10]
4008d8a0: 910083ff     	add	sp, sp, #0x20
4008d8a4: d65f03c0     	ret
4008d8a8: d503201f     	nop
4008d8ac: d503201f     	nop

000000004008d8b0 <sys_spawn>:
4008d8b0: d100c3ff     	sub	sp, sp, #0x30
4008d8b4: a9027bfd     	stp	x29, x30, [sp, #0x20]
4008d8b8: 910083fd     	add	x29, sp, #0x20
4008d8bc: f81f83a0     	stur	x0, [x29, #-0x8]
4008d8c0: f85f83a8     	ldur	x8, [x29, #-0x8]
4008d8c4: f9400108     	ldr	x8, [x8]
4008d8c8: f9000be8     	str	x8, [sp, #0x10]
4008d8cc: f85f83a8     	ldur	x8, [x29, #-0x8]
4008d8d0: f9400508     	ldr	x8, [x8, #0x8]
4008d8d4: b9000fe8     	str	w8, [sp, #0xc]
4008d8d8: f85f83a8     	ldur	x8, [x29, #-0x8]
4008d8dc: f9400908     	ldr	x8, [x8, #0x10]
4008d8e0: b9000be8     	str	w8, [sp, #0x8]
4008d8e4: f9400be8     	ldr	x8, [sp, #0x10]
4008d8e8: d35afd08     	lsr	x8, x8, #26
4008d8ec: f1004508     	subs	x8, x8, #0x11
4008d8f0: 54000203     	b.lo	0x4008d930 <sys_spawn+0x80>
4008d8f4: 14000001     	b	0x4008d8f8 <sys_spawn+0x48>
4008d8f8: f9400be8     	ldr	x8, [sp, #0x10]
4008d8fc: d358fd08     	lsr	x8, x8, #24
4008d900: f1011108     	subs	x8, x8, #0x44
4008d904: 54000168     	b.hi	0x4008d930 <sys_spawn+0x80>
4008d908: 14000001     	b	0x4008d90c <sys_spawn+0x5c>
4008d90c: f9400be0     	ldr	x0, [sp, #0x10]
4008d910: b9400fe1     	ldr	w1, [sp, #0xc]
4008d914: b9400be2     	ldr	w2, [sp, #0x8]
4008d918: 97fff9aa     	bl	0x4008bfc0 <load_and_run_program_in_scheduler>
4008d91c: b90007e0     	str	w0, [sp, #0x4]
4008d920: b98007e8     	ldrsw	x8, [sp, #0x4]
4008d924: f85f83a9     	ldur	x9, [x29, #-0x8]
4008d928: f9000128     	str	x8, [x9]
4008d92c: 14000005     	b	0x4008d940 <sys_spawn+0x90>
4008d930: f85f83a9     	ldur	x9, [x29, #-0x8]
4008d934: 92800008     	mov	x8, #-0x1               // =-1
4008d938: f9000128     	str	x8, [x9]
4008d93c: 14000001     	b	0x4008d940 <sys_spawn+0x90>
4008d940: a9427bfd     	ldp	x29, x30, [sp, #0x20]
4008d944: 9100c3ff     	add	sp, sp, #0x30
4008d948: d65f03c0     	ret
4008d94c: d503201f     	nop

000000004008d950 <sys_map_fb>:
4008d950: d10083ff     	sub	sp, sp, #0x20
4008d954: a9017bfd     	stp	x29, x30, [sp, #0x10]
4008d958: 910043fd     	add	x29, sp, #0x10
4008d95c: f90007e0     	str	x0, [sp, #0x8]
4008d960: 940007c0     	bl	0x4008f860 <virtio_gpu_get_framebuffer>
4008d964: f90003e0     	str	x0, [sp]
4008d968: f94003e0     	ldr	x0, [sp]
4008d96c: 97ffe0a1     	bl	0x40085bf0 <mmu_map_user_framebuffer>
4008d970: f94007e9     	ldr	x9, [sp, #0x8]
4008d974: 52aa0008     	mov	w8, #0x50000000         // =1342177280
4008d978: f9000128     	str	x8, [x9]
4008d97c: a9417bfd     	ldp	x29, x30, [sp, #0x10]
4008d980: 910083ff     	add	sp, sp, #0x20
4008d984: d65f03c0     	ret
4008d988: d503201f     	nop
4008d98c: d503201f     	nop

000000004008d990 <sys_flush_fb>:
4008d990: d10083ff     	sub	sp, sp, #0x20
4008d994: a9017bfd     	stp	x29, x30, [sp, #0x10]
4008d998: 910043fd     	add	x29, sp, #0x10
4008d99c: f90007e0     	str	x0, [sp, #0x8]
4008d9a0: 94000774     	bl	0x4008f770 <virtio_gpu_flush>
4008d9a4: f94007e9     	ldr	x9, [sp, #0x8]
4008d9a8: aa1f03e8     	mov	x8, xzr
4008d9ac: f9000128     	str	x8, [x9]
4008d9b0: a9417bfd     	ldp	x29, x30, [sp, #0x10]
4008d9b4: 910083ff     	add	sp, sp, #0x20
4008d9b8: d65f03c0     	ret
4008d9bc: d503201f     	nop

000000004008d9c0 <sys_get_cpuid>:
4008d9c0: d10083ff     	sub	sp, sp, #0x20
4008d9c4: a9017bfd     	stp	x29, x30, [sp, #0x10]
4008d9c8: 910043fd     	add	x29, sp, #0x10
4008d9cc: f90007e0     	str	x0, [sp, #0x8]
4008d9d0: 97fffb2c     	bl	0x4008c680 <get_cpuid>
4008d9d4: 2a0003e8     	mov	w8, w0
4008d9d8: f94007e9     	ldr	x9, [sp, #0x8]
4008d9dc: f9000128     	str	x8, [x9]
4008d9e0: a9417bfd     	ldp	x29, x30, [sp, #0x10]
4008d9e4: 910083ff     	add	sp, sp, #0x20
4008d9e8: d65f03c0     	ret
4008d9ec: d503201f     	nop

000000004008d9f0 <sys_get_events>:
4008d9f0: d100c3ff     	sub	sp, sp, #0x30
4008d9f4: a9027bfd     	stp	x29, x30, [sp, #0x20]
4008d9f8: 910083fd     	add	x29, sp, #0x20
4008d9fc: f81f83a0     	stur	x0, [x29, #-0x8]
4008da00: f85f83a8     	ldur	x8, [x29, #-0x8]
4008da04: f9400108     	ldr	x8, [x8]
4008da08: f9000be8     	str	x8, [sp, #0x10]
4008da0c: f85f83a8     	ldur	x8, [x29, #-0x8]
4008da10: f9400508     	ldr	x8, [x8, #0x8]
4008da14: b9000fe8     	str	w8, [sp, #0xc]
4008da18: f9400be8     	ldr	x8, [sp, #0x10]
4008da1c: d35afd08     	lsr	x8, x8, #26
4008da20: f1004508     	subs	x8, x8, #0x11
4008da24: 54000243     	b.lo	0x4008da6c <sys_get_events+0x7c>
4008da28: 14000001     	b	0x4008da2c <sys_get_events+0x3c>
4008da2c: f9400be8     	ldr	x8, [sp, #0x10]
4008da30: b9400fe9     	ldr	w9, [sp, #0xc]
4008da34: 531d7129     	lsl	w9, w9, #3
4008da38: 8b29c108     	add	x8, x8, w9, sxtw
4008da3c: 52a8a009     	mov	w9, #0x45000000         // =1157627904
4008da40: eb090108     	subs	x8, x8, x9
4008da44: 54000148     	b.hi	0x4008da6c <sys_get_events+0x7c>
4008da48: 14000001     	b	0x4008da4c <sys_get_events+0x5c>
4008da4c: f9400be0     	ldr	x0, [sp, #0x10]
4008da50: b9400fe1     	ldr	w1, [sp, #0xc]
4008da54: 94000857     	bl	0x4008fbb0 <virtio_input_get_events>
4008da58: 2a0003e8     	mov	w8, w0
4008da5c: 93407d08     	sxtw	x8, w8
4008da60: f85f83a9     	ldur	x9, [x29, #-0x8]
4008da64: f9000128     	str	x8, [x9]
4008da68: 14000005     	b	0x4008da7c <sys_get_events+0x8c>
4008da6c: f85f83a9     	ldur	x9, [x29, #-0x8]
4008da70: 92800008     	mov	x8, #-0x1               // =-1
4008da74: f9000128     	str	x8, [x9]
4008da78: 14000001     	b	0x4008da7c <sys_get_events+0x8c>
4008da7c: a9427bfd     	ldp	x29, x30, [sp, #0x20]
4008da80: 9100c3ff     	add	sp, sp, #0x30
4008da84: d65f03c0     	ret
4008da88: d503201f     	nop
4008da8c: d503201f     	nop

000000004008da90 <sys_kill>:
4008da90: d10083ff     	sub	sp, sp, #0x20
4008da94: a9017bfd     	stp	x29, x30, [sp, #0x10]
4008da98: 910043fd     	add	x29, sp, #0x10
4008da9c: f90007e0     	str	x0, [sp, #0x8]
4008daa0: f94007e8     	ldr	x8, [sp, #0x8]
4008daa4: f9400108     	ldr	x8, [x8]
4008daa8: b90007e8     	str	w8, [sp, #0x4]
4008daac: b94007e0     	ldr	w0, [sp, #0x4]
4008dab0: 97fff514     	bl	0x4008af00 <process_kill>
4008dab4: 2a0003e8     	mov	w8, w0
4008dab8: 93407d08     	sxtw	x8, w8
4008dabc: f94007e9     	ldr	x9, [sp, #0x8]
4008dac0: f9000128     	str	x8, [x9]
4008dac4: a9417bfd     	ldp	x29, x30, [sp, #0x10]
4008dac8: 910083ff     	add	sp, sp, #0x20
4008dacc: d65f03c0     	ret

000000004008dad0 <irq_lower_handler_c>:
4008dad0: d100c3ff     	sub	sp, sp, #0x30
4008dad4: a9027bfd     	stp	x29, x30, [sp, #0x20]
4008dad8: 910083fd     	add	x29, sp, #0x20
4008dadc: f81f83a0     	stur	x0, [x29, #-0x8]
4008dae0: 97ffdcd4     	bl	0x40084e30 <gic_acknowledge_interrupt>
4008dae4: b81f43a0     	stur	w0, [x29, #-0xc]
4008dae8: b85f43a8     	ldur	w8, [x29, #-0xc]
4008daec: 71007908     	subs	w8, w8, #0x1e
4008daf0: 54000201     	b.ne	0x4008db30 <irq_lower_handler_c+0x60>
4008daf4: 14000001     	b	0x4008daf8 <irq_lower_handler_c+0x28>
4008daf8: 97fff1d2     	bl	0x4008a240 <current_process>
4008dafc: f90007e0     	str	x0, [sp, #0x8]
4008db00: f94007e8     	ldr	x8, [sp, #0x8]
4008db04: b4000128     	cbz	x8, 0x4008db28 <irq_lower_handler_c+0x58>
4008db08: 14000001     	b	0x4008db0c <irq_lower_handler_c+0x3c>
4008db0c: 97fffbad     	bl	0x4008c9c0 <timer_reload>
4008db10: 97fff660     	bl	0x4008b490 <process_wake_kernel_threads>
4008db14: b85f43a0     	ldur	w0, [x29, #-0xc]
4008db18: 97ffdcd6     	bl	0x40084e70 <gic_end_interrupt>
4008db1c: f85f83a0     	ldur	x0, [x29, #-0x8]
4008db20: 97fff370     	bl	0x4008a8e0 <schedule>
4008db24: 14000025     	b	0x4008dbb8 <irq_lower_handler_c+0xe8>
4008db28: 97fffba6     	bl	0x4008c9c0 <timer_reload>
4008db2c: 1400001f     	b	0x4008dba8 <irq_lower_handler_c+0xd8>
4008db30: b85f43a8     	ldur	w8, [x29, #-0xc]
4008db34: b0000029     	adrp	x9, 0x40092000 <UART0_FR+0x14d8>
4008db38: b94b7929     	ldr	w9, [x9, #0xb78]
4008db3c: 6b090108     	subs	w8, w8, w9
4008db40: 54000081     	b.ne	0x4008db50 <irq_lower_handler_c+0x80>
4008db44: 14000001     	b	0x4008db48 <irq_lower_handler_c+0x78>
4008db48: 94000366     	bl	0x4008e8e0 <virtio_blk_handle_irq>
4008db4c: 14000016     	b	0x4008dba4 <irq_lower_handler_c+0xd4>
4008db50: b85f43a8     	ldur	w8, [x29, #-0xc]
4008db54: b0000029     	adrp	x9, 0x40092000 <UART0_FR+0x14d8>
4008db58: b94b7d29     	ldr	w9, [x9, #0xb7c]
4008db5c: 6b090108     	subs	w8, w8, w9
4008db60: 54000081     	b.ne	0x4008db70 <irq_lower_handler_c+0xa0>
4008db64: 14000001     	b	0x4008db68 <irq_lower_handler_c+0x98>
4008db68: 94000b4a     	bl	0x40090890 <virtio_net_handle_irq>
4008db6c: 1400000d     	b	0x4008dba0 <irq_lower_handler_c+0xd0>
4008db70: b85f43a8     	ldur	w8, [x29, #-0xc]
4008db74: 7100c108     	subs	w8, w8, #0x30
4008db78: 54000123     	b.lo	0x4008db9c <irq_lower_handler_c+0xcc>
4008db7c: 14000001     	b	0x4008db80 <irq_lower_handler_c+0xb0>
4008db80: b85f43a8     	ldur	w8, [x29, #-0xc]
4008db84: 71013d08     	subs	w8, w8, #0x4f
4008db88: 540000a8     	b.hi	0x4008db9c <irq_lower_handler_c+0xcc>
4008db8c: 14000001     	b	0x4008db90 <irq_lower_handler_c+0xc0>
4008db90: b85f43a0     	ldur	w0, [x29, #-0xc]
4008db94: 9400075b     	bl	0x4008f900 <virtio_input_handle_irq>
4008db98: 14000001     	b	0x4008db9c <irq_lower_handler_c+0xcc>
4008db9c: 14000001     	b	0x4008dba0 <irq_lower_handler_c+0xd0>
4008dba0: 14000001     	b	0x4008dba4 <irq_lower_handler_c+0xd4>
4008dba4: 14000001     	b	0x4008dba8 <irq_lower_handler_c+0xd8>
4008dba8: 97fff63a     	bl	0x4008b490 <process_wake_kernel_threads>
4008dbac: b85f43a0     	ldur	w0, [x29, #-0xc]
4008dbb0: 97ffdcb0     	bl	0x40084e70 <gic_end_interrupt>
4008dbb4: 14000001     	b	0x4008dbb8 <irq_lower_handler_c+0xe8>
4008dbb8: a9427bfd     	ldp	x29, x30, [sp, #0x20]
4008dbbc: 9100c3ff     	add	sp, sp, #0x30
4008dbc0: d65f03c0     	ret
		...

000000004008dbd0 <memset>:
4008dbd0: d10083ff     	sub	sp, sp, #0x20
4008dbd4: f9000fe0     	str	x0, [sp, #0x18]
4008dbd8: b90017e1     	str	w1, [sp, #0x14]
4008dbdc: f90007e2     	str	x2, [sp, #0x8]
4008dbe0: f9400fe8     	ldr	x8, [sp, #0x18]
4008dbe4: f90003e8     	str	x8, [sp]
4008dbe8: 14000001     	b	0x4008dbec <memset+0x1c>
4008dbec: f94007e8     	ldr	x8, [sp, #0x8]
4008dbf0: f1000509     	subs	x9, x8, #0x1
4008dbf4: f90007e9     	str	x9, [sp, #0x8]
4008dbf8: b4000108     	cbz	x8, 0x4008dc18 <memset+0x48>
4008dbfc: 14000001     	b	0x4008dc00 <memset+0x30>
4008dc00: b94017e8     	ldr	w8, [sp, #0x14]
4008dc04: f94003e9     	ldr	x9, [sp]
4008dc08: 9100052a     	add	x10, x9, #0x1
4008dc0c: f90003ea     	str	x10, [sp]
4008dc10: 39000128     	strb	w8, [x9]
4008dc14: 17fffff6     	b	0x4008dbec <memset+0x1c>
4008dc18: f9400fe0     	ldr	x0, [sp, #0x18]
4008dc1c: 910083ff     	add	sp, sp, #0x20
4008dc20: d65f03c0     	ret
4008dc24: d503201f     	nop
4008dc28: d503201f     	nop
4008dc2c: d503201f     	nop

000000004008dc30 <trap_test_suite>:
4008dc30: a9bf7bfd     	stp	x29, x30, [sp, #-0x10]!
4008dc34: 910003fd     	mov	x29, sp
4008dc38: d503201f     	nop
4008dc3c: 50019780     	adr	x0, 0x40090f2e <UART0_FR+0x406>
4008dc40: 97ffddb8     	bl	0x40085320 <uart_puts>
4008dc44: 9400000b     	bl	0x4008dc70 <test_trap_unknown_syscall>
4008dc48: 9400004a     	bl	0x4008dd70 <test_trap_sys_get_cpuid>
4008dc4c: 94000089     	bl	0x4008de70 <test_trap_sys_open_invalid_ptr>
4008dc50: 940000cc     	bl	0x4008df80 <test_trap_sys_open_valid_ptr>
4008dc54: 9400013f     	bl	0x4008e150 <test_trap_sys_write_console>
4008dc58: 9400018e     	bl	0x4008e290 <test_trap_sys_pipe>
4008dc5c: 94000245     	bl	0x4008e570 <test_trap_data_abort>
4008dc60: a8c17bfd     	ldp	x29, x30, [sp], #0x10
4008dc64: d65f03c0     	ret
4008dc68: d503201f     	nop
4008dc6c: d503201f     	nop

000000004008dc70 <test_trap_unknown_syscall>:
4008dc70: d10503ff     	sub	sp, sp, #0x140
4008dc74: a9127bfd     	stp	x29, x30, [sp, #0x120]
4008dc78: f9009bfc     	str	x28, [sp, #0x130]
4008dc7c: 910483fd     	add	x29, sp, #0x120
4008dc80: b0000ca9     	adrp	x9, 0x40222000 <syscall_tasks+0x7f8>
4008dc84: b9400928     	ldr	w8, [x9, #0x8]
4008dc88: 11000508     	add	w8, w8, #0x1
4008dc8c: b9000928     	str	w8, [x9, #0x8]
4008dc90: 90000020     	adrp	x0, 0x40091000 <UART0_FR+0x4d8>
4008dc94: 91129800     	add	x0, x0, #0x4a6
4008dc98: 97ffdda2     	bl	0x40085320 <uart_puts>
4008dc9c: 52802108     	mov	w8, #0x108              // =264
4008dca0: 2a0803e2     	mov	w2, w8
4008dca4: 910063e0     	add	x0, sp, #0x18
4008dca8: f90007e0     	str	x0, [sp, #0x8]
4008dcac: 2a1f03e1     	mov	w1, wzr
4008dcb0: b90007e1     	str	w1, [sp, #0x4]
4008dcb4: 97ffffc7     	bl	0x4008dbd0 <memset>
4008dcb8: b94007e1     	ldr	w1, [sp, #0x4]
4008dcbc: 52807ce8     	mov	w8, #0x3e7              // =999
4008dcc0: f9002fe8     	str	x8, [sp, #0x58]
4008dcc4: 528002a8     	mov	w8, #0x15               // =21
4008dcc8: 2a0803e0     	mov	w0, w8
4008dccc: 94000291     	bl	0x4008e710 <set_esr>
4008dcd0: f94007e0     	ldr	x0, [sp, #0x8]
4008dcd4: 97fffce3     	bl	0x4008d060 <sync_lower_handler_c>
4008dcd8: 14000001     	b	0x4008dcdc <test_trap_unknown_syscall+0x6c>
4008dcdc: f9400fe8     	ldr	x8, [sp, #0x18]
4008dce0: b90017e8     	str	w8, [sp, #0x14]
4008dce4: 12800008     	mov	w8, #-0x1               // =-1
4008dce8: b90013e8     	str	w8, [sp, #0x10]
4008dcec: b94017e8     	ldr	w8, [sp, #0x14]
4008dcf0: b94013e9     	ldr	w9, [sp, #0x10]
4008dcf4: 6b090108     	subs	w8, w8, w9
4008dcf8: 54000320     	b.eq	0x4008dd5c <test_trap_unknown_syscall+0xec>
4008dcfc: 14000001     	b	0x4008dd00 <test_trap_unknown_syscall+0x90>
4008dd00: b0000020     	adrp	x0, 0x40092000 <UART0_FR+0x14d8>
4008dd04: 91236800     	add	x0, x0, #0x8da
4008dd08: 97ffdd86     	bl	0x40085320 <uart_puts>
4008dd0c: 52800640     	mov	w0, #0x32               // =50
4008dd10: 97ffdda0     	bl	0x40085390 <print_int>
4008dd14: b0000020     	adrp	x0, 0x40092000 <UART0_FR+0x14d8>
4008dd18: 91214400     	add	x0, x0, #0x851
4008dd1c: 97ffdd81     	bl	0x40085320 <uart_puts>
4008dd20: b94017e0     	ldr	w0, [sp, #0x14]
4008dd24: 97ffdd9b     	bl	0x40085390 <print_int>
4008dd28: b0000020     	adrp	x0, 0x40092000 <UART0_FR+0x14d8>
4008dd2c: 91217000     	add	x0, x0, #0x85c
4008dd30: 97ffdd7c     	bl	0x40085320 <uart_puts>
4008dd34: b94013e0     	ldr	w0, [sp, #0x10]
4008dd38: 97ffdd96     	bl	0x40085390 <print_int>
4008dd3c: 90000020     	adrp	x0, 0x40091000 <UART0_FR+0x4d8>
4008dd40: 913b0800     	add	x0, x0, #0xec2
4008dd44: 97ffdd77     	bl	0x40085320 <uart_puts>
4008dd48: b0000ca9     	adrp	x9, 0x40222000 <syscall_tasks+0x7f8>
4008dd4c: b9400d28     	ldr	w8, [x9, #0xc]
4008dd50: 11000508     	add	w8, w8, #0x1
4008dd54: b9000d28     	str	w8, [x9, #0xc]
4008dd58: 14000002     	b	0x4008dd60 <test_trap_unknown_syscall+0xf0>
4008dd5c: 14000001     	b	0x4008dd60 <test_trap_unknown_syscall+0xf0>
4008dd60: f9409bfc     	ldr	x28, [sp, #0x130]
4008dd64: a9527bfd     	ldp	x29, x30, [sp, #0x120]
4008dd68: 910503ff     	add	sp, sp, #0x140
4008dd6c: d65f03c0     	ret

000000004008dd70 <test_trap_sys_get_cpuid>:
4008dd70: d10503ff     	sub	sp, sp, #0x140
4008dd74: a9127bfd     	stp	x29, x30, [sp, #0x120]
4008dd78: f9009bfc     	str	x28, [sp, #0x130]
4008dd7c: 910483fd     	add	x29, sp, #0x120
4008dd80: b0000ca9     	adrp	x9, 0x40222000 <syscall_tasks+0x7f8>
4008dd84: b9400928     	ldr	w8, [x9, #0x8]
4008dd88: 11000508     	add	w8, w8, #0x1
4008dd8c: b9000928     	str	w8, [x9, #0x8]
4008dd90: b0000020     	adrp	x0, 0x40092000 <UART0_FR+0x14d8>
4008dd94: 9105b800     	add	x0, x0, #0x16e
4008dd98: 97ffdd62     	bl	0x40085320 <uart_puts>
4008dd9c: 52802108     	mov	w8, #0x108              // =264
4008dda0: 2a0803e2     	mov	w2, w8
4008dda4: 910063e0     	add	x0, sp, #0x18
4008dda8: f90007e0     	str	x0, [sp, #0x8]
4008ddac: 2a1f03e1     	mov	w1, wzr
4008ddb0: b90007e1     	str	w1, [sp, #0x4]
4008ddb4: 97ffff87     	bl	0x4008dbd0 <memset>
4008ddb8: b94007e1     	ldr	w1, [sp, #0x4]
4008ddbc: 52800168     	mov	w8, #0xb                // =11
4008ddc0: f9002fe8     	str	x8, [sp, #0x58]
4008ddc4: 528002a8     	mov	w8, #0x15               // =21
4008ddc8: 2a0803e0     	mov	w0, w8
4008ddcc: 94000251     	bl	0x4008e710 <set_esr>
4008ddd0: f94007e0     	ldr	x0, [sp, #0x8]
4008ddd4: 97fffca3     	bl	0x4008d060 <sync_lower_handler_c>
4008ddd8: 14000001     	b	0x4008dddc <test_trap_sys_get_cpuid+0x6c>
4008dddc: f9400fe8     	ldr	x8, [sp, #0x18]
4008dde0: b90017e8     	str	w8, [sp, #0x14]
4008dde4: 2a1f03e8     	mov	w8, wzr
4008dde8: b90013e8     	str	w8, [sp, #0x10]
4008ddec: b94017e8     	ldr	w8, [sp, #0x14]
4008ddf0: b94013e9     	ldr	w9, [sp, #0x10]
4008ddf4: 6b090108     	subs	w8, w8, w9
4008ddf8: 54000320     	b.eq	0x4008de5c <test_trap_sys_get_cpuid+0xec>
4008ddfc: 14000001     	b	0x4008de00 <test_trap_sys_get_cpuid+0x90>
4008de00: 90000020     	adrp	x0, 0x40091000 <UART0_FR+0x4d8>
4008de04: 91392400     	add	x0, x0, #0xe49
4008de08: 97ffdd46     	bl	0x40085320 <uart_puts>
4008de0c: 528007e0     	mov	w0, #0x3f               // =63
4008de10: 97ffdd60     	bl	0x40085390 <print_int>
4008de14: b0000020     	adrp	x0, 0x40092000 <UART0_FR+0x14d8>
4008de18: 91214400     	add	x0, x0, #0x851
4008de1c: 97ffdd41     	bl	0x40085320 <uart_puts>
4008de20: b94017e0     	ldr	w0, [sp, #0x14]
4008de24: 97ffdd5b     	bl	0x40085390 <print_int>
4008de28: b0000020     	adrp	x0, 0x40092000 <UART0_FR+0x14d8>
4008de2c: 91217000     	add	x0, x0, #0x85c
4008de30: 97ffdd3c     	bl	0x40085320 <uart_puts>
4008de34: b94013e0     	ldr	w0, [sp, #0x10]
4008de38: 97ffdd56     	bl	0x40085390 <print_int>
4008de3c: 90000020     	adrp	x0, 0x40091000 <UART0_FR+0x4d8>
4008de40: 913b0800     	add	x0, x0, #0xec2
4008de44: 97ffdd37     	bl	0x40085320 <uart_puts>
4008de48: b0000ca9     	adrp	x9, 0x40222000 <syscall_tasks+0x7f8>
4008de4c: b9400d28     	ldr	w8, [x9, #0xc]
4008de50: 11000508     	add	w8, w8, #0x1
4008de54: b9000d28     	str	w8, [x9, #0xc]
4008de58: 14000002     	b	0x4008de60 <test_trap_sys_get_cpuid+0xf0>
4008de5c: 14000001     	b	0x4008de60 <test_trap_sys_get_cpuid+0xf0>
4008de60: f9409bfc     	ldr	x28, [sp, #0x130]
4008de64: a9527bfd     	ldp	x29, x30, [sp, #0x120]
4008de68: 910503ff     	add	sp, sp, #0x140
4008de6c: d65f03c0     	ret

000000004008de70 <test_trap_sys_open_invalid_ptr>:
4008de70: d10503ff     	sub	sp, sp, #0x140
4008de74: a9127bfd     	stp	x29, x30, [sp, #0x120]
4008de78: f9009bfc     	str	x28, [sp, #0x130]
4008de7c: 910483fd     	add	x29, sp, #0x120
4008de80: b0000ca9     	adrp	x9, 0x40222000 <syscall_tasks+0x7f8>
4008de84: b9400928     	ldr	w8, [x9, #0x8]
4008de88: 11000508     	add	w8, w8, #0x1
4008de8c: b9000928     	str	w8, [x9, #0x8]
4008de90: f0000000     	adrp	x0, 0x40090000 <virtio_input_init+0x360>
4008de94: 913d0000     	add	x0, x0, #0xf40
4008de98: 97ffdd22     	bl	0x40085320 <uart_puts>
4008de9c: 52802108     	mov	w8, #0x108              // =264
4008dea0: 2a0803e2     	mov	w2, w8
4008dea4: 910063e0     	add	x0, sp, #0x18
4008dea8: f90007e0     	str	x0, [sp, #0x8]
4008deac: 2a1f03e1     	mov	w1, wzr
4008deb0: b90007e1     	str	w1, [sp, #0x4]
4008deb4: 97ffff47     	bl	0x4008dbd0 <memset>
4008deb8: b94007e1     	ldr	w1, [sp, #0x4]
4008debc: 52800088     	mov	w8, #0x4                // =4
4008dec0: f9002fe8     	str	x8, [sp, #0x58]
4008dec4: 52a20008     	mov	w8, #0x10000000         // =268435456
4008dec8: f9000fe8     	str	x8, [sp, #0x18]
4008decc: 528002a8     	mov	w8, #0x15               // =21
4008ded0: 2a0803e0     	mov	w0, w8
4008ded4: 9400020f     	bl	0x4008e710 <set_esr>
4008ded8: f94007e0     	ldr	x0, [sp, #0x8]
4008dedc: 97fffc61     	bl	0x4008d060 <sync_lower_handler_c>
4008dee0: 14000001     	b	0x4008dee4 <test_trap_sys_open_invalid_ptr+0x74>
4008dee4: f9400fe8     	ldr	x8, [sp, #0x18]
4008dee8: b90017e8     	str	w8, [sp, #0x14]
4008deec: 12800008     	mov	w8, #-0x1               // =-1
4008def0: b90013e8     	str	w8, [sp, #0x10]
4008def4: b94017e8     	ldr	w8, [sp, #0x14]
4008def8: b94013e9     	ldr	w9, [sp, #0x10]
4008defc: 6b090108     	subs	w8, w8, w9
4008df00: 54000320     	b.eq	0x4008df64 <test_trap_sys_open_invalid_ptr+0xf4>
4008df04: 14000001     	b	0x4008df08 <test_trap_sys_open_invalid_ptr+0x98>
4008df08: b0000020     	adrp	x0, 0x40092000 <UART0_FR+0x14d8>
4008df0c: 91236800     	add	x0, x0, #0x8da
4008df10: 97ffdd04     	bl	0x40085320 <uart_puts>
4008df14: 528009a0     	mov	w0, #0x4d               // =77
4008df18: 97ffdd1e     	bl	0x40085390 <print_int>
4008df1c: b0000020     	adrp	x0, 0x40092000 <UART0_FR+0x14d8>
4008df20: 91214400     	add	x0, x0, #0x851
4008df24: 97ffdcff     	bl	0x40085320 <uart_puts>
4008df28: b94017e0     	ldr	w0, [sp, #0x14]
4008df2c: 97ffdd19     	bl	0x40085390 <print_int>
4008df30: b0000020     	adrp	x0, 0x40092000 <UART0_FR+0x14d8>
4008df34: 91217000     	add	x0, x0, #0x85c
4008df38: 97ffdcfa     	bl	0x40085320 <uart_puts>
4008df3c: b94013e0     	ldr	w0, [sp, #0x10]
4008df40: 97ffdd14     	bl	0x40085390 <print_int>
4008df44: 90000020     	adrp	x0, 0x40091000 <UART0_FR+0x4d8>
4008df48: 913b0800     	add	x0, x0, #0xec2
4008df4c: 97ffdcf5     	bl	0x40085320 <uart_puts>
4008df50: b0000ca9     	adrp	x9, 0x40222000 <syscall_tasks+0x7f8>
4008df54: b9400d28     	ldr	w8, [x9, #0xc]
4008df58: 11000508     	add	w8, w8, #0x1
4008df5c: b9000d28     	str	w8, [x9, #0xc]
4008df60: 14000002     	b	0x4008df68 <test_trap_sys_open_invalid_ptr+0xf8>
4008df64: 14000001     	b	0x4008df68 <test_trap_sys_open_invalid_ptr+0xf8>
4008df68: f9409bfc     	ldr	x28, [sp, #0x130]
4008df6c: a9527bfd     	ldp	x29, x30, [sp, #0x120]
4008df70: 910503ff     	add	sp, sp, #0x140
4008df74: d65f03c0     	ret
4008df78: d503201f     	nop
4008df7c: d503201f     	nop

000000004008df80 <test_trap_sys_open_valid_ptr>:
4008df80: a9be7bfd     	stp	x29, x30, [sp, #-0x20]!
4008df84: f9000bfc     	str	x28, [sp, #0x10]
4008df88: 910003fd     	mov	x29, sp
4008df8c: d10943ff     	sub	sp, sp, #0x250
4008df90: b0000ca9     	adrp	x9, 0x40222000 <syscall_tasks+0x7f8>
4008df94: b9400928     	ldr	w8, [x9, #0x8]
4008df98: 11000508     	add	w8, w8, #0x1
4008df9c: b9000928     	str	w8, [x9, #0x8]
4008dfa0: 90000020     	adrp	x0, 0x40091000 <UART0_FR+0x4d8>
4008dfa4: 91133800     	add	x0, x0, #0x4ce
4008dfa8: 97ffdcde     	bl	0x40085320 <uart_puts>
4008dfac: 940001e5     	bl	0x4008e740 <setup_mock_process>
4008dfb0: 52a88008     	mov	w8, #0x44000000         // =1140850688
4008dfb4: f9000be8     	str	x8, [sp, #0x10]
4008dfb8: f81f83a8     	stur	x8, [x29, #-0x8]
4008dfbc: f85f83a9     	ldur	x9, [x29, #-0x8]
4008dfc0: 52800a88     	mov	w8, #0x54               // =84
4008dfc4: 39000128     	strb	w8, [x9]
4008dfc8: f85f83aa     	ldur	x10, [x29, #-0x8]
4008dfcc: 528008a9     	mov	w9, #0x45               // =69
4008dfd0: 39000549     	strb	w9, [x10, #0x1]
4008dfd4: f85f83aa     	ldur	x10, [x29, #-0x8]
4008dfd8: 52800a69     	mov	w9, #0x53               // =83
4008dfdc: 39000949     	strb	w9, [x10, #0x2]
4008dfe0: f85f83a9     	ldur	x9, [x29, #-0x8]
4008dfe4: 39000d28     	strb	w8, [x9, #0x3]
4008dfe8: f85f83aa     	ldur	x10, [x29, #-0x8]
4008dfec: 528005c9     	mov	w9, #0x2e               // =46
4008dff0: 39001149     	strb	w9, [x10, #0x4]
4008dff4: f85f83a9     	ldur	x9, [x29, #-0x8]
4008dff8: 39001528     	strb	w8, [x9, #0x5]
4008dffc: f85f83aa     	ldur	x10, [x29, #-0x8]
4008e000: 52800b09     	mov	w9, #0x58               // =88
4008e004: 39001949     	strb	w9, [x10, #0x6]
4008e008: f85f83a9     	ldur	x9, [x29, #-0x8]
4008e00c: 39001d28     	strb	w8, [x9, #0x7]
4008e010: f85f83a8     	ldur	x8, [x29, #-0x8]
4008e014: 2a1f03e1     	mov	w1, wzr
4008e018: b9001fe1     	str	w1, [sp, #0x1c]
4008e01c: 39002101     	strb	w1, [x8, #0x8]
4008e020: 52802108     	mov	w8, #0x108              // =264
4008e024: 2a0803e2     	mov	w2, w8
4008e028: 910503e0     	add	x0, sp, #0x140
4008e02c: f90013e0     	str	x0, [sp, #0x20]
4008e030: 97fffee8     	bl	0x4008dbd0 <memset>
4008e034: f9400be8     	ldr	x8, [sp, #0x10]
4008e038: b9401fe1     	ldr	w1, [sp, #0x1c]
4008e03c: 52800089     	mov	w9, #0x4                // =4
4008e040: f900c3e9     	str	x9, [sp, #0x180]
4008e044: f900a3e8     	str	x8, [sp, #0x140]
4008e048: 528002a8     	mov	w8, #0x15               // =21
4008e04c: 2a0803e0     	mov	w0, w8
4008e050: 940001b0     	bl	0x4008e710 <set_esr>
4008e054: f94013e0     	ldr	x0, [sp, #0x20]
4008e058: 97fffc02     	bl	0x4008d060 <sync_lower_handler_c>
4008e05c: f940a3e8     	ldr	x8, [sp, #0x140]
4008e060: b9013fe8     	str	w8, [sp, #0x13c]
4008e064: 14000001     	b	0x4008e068 <test_trap_sys_open_valid_ptr+0xe8>
4008e068: b9413fe8     	ldr	w8, [sp, #0x13c]
4008e06c: 2a2803e8     	mvn	w8, w8
4008e070: 531f7d08     	lsr	w8, w8, #31
4008e074: b9013be8     	str	w8, [sp, #0x138]
4008e078: 52800028     	mov	w8, #0x1                // =1
4008e07c: b90137e8     	str	w8, [sp, #0x134]
4008e080: b9413be8     	ldr	w8, [sp, #0x138]
4008e084: b94137e9     	ldr	w9, [sp, #0x134]
4008e088: 6b090108     	subs	w8, w8, w9
4008e08c: 54000320     	b.eq	0x4008e0f0 <test_trap_sys_open_valid_ptr+0x170>
4008e090: 14000001     	b	0x4008e094 <test_trap_sys_open_valid_ptr+0x114>
4008e094: 90000020     	adrp	x0, 0x40092000 <UART0_FR+0x14d8>
4008e098: 910d2c00     	add	x0, x0, #0x34b
4008e09c: 97ffdca1     	bl	0x40085320 <uart_puts>
4008e0a0: 52800c40     	mov	w0, #0x62               // =98
4008e0a4: 97ffdcbb     	bl	0x40085390 <print_int>
4008e0a8: 90000020     	adrp	x0, 0x40092000 <UART0_FR+0x14d8>
4008e0ac: 91214400     	add	x0, x0, #0x851
4008e0b0: 97ffdc9c     	bl	0x40085320 <uart_puts>
4008e0b4: b9413be0     	ldr	w0, [sp, #0x138]
4008e0b8: 97ffdcb6     	bl	0x40085390 <print_int>
4008e0bc: 90000020     	adrp	x0, 0x40092000 <UART0_FR+0x14d8>
4008e0c0: 91217000     	add	x0, x0, #0x85c
4008e0c4: 97ffdc97     	bl	0x40085320 <uart_puts>
4008e0c8: b94137e0     	ldr	w0, [sp, #0x134]
4008e0cc: 97ffdcb1     	bl	0x40085390 <print_int>
4008e0d0: f0000000     	adrp	x0, 0x40091000 <UART0_FR+0x4d8>
4008e0d4: 913b0800     	add	x0, x0, #0xec2
4008e0d8: 97ffdc92     	bl	0x40085320 <uart_puts>
4008e0dc: 90000ca9     	adrp	x9, 0x40222000 <syscall_tasks+0x7f8>
4008e0e0: b9400d28     	ldr	w8, [x9, #0xc]
4008e0e4: 11000508     	add	w8, w8, #0x1
4008e0e8: b9000d28     	str	w8, [x9, #0xc]
4008e0ec: 14000015     	b	0x4008e140 <test_trap_sys_open_valid_ptr+0x1c0>
4008e0f0: 14000001     	b	0x4008e0f4 <test_trap_sys_open_valid_ptr+0x174>
4008e0f4: 52802108     	mov	w8, #0x108              // =264
4008e0f8: 2a0803e2     	mov	w2, w8
4008e0fc: 9100a3e0     	add	x0, sp, #0x28
4008e100: f90007e0     	str	x0, [sp, #0x8]
4008e104: 2a1f03e1     	mov	w1, wzr
4008e108: b90007e1     	str	w1, [sp, #0x4]
4008e10c: 97fffeb1     	bl	0x4008dbd0 <memset>
4008e110: b94007e1     	ldr	w1, [sp, #0x4]
4008e114: 528000a8     	mov	w8, #0x5                // =5
4008e118: f90037e8     	str	x8, [sp, #0x68]
4008e11c: f940a3e8     	ldr	x8, [sp, #0x140]
4008e120: f90017e8     	str	x8, [sp, #0x28]
4008e124: 528002a8     	mov	w8, #0x15               // =21
4008e128: 2a0803e0     	mov	w0, w8
4008e12c: 94000179     	bl	0x4008e710 <set_esr>
4008e130: f94007e0     	ldr	x0, [sp, #0x8]
4008e134: 97fffbcb     	bl	0x4008d060 <sync_lower_handler_c>
4008e138: 9400019a     	bl	0x4008e7a0 <teardown_mock_process>
4008e13c: 14000001     	b	0x4008e140 <test_trap_sys_open_valid_ptr+0x1c0>
4008e140: 910943ff     	add	sp, sp, #0x250
4008e144: f9400bfc     	ldr	x28, [sp, #0x10]
4008e148: a8c27bfd     	ldp	x29, x30, [sp], #0x20
4008e14c: d65f03c0     	ret

000000004008e150 <test_trap_sys_write_console>:
4008e150: d10543ff     	sub	sp, sp, #0x150
4008e154: a9137bfd     	stp	x29, x30, [sp, #0x130]
4008e158: f900a3fc     	str	x28, [sp, #0x140]
4008e15c: 9104c3fd     	add	x29, sp, #0x130
4008e160: 90000ca9     	adrp	x9, 0x40222000 <syscall_tasks+0x7f8>
4008e164: b9400928     	ldr	w8, [x9, #0x8]
4008e168: 11000508     	add	w8, w8, #0x1
4008e16c: b9000928     	str	w8, [x9, #0x8]
4008e170: d0000000     	adrp	x0, 0x40090000 <virtio_input_init+0x360>
4008e174: 913db400     	add	x0, x0, #0xf6d
4008e178: 97ffdc6a     	bl	0x40085320 <uart_puts>
4008e17c: 52a88008     	mov	w8, #0x44000000         // =1140850688
4008e180: f90003e8     	str	x8, [sp]
4008e184: f81f83a8     	stur	x8, [x29, #-0x8]
4008e188: f85f83a9     	ldur	x9, [x29, #-0x8]
4008e18c: 52800908     	mov	w8, #0x48               // =72
4008e190: 39000128     	strb	w8, [x9]
4008e194: f85f83a9     	ldur	x9, [x29, #-0x8]
4008e198: 52800d28     	mov	w8, #0x69               // =105
4008e19c: 39000528     	strb	w8, [x9, #0x1]
4008e1a0: f85f83a9     	ldur	x9, [x29, #-0x8]
4008e1a4: 52800148     	mov	w8, #0xa                // =10
4008e1a8: 39000928     	strb	w8, [x9, #0x2]
4008e1ac: f85f83a8     	ldur	x8, [x29, #-0x8]
4008e1b0: 2a1f03e1     	mov	w1, wzr
4008e1b4: b9000fe1     	str	w1, [sp, #0xc]
4008e1b8: 39000d01     	strb	w1, [x8, #0x3]
4008e1bc: 52802108     	mov	w8, #0x108              // =264
4008e1c0: 2a0803e2     	mov	w2, w8
4008e1c4: 910083e0     	add	x0, sp, #0x20
4008e1c8: f9000be0     	str	x0, [sp, #0x10]
4008e1cc: 97fffe81     	bl	0x4008dbd0 <memset>
4008e1d0: f94003e8     	ldr	x8, [sp]
4008e1d4: b9400fe1     	ldr	w1, [sp, #0xc]
4008e1d8: 52800029     	mov	w9, #0x1                // =1
4008e1dc: f90033e9     	str	x9, [sp, #0x60]
4008e1e0: f90013e8     	str	x8, [sp, #0x20]
4008e1e4: 528002a8     	mov	w8, #0x15               // =21
4008e1e8: 2a0803e0     	mov	w0, w8
4008e1ec: 94000149     	bl	0x4008e710 <set_esr>
4008e1f0: f9400be0     	ldr	x0, [sp, #0x10]
4008e1f4: 97fffb9b     	bl	0x4008d060 <sync_lower_handler_c>
4008e1f8: 14000001     	b	0x4008e1fc <test_trap_sys_write_console+0xac>
4008e1fc: f94013e8     	ldr	x8, [sp, #0x20]
4008e200: b9001fe8     	str	w8, [sp, #0x1c]
4008e204: 2a1f03e8     	mov	w8, wzr
4008e208: b9001be8     	str	w8, [sp, #0x18]
4008e20c: b9401fe8     	ldr	w8, [sp, #0x1c]
4008e210: b9401be9     	ldr	w9, [sp, #0x18]
4008e214: 6b090108     	subs	w8, w8, w9
4008e218: 54000320     	b.eq	0x4008e27c <test_trap_sys_write_console+0x12c>
4008e21c: 14000001     	b	0x4008e220 <test_trap_sys_write_console+0xd0>
4008e220: f0000000     	adrp	x0, 0x40091000 <UART0_FR+0x4d8>
4008e224: 91392400     	add	x0, x0, #0xe49
4008e228: 97ffdc3e     	bl	0x40085320 <uart_puts>
4008e22c: 52800f80     	mov	w0, #0x7c               // =124
4008e230: 97ffdc58     	bl	0x40085390 <print_int>
4008e234: 90000020     	adrp	x0, 0x40092000 <UART0_FR+0x14d8>
4008e238: 91214400     	add	x0, x0, #0x851
4008e23c: 97ffdc39     	bl	0x40085320 <uart_puts>
4008e240: b9401fe0     	ldr	w0, [sp, #0x1c]
4008e244: 97ffdc53     	bl	0x40085390 <print_int>
4008e248: 90000020     	adrp	x0, 0x40092000 <UART0_FR+0x14d8>
4008e24c: 91217000     	add	x0, x0, #0x85c
4008e250: 97ffdc34     	bl	0x40085320 <uart_puts>
4008e254: b9401be0     	ldr	w0, [sp, #0x18]
4008e258: 97ffdc4e     	bl	0x40085390 <print_int>
4008e25c: f0000000     	adrp	x0, 0x40091000 <UART0_FR+0x4d8>
4008e260: 913b0800     	add	x0, x0, #0xec2
4008e264: 97ffdc2f     	bl	0x40085320 <uart_puts>
4008e268: 90000ca9     	adrp	x9, 0x40222000 <syscall_tasks+0x7f8>
4008e26c: b9400d28     	ldr	w8, [x9, #0xc]
4008e270: 11000508     	add	w8, w8, #0x1
4008e274: b9000d28     	str	w8, [x9, #0xc]
4008e278: 14000002     	b	0x4008e280 <test_trap_sys_write_console+0x130>
4008e27c: 14000001     	b	0x4008e280 <test_trap_sys_write_console+0x130>
4008e280: f940a3fc     	ldr	x28, [sp, #0x140]
4008e284: a9537bfd     	ldp	x29, x30, [sp, #0x130]
4008e288: 910543ff     	add	sp, sp, #0x150
4008e28c: d65f03c0     	ret

000000004008e290 <test_trap_sys_pipe>:
4008e290: a9be7bfd     	stp	x29, x30, [sp, #-0x20]!
4008e294: f9000bfc     	str	x28, [sp, #0x10]
4008e298: 910003fd     	mov	x29, sp
4008e29c: d10e03ff     	sub	sp, sp, #0x380
4008e2a0: 90000ca9     	adrp	x9, 0x40222000 <syscall_tasks+0x7f8>
4008e2a4: b9400928     	ldr	w8, [x9, #0x8]
4008e2a8: 11000508     	add	w8, w8, #0x1
4008e2ac: b9000928     	str	w8, [x9, #0x8]
4008e2b0: d0000000     	adrp	x0, 0x40090000 <virtio_input_init+0x360>
4008e2b4: 91350000     	add	x0, x0, #0xd40
4008e2b8: 97ffdc1a     	bl	0x40085320 <uart_puts>
4008e2bc: 94000121     	bl	0x4008e740 <setup_mock_process>
4008e2c0: 52a88008     	mov	w8, #0x44000000         // =1140850688
4008e2c4: f81f83a8     	stur	x8, [x29, #-0x8]
4008e2c8: 52802108     	mov	w8, #0x108              // =264
4008e2cc: 2a0803e2     	mov	w2, w8
4008e2d0: 9109c3e0     	add	x0, sp, #0x270
4008e2d4: f90023e0     	str	x0, [sp, #0x40]
4008e2d8: 2a1f03e1     	mov	w1, wzr
4008e2dc: b9003fe1     	str	w1, [sp, #0x3c]
4008e2e0: 97fffe3c     	bl	0x4008dbd0 <memset>
4008e2e4: b9403fe1     	ldr	w1, [sp, #0x3c]
4008e2e8: 52800188     	mov	w8, #0xc                // =12
4008e2ec: f9015be8     	str	x8, [sp, #0x2b0]
4008e2f0: f85f83a8     	ldur	x8, [x29, #-0x8]
4008e2f4: f9013be8     	str	x8, [sp, #0x270]
4008e2f8: 528002a8     	mov	w8, #0x15               // =21
4008e2fc: 2a0803e0     	mov	w0, w8
4008e300: 94000104     	bl	0x4008e710 <set_esr>
4008e304: f94023e0     	ldr	x0, [sp, #0x40]
4008e308: 97fffb56     	bl	0x4008d060 <sync_lower_handler_c>
4008e30c: 14000001     	b	0x4008e310 <test_trap_sys_pipe+0x80>
4008e310: f9413be8     	ldr	x8, [sp, #0x270]
4008e314: b9026fe8     	str	w8, [sp, #0x26c]
4008e318: 2a1f03e8     	mov	w8, wzr
4008e31c: b9026be8     	str	w8, [sp, #0x268]
4008e320: b9426fe8     	ldr	w8, [sp, #0x26c]
4008e324: b9426be9     	ldr	w9, [sp, #0x268]
4008e328: 6b090108     	subs	w8, w8, w9
4008e32c: 54000320     	b.eq	0x4008e390 <test_trap_sys_pipe+0x100>
4008e330: 14000001     	b	0x4008e334 <test_trap_sys_pipe+0xa4>
4008e334: f0000000     	adrp	x0, 0x40091000 <UART0_FR+0x4d8>
4008e338: 91392400     	add	x0, x0, #0xe49
4008e33c: 97ffdbf9     	bl	0x40085320 <uart_puts>
4008e340: 528011a0     	mov	w0, #0x8d               // =141
4008e344: 97ffdc13     	bl	0x40085390 <print_int>
4008e348: 90000020     	adrp	x0, 0x40092000 <UART0_FR+0x14d8>
4008e34c: 91214400     	add	x0, x0, #0x851
4008e350: 97ffdbf4     	bl	0x40085320 <uart_puts>
4008e354: b9426fe0     	ldr	w0, [sp, #0x26c]
4008e358: 97ffdc0e     	bl	0x40085390 <print_int>
4008e35c: 90000020     	adrp	x0, 0x40092000 <UART0_FR+0x14d8>
4008e360: 91217000     	add	x0, x0, #0x85c
4008e364: 97ffdbef     	bl	0x40085320 <uart_puts>
4008e368: b9426be0     	ldr	w0, [sp, #0x268]
4008e36c: 97ffdc09     	bl	0x40085390 <print_int>
4008e370: f0000000     	adrp	x0, 0x40091000 <UART0_FR+0x4d8>
4008e374: 913b0800     	add	x0, x0, #0xec2
4008e378: 97ffdbea     	bl	0x40085320 <uart_puts>
4008e37c: 90000ca9     	adrp	x9, 0x40222000 <syscall_tasks+0x7f8>
4008e380: b9400d28     	ldr	w8, [x9, #0xc]
4008e384: 11000508     	add	w8, w8, #0x1
4008e388: b9000d28     	str	w8, [x9, #0xc]
4008e38c: 14000072     	b	0x4008e554 <test_trap_sys_pipe+0x2c4>
4008e390: 14000001     	b	0x4008e394 <test_trap_sys_pipe+0x104>
4008e394: 14000001     	b	0x4008e398 <test_trap_sys_pipe+0x108>
4008e398: f85f83a8     	ldur	x8, [x29, #-0x8]
4008e39c: b9400108     	ldr	w8, [x8]
4008e3a0: 2a2803e8     	mvn	w8, w8
4008e3a4: 531f7d08     	lsr	w8, w8, #31
4008e3a8: b90267e8     	str	w8, [sp, #0x264]
4008e3ac: 52800028     	mov	w8, #0x1                // =1
4008e3b0: b90263e8     	str	w8, [sp, #0x260]
4008e3b4: b94267e8     	ldr	w8, [sp, #0x264]
4008e3b8: b94263e9     	ldr	w9, [sp, #0x260]
4008e3bc: 6b090108     	subs	w8, w8, w9
4008e3c0: 54000320     	b.eq	0x4008e424 <test_trap_sys_pipe+0x194>
4008e3c4: 14000001     	b	0x4008e3c8 <test_trap_sys_pipe+0x138>
4008e3c8: 90000020     	adrp	x0, 0x40092000 <UART0_FR+0x14d8>
4008e3cc: 910e1c00     	add	x0, x0, #0x387
4008e3d0: 97ffdbd4     	bl	0x40085320 <uart_puts>
4008e3d4: 528011c0     	mov	w0, #0x8e               // =142
4008e3d8: 97ffdbee     	bl	0x40085390 <print_int>
4008e3dc: 90000020     	adrp	x0, 0x40092000 <UART0_FR+0x14d8>
4008e3e0: 91214400     	add	x0, x0, #0x851
4008e3e4: 97ffdbcf     	bl	0x40085320 <uart_puts>
4008e3e8: b94267e0     	ldr	w0, [sp, #0x264]
4008e3ec: 97ffdbe9     	bl	0x40085390 <print_int>
4008e3f0: 90000020     	adrp	x0, 0x40092000 <UART0_FR+0x14d8>
4008e3f4: 91217000     	add	x0, x0, #0x85c
4008e3f8: 97ffdbca     	bl	0x40085320 <uart_puts>
4008e3fc: b94263e0     	ldr	w0, [sp, #0x260]
4008e400: 97ffdbe4     	bl	0x40085390 <print_int>
4008e404: f0000000     	adrp	x0, 0x40091000 <UART0_FR+0x4d8>
4008e408: 913b0800     	add	x0, x0, #0xec2
4008e40c: 97ffdbc5     	bl	0x40085320 <uart_puts>
4008e410: 90000ca9     	adrp	x9, 0x40222000 <syscall_tasks+0x7f8>
4008e414: b9400d28     	ldr	w8, [x9, #0xc]
4008e418: 11000508     	add	w8, w8, #0x1
4008e41c: b9000d28     	str	w8, [x9, #0xc]
4008e420: 1400004d     	b	0x4008e554 <test_trap_sys_pipe+0x2c4>
4008e424: 14000001     	b	0x4008e428 <test_trap_sys_pipe+0x198>
4008e428: 14000001     	b	0x4008e42c <test_trap_sys_pipe+0x19c>
4008e42c: f85f83a8     	ldur	x8, [x29, #-0x8]
4008e430: b9400508     	ldr	w8, [x8, #0x4]
4008e434: 2a2803e8     	mvn	w8, w8
4008e438: 531f7d08     	lsr	w8, w8, #31
4008e43c: b9025fe8     	str	w8, [sp, #0x25c]
4008e440: 52800028     	mov	w8, #0x1                // =1
4008e444: b9025be8     	str	w8, [sp, #0x258]
4008e448: b9425fe8     	ldr	w8, [sp, #0x25c]
4008e44c: b9425be9     	ldr	w9, [sp, #0x258]
4008e450: 6b090108     	subs	w8, w8, w9
4008e454: 54000320     	b.eq	0x4008e4b8 <test_trap_sys_pipe+0x228>
4008e458: 14000001     	b	0x4008e45c <test_trap_sys_pipe+0x1cc>
4008e45c: 90000020     	adrp	x0, 0x40092000 <UART0_FR+0x14d8>
4008e460: 911e1c00     	add	x0, x0, #0x787
4008e464: 97ffdbaf     	bl	0x40085320 <uart_puts>
4008e468: 528011e0     	mov	w0, #0x8f               // =143
4008e46c: 97ffdbc9     	bl	0x40085390 <print_int>
4008e470: 90000020     	adrp	x0, 0x40092000 <UART0_FR+0x14d8>
4008e474: 91214400     	add	x0, x0, #0x851
4008e478: 97ffdbaa     	bl	0x40085320 <uart_puts>
4008e47c: b9425fe0     	ldr	w0, [sp, #0x25c]
4008e480: 97ffdbc4     	bl	0x40085390 <print_int>
4008e484: 90000020     	adrp	x0, 0x40092000 <UART0_FR+0x14d8>
4008e488: 91217000     	add	x0, x0, #0x85c
4008e48c: 97ffdba5     	bl	0x40085320 <uart_puts>
4008e490: b9425be0     	ldr	w0, [sp, #0x258]
4008e494: 97ffdbbf     	bl	0x40085390 <print_int>
4008e498: f0000000     	adrp	x0, 0x40091000 <UART0_FR+0x4d8>
4008e49c: 913b0800     	add	x0, x0, #0xec2
4008e4a0: 97ffdba0     	bl	0x40085320 <uart_puts>
4008e4a4: 90000ca9     	adrp	x9, 0x40222000 <syscall_tasks+0x7f8>
4008e4a8: b9400d28     	ldr	w8, [x9, #0xc]
4008e4ac: 11000508     	add	w8, w8, #0x1
4008e4b0: b9000d28     	str	w8, [x9, #0xc]
4008e4b4: 14000028     	b	0x4008e554 <test_trap_sys_pipe+0x2c4>
4008e4b8: 14000001     	b	0x4008e4bc <test_trap_sys_pipe+0x22c>
4008e4bc: 52802108     	mov	w8, #0x108              // =264
4008e4c0: 2a0803e2     	mov	w2, w8
4008e4c4: f9000be2     	str	x2, [sp, #0x10]
4008e4c8: 910543e0     	add	x0, sp, #0x150
4008e4cc: f90007e0     	str	x0, [sp, #0x8]
4008e4d0: 2a1f03e1     	mov	w1, wzr
4008e4d4: b90027e1     	str	w1, [sp, #0x24]
4008e4d8: 97fffdbe     	bl	0x4008dbd0 <memset>
4008e4dc: b94027e1     	ldr	w1, [sp, #0x24]
4008e4e0: 528000a8     	mov	w8, #0x5                // =5
4008e4e4: f9000fe8     	str	x8, [sp, #0x18]
4008e4e8: f900cbe8     	str	x8, [sp, #0x190]
4008e4ec: f85f83a8     	ldur	x8, [x29, #-0x8]
4008e4f0: b9800108     	ldrsw	x8, [x8]
4008e4f4: f900abe8     	str	x8, [sp, #0x150]
4008e4f8: 528002a8     	mov	w8, #0x15               // =21
4008e4fc: 2a0803e0     	mov	w0, w8
4008e500: f90017e0     	str	x0, [sp, #0x28]
4008e504: 94000083     	bl	0x4008e710 <set_esr>
4008e508: f94007e0     	ldr	x0, [sp, #0x8]
4008e50c: 97fffad5     	bl	0x4008d060 <sync_lower_handler_c>
4008e510: f9400be2     	ldr	x2, [sp, #0x10]
4008e514: b94027e1     	ldr	w1, [sp, #0x24]
4008e518: 910123e0     	add	x0, sp, #0x48
4008e51c: f9001be0     	str	x0, [sp, #0x30]
4008e520: 97fffdac     	bl	0x4008dbd0 <memset>
4008e524: f9400fe8     	ldr	x8, [sp, #0x18]
4008e528: b94027e1     	ldr	w1, [sp, #0x24]
4008e52c: f94017e0     	ldr	x0, [sp, #0x28]
4008e530: f90047e8     	str	x8, [sp, #0x88]
4008e534: f85f83a8     	ldur	x8, [x29, #-0x8]
4008e538: b9800508     	ldrsw	x8, [x8, #0x4]
4008e53c: f90027e8     	str	x8, [sp, #0x48]
4008e540: 94000074     	bl	0x4008e710 <set_esr>
4008e544: f9401be0     	ldr	x0, [sp, #0x30]
4008e548: 97fffac6     	bl	0x4008d060 <sync_lower_handler_c>
4008e54c: 94000095     	bl	0x4008e7a0 <teardown_mock_process>
4008e550: 14000001     	b	0x4008e554 <test_trap_sys_pipe+0x2c4>
4008e554: 910e03ff     	add	sp, sp, #0x380
4008e558: f9400bfc     	ldr	x28, [sp, #0x10]
4008e55c: a8c27bfd     	ldp	x29, x30, [sp], #0x20
4008e560: d65f03c0     	ret
4008e564: d503201f     	nop
4008e568: d503201f     	nop
4008e56c: d503201f     	nop

000000004008e570 <test_trap_data_abort>:
4008e570: d10503ff     	sub	sp, sp, #0x140
4008e574: a9127bfd     	stp	x29, x30, [sp, #0x120]
4008e578: f9009bfc     	str	x28, [sp, #0x130]
4008e57c: 910483fd     	add	x29, sp, #0x120
4008e580: 90000ca9     	adrp	x9, 0x40222000 <syscall_tasks+0x7f8>
4008e584: b9400928     	ldr	w8, [x9, #0x8]
4008e588: 11000508     	add	w8, w8, #0x1
4008e58c: b9000928     	str	w8, [x9, #0x8]
4008e590: f0000000     	adrp	x0, 0x40091000 <UART0_FR+0x4d8>
4008e594: 912f0000     	add	x0, x0, #0xbc0
4008e598: 97ffdb62     	bl	0x40085320 <uart_puts>
4008e59c: 52802108     	mov	w8, #0x108              // =264
4008e5a0: 2a0803e2     	mov	w2, w8
4008e5a4: 910063e0     	add	x0, sp, #0x18
4008e5a8: 2a1f03e1     	mov	w1, wzr
4008e5ac: b90007e1     	str	w1, [sp, #0x4]
4008e5b0: 97fffd88     	bl	0x4008dbd0 <memset>
4008e5b4: b94007e1     	ldr	w1, [sp, #0x4]
4008e5b8: 52820008     	mov	w8, #0x1000             // =4096
4008e5bc: 72a88008     	movk	w8, #0x4400, lsl #16
4008e5c0: f9008be8     	str	x8, [sp, #0x110]
4008e5c4: 52800488     	mov	w8, #0x24               // =36
4008e5c8: 2a0803e0     	mov	w0, w8
4008e5cc: 94000051     	bl	0x4008e710 <set_esr>
4008e5d0: f0000c80     	adrp	x0, 0x40221000 <proc_table+0x3418>
4008e5d4: 911de000     	add	x0, x0, #0x778
4008e5d8: 97ffcbd6     	bl	0x40081530 <setjmp>
4008e5dc: 350004e0     	cbnz	w0, 0x4008e678 <test_trap_data_abort+0x108>
4008e5e0: 14000001     	b	0x4008e5e4 <test_trap_data_abort+0x74>
4008e5e4: 910063e0     	add	x0, sp, #0x18
4008e5e8: 97fffa9e     	bl	0x4008d060 <sync_lower_handler_c>
4008e5ec: 14000001     	b	0x4008e5f0 <test_trap_data_abort+0x80>
4008e5f0: 52800028     	mov	w8, #0x1                // =1
4008e5f4: b90017e8     	str	w8, [sp, #0x14]
4008e5f8: 2a1f03e8     	mov	w8, wzr
4008e5fc: b90013e8     	str	w8, [sp, #0x10]
4008e600: b94017e8     	ldr	w8, [sp, #0x14]
4008e604: b94013e9     	ldr	w9, [sp, #0x10]
4008e608: 6b090108     	subs	w8, w8, w9
4008e60c: 54000320     	b.eq	0x4008e670 <test_trap_data_abort+0x100>
4008e610: 14000001     	b	0x4008e614 <test_trap_data_abort+0xa4>
4008e614: f0000000     	adrp	x0, 0x40091000 <UART0_FR+0x4d8>
4008e618: 912a2400     	add	x0, x0, #0xa89
4008e61c: 97ffdb41     	bl	0x40085320 <uart_puts>
4008e620: 528014e0     	mov	w0, #0xa7               // =167
4008e624: 97ffdb5b     	bl	0x40085390 <print_int>
4008e628: 90000020     	adrp	x0, 0x40092000 <UART0_FR+0x14d8>
4008e62c: 91214400     	add	x0, x0, #0x851
4008e630: 97ffdb3c     	bl	0x40085320 <uart_puts>
4008e634: b94017e0     	ldr	w0, [sp, #0x14]
4008e638: 97ffdb56     	bl	0x40085390 <print_int>
4008e63c: 90000020     	adrp	x0, 0x40092000 <UART0_FR+0x14d8>
4008e640: 91217000     	add	x0, x0, #0x85c
4008e644: 97ffdb37     	bl	0x40085320 <uart_puts>
4008e648: b94013e0     	ldr	w0, [sp, #0x10]
4008e64c: 97ffdb51     	bl	0x40085390 <print_int>
4008e650: f0000000     	adrp	x0, 0x40091000 <UART0_FR+0x4d8>
4008e654: 913b0800     	add	x0, x0, #0xec2
4008e658: 97ffdb32     	bl	0x40085320 <uart_puts>
4008e65c: 90000ca9     	adrp	x9, 0x40222000 <syscall_tasks+0x7f8>
4008e660: b9400d28     	ldr	w8, [x9, #0xc]
4008e664: 11000508     	add	w8, w8, #0x1
4008e668: b9000d28     	str	w8, [x9, #0xc]
4008e66c: 14000025     	b	0x4008e700 <test_trap_data_abort+0x190>
4008e670: 14000001     	b	0x4008e674 <test_trap_data_abort+0x104>
4008e674: 14000023     	b	0x4008e700 <test_trap_data_abort+0x190>
4008e678: 14000001     	b	0x4008e67c <test_trap_data_abort+0x10c>
4008e67c: 52800028     	mov	w8, #0x1                // =1
4008e680: b9000fe8     	str	w8, [sp, #0xc]
4008e684: b9000be8     	str	w8, [sp, #0x8]
4008e688: b9400fe8     	ldr	w8, [sp, #0xc]
4008e68c: b9400be9     	ldr	w9, [sp, #0x8]
4008e690: 6b090108     	subs	w8, w8, w9
4008e694: 54000320     	b.eq	0x4008e6f8 <test_trap_data_abort+0x188>
4008e698: 14000001     	b	0x4008e69c <test_trap_data_abort+0x12c>
4008e69c: f0000000     	adrp	x0, 0x40091000 <UART0_FR+0x4d8>
4008e6a0: 91228400     	add	x0, x0, #0x8a1
4008e6a4: 97ffdb1f     	bl	0x40085320 <uart_puts>
4008e6a8: 52801520     	mov	w0, #0xa9               // =169
4008e6ac: 97ffdb39     	bl	0x40085390 <print_int>
4008e6b0: 90000020     	adrp	x0, 0x40092000 <UART0_FR+0x14d8>
4008e6b4: 91214400     	add	x0, x0, #0x851
4008e6b8: 97ffdb1a     	bl	0x40085320 <uart_puts>
4008e6bc: b9400fe0     	ldr	w0, [sp, #0xc]
4008e6c0: 97ffdb34     	bl	0x40085390 <print_int>
4008e6c4: 90000020     	adrp	x0, 0x40092000 <UART0_FR+0x14d8>
4008e6c8: 91217000     	add	x0, x0, #0x85c
4008e6cc: 97ffdb15     	bl	0x40085320 <uart_puts>
4008e6d0: b9400be0     	ldr	w0, [sp, #0x8]
4008e6d4: 97ffdb2f     	bl	0x40085390 <print_int>
4008e6d8: f0000000     	adrp	x0, 0x40091000 <UART0_FR+0x4d8>
4008e6dc: 913b0800     	add	x0, x0, #0xec2
4008e6e0: 97ffdb10     	bl	0x40085320 <uart_puts>
4008e6e4: 90000ca9     	adrp	x9, 0x40222000 <syscall_tasks+0x7f8>
4008e6e8: b9400d28     	ldr	w8, [x9, #0xc]
4008e6ec: 11000508     	add	w8, w8, #0x1
4008e6f0: b9000d28     	str	w8, [x9, #0xc]
4008e6f4: 14000003     	b	0x4008e700 <test_trap_data_abort+0x190>
4008e6f8: 14000001     	b	0x4008e6fc <test_trap_data_abort+0x18c>
4008e6fc: 14000001     	b	0x4008e700 <test_trap_data_abort+0x190>
4008e700: f9409bfc     	ldr	x28, [sp, #0x130]
4008e704: a9527bfd     	ldp	x29, x30, [sp, #0x120]
4008e708: 910503ff     	add	sp, sp, #0x140
4008e70c: d65f03c0     	ret

000000004008e710 <set_esr>:
4008e710: d10083ff     	sub	sp, sp, #0x20
4008e714: f9000fe0     	str	x0, [sp, #0x18]
4008e718: b90017e1     	str	w1, [sp, #0x14]
4008e71c: f9400fe9     	ldr	x9, [sp, #0x18]
4008e720: b94017e8     	ldr	w8, [sp, #0x14]
4008e724: aa096908     	orr	x8, x8, x9, lsl #26
4008e728: f90007e8     	str	x8, [sp, #0x8]
4008e72c: f94007e8     	ldr	x8, [sp, #0x8]
4008e730: d5185208     	msr	ESR_EL1, x8
4008e734: 910083ff     	add	sp, sp, #0x20
4008e738: d65f03c0     	ret
4008e73c: d503201f     	nop

000000004008e740 <setup_mock_process>:
4008e740: d10083ff     	sub	sp, sp, #0x20
4008e744: a9017bfd     	stp	x29, x30, [sp, #0x10]
4008e748: 910043fd     	add	x29, sp, #0x10
4008e74c: 97ffee61     	bl	0x4008a0d0 <process_init>
4008e750: 97ffef44     	bl	0x4008a460 <process_create>
4008e754: b81fc3a0     	stur	w0, [x29, #-0x4]
4008e758: b85fc3a0     	ldur	w0, [x29, #-0x4]
4008e75c: 97fff3a1     	bl	0x4008b5e0 <process_get_pcb>
4008e760: 52800028     	mov	w8, #0x1                // =1
4008e764: b9000c08     	str	w8, [x0, #0xc]
4008e768: b85fc3a8     	ldur	w8, [x29, #-0x4]
4008e76c: b9000be8     	str	w8, [sp, #0x8]
4008e770: 97fff7c4     	bl	0x4008c680 <get_cpuid>
4008e774: b9400be8     	ldr	w8, [sp, #0x8]
4008e778: f0000c89     	adrp	x9, 0x40221000 <proc_table+0x3418>
4008e77c: 911ba129     	add	x9, x9, #0x6e8
4008e780: b8205928     	str	w8, [x9, w0, uxtw #2]
4008e784: b85fc3a0     	ldur	w0, [x29, #-0x4]
4008e788: a9417bfd     	ldp	x29, x30, [sp, #0x10]
4008e78c: 910083ff     	add	sp, sp, #0x20
4008e790: d65f03c0     	ret
4008e794: d503201f     	nop
4008e798: d503201f     	nop
4008e79c: d503201f     	nop

000000004008e7a0 <teardown_mock_process>:
4008e7a0: a9bf7bfd     	stp	x29, x30, [sp, #-0x10]!
4008e7a4: 910003fd     	mov	x29, sp
4008e7a8: 97fff7b6     	bl	0x4008c680 <get_cpuid>
4008e7ac: f0000c89     	adrp	x9, 0x40221000 <proc_table+0x3418>
4008e7b0: 911ba129     	add	x9, x9, #0x6e8
4008e7b4: 12800008     	mov	w8, #-0x1               // =-1
4008e7b8: b8205928     	str	w8, [x9, w0, uxtw #2]
4008e7bc: a8c17bfd     	ldp	x29, x30, [sp], #0x10
4008e7c0: d65f03c0     	ret
		...

000000004008e7d0 <run_all_unit_tests>:
4008e7d0: d100c3ff     	sub	sp, sp, #0x30
4008e7d4: a9027bfd     	stp	x29, x30, [sp, #0x20]
4008e7d8: 910083fd     	add	x29, sp, #0x20
4008e7dc: d503201f     	nop
4008e7e0: 70011da0     	adr	x0, 0x40090b97 <UART0_FR+0x6f>
4008e7e4: 97ffdacf     	bl	0x40085320 <uart_puts>
4008e7e8: 90000020     	adrp	x0, 0x40092000 <UART0_FR+0x14d8>
4008e7ec: 91289c00     	add	x0, x0, #0xa27
4008e7f0: 97ffdacc     	bl	0x40085320 <uart_puts>
4008e7f4: 90000020     	adrp	x0, 0x40092000 <UART0_FR+0x14d8>
4008e7f8: 91206800     	add	x0, x0, #0x81a
4008e7fc: f90007e0     	str	x0, [sp, #0x8]
4008e800: 97ffdac8     	bl	0x40085320 <uart_puts>
4008e804: 97ffd2df     	bl	0x40083380 <fat16_test_suite>
4008e808: 97ffd9de     	bl	0x40084f80 <locks_test_suite>
4008e80c: 97ffea2d     	bl	0x400890c0 <pipe_test_suite>
4008e810: 97ffd7b4     	bl	0x400846e0 <fs_test_suite>
4008e814: 97ffdd47     	bl	0x40085d30 <mmu_test_suite>
4008e818: 97fff3e6     	bl	0x4008b7b0 <process_test_suite>
4008e81c: 97fff6c5     	bl	0x4008c330 <program_loader_test_suite>
4008e820: 97fffd04     	bl	0x4008dc30 <trap_test_suite>
4008e824: 940001df     	bl	0x4008efa0 <virtio_blk_test_suite>
4008e828: 94000412     	bl	0x4008f870 <virtio_gpu_test_suite>
4008e82c: 940005fd     	bl	0x40090020 <virtio_input_test_suite>
4008e830: 940008b4     	bl	0x40090b00 <virtio_net_test_suite>
4008e834: 97ffe78f     	bl	0x40088670 <net_test_suite>
4008e838: 97fff87e     	bl	0x4008ca30 <timer_test_suite>
4008e83c: 97fff80d     	bl	0x4008c870 <smp_test_suite>
4008e840: f94007e0     	ldr	x0, [sp, #0x8]
4008e844: 97ffdab7     	bl	0x40085320 <uart_puts>
4008e848: f0000000     	adrp	x0, 0x40091000 <UART0_FR+0x4d8>
4008e84c: 9118dc00     	add	x0, x0, #0x637
4008e850: 97ffdab4     	bl	0x40085320 <uart_puts>
4008e854: 90000ca8     	adrp	x8, 0x40222000 <syscall_tasks+0x7f8>
4008e858: b9400900     	ldr	w0, [x8, #0x8]
4008e85c: 97ffdacd     	bl	0x40085390 <print_int>
4008e860: f0000000     	adrp	x0, 0x40091000 <UART0_FR+0x4d8>
4008e864: 913b0800     	add	x0, x0, #0xec2
4008e868: f9000be0     	str	x0, [sp, #0x10]
4008e86c: 97ffdaad     	bl	0x40085320 <uart_puts>
4008e870: d0000000     	adrp	x0, 0x40090000 <virtio_input_init+0x360>
4008e874: 91396800     	add	x0, x0, #0xe5a
4008e878: 97ffdaaa     	bl	0x40085320 <uart_puts>
4008e87c: 90000ca8     	adrp	x8, 0x40222000 <syscall_tasks+0x7f8>
4008e880: f81f83a8     	stur	x8, [x29, #-0x8]
4008e884: b9400d00     	ldr	w0, [x8, #0xc]
4008e888: 97ffdac2     	bl	0x40085390 <print_int>
4008e88c: f9400be0     	ldr	x0, [sp, #0x10]
4008e890: 97ffdaa4     	bl	0x40085320 <uart_puts>
4008e894: f85f83a8     	ldur	x8, [x29, #-0x8]
4008e898: b9400d08     	ldr	w8, [x8, #0xc]
4008e89c: 350000c8     	cbnz	w8, 0x4008e8b4 <run_all_unit_tests+0xe4>
4008e8a0: 14000001     	b	0x4008e8a4 <run_all_unit_tests+0xd4>
4008e8a4: f0000000     	adrp	x0, 0x40091000 <UART0_FR+0x4d8>
4008e8a8: 910dd000     	add	x0, x0, #0x374
4008e8ac: 97ffda9d     	bl	0x40085320 <uart_puts>
4008e8b0: 14000005     	b	0x4008e8c4 <run_all_unit_tests+0xf4>
4008e8b4: 90000020     	adrp	x0, 0x40092000 <UART0_FR+0x14d8>
4008e8b8: 9120f800     	add	x0, x0, #0x83e
4008e8bc: 97ffda99     	bl	0x40085320 <uart_puts>
4008e8c0: 14000001     	b	0x4008e8c4 <run_all_unit_tests+0xf4>
4008e8c4: 90000020     	adrp	x0, 0x40092000 <UART0_FR+0x14d8>
4008e8c8: 91206800     	add	x0, x0, #0x81a
4008e8cc: 97ffda95     	bl	0x40085320 <uart_puts>
4008e8d0: 97ffc5dc     	bl	0x40080040 <halt>
4008e8d4: a9427bfd     	ldp	x29, x30, [sp, #0x20]
4008e8d8: 9100c3ff     	add	sp, sp, #0x30
4008e8dc: d65f03c0     	ret

000000004008e8e0 <virtio_blk_handle_irq>:
4008e8e0: d10083ff     	sub	sp, sp, #0x20
4008e8e4: a9017bfd     	stp	x29, x30, [sp, #0x10]
4008e8e8: 910043fd     	add	x29, sp, #0x10
4008e8ec: b0000ca0     	adrp	x0, 0x40223000 <blk_lock>
4008e8f0: 91000000     	add	x0, x0, #0x0
4008e8f4: 97ffd987     	bl	0x40084f10 <spinlock_acquire_irqsave>
4008e8f8: f90007e0     	str	x0, [sp, #0x8]
4008e8fc: b0000ca8     	adrp	x8, 0x40223000 <blk_lock>
4008e900: f9400508     	ldr	x8, [x8, #0x8]
4008e904: b50000e8     	cbnz	x8, 0x4008e920 <virtio_blk_handle_irq+0x40>
4008e908: 14000001     	b	0x4008e90c <virtio_blk_handle_irq+0x2c>
4008e90c: f94007e1     	ldr	x1, [sp, #0x8]
4008e910: b0000ca0     	adrp	x0, 0x40223000 <blk_lock>
4008e914: 91000000     	add	x0, x0, #0x0
4008e918: 97ffd98e     	bl	0x40084f50 <spinlock_release_irqrestore>
4008e91c: 14000010     	b	0x4008e95c <virtio_blk_handle_irq+0x7c>
4008e920: 52800c00     	mov	w0, #0x60               // =96
4008e924: 94000013     	bl	0x4008e970 <reg_read32>
4008e928: b90007e0     	str	w0, [sp, #0x4]
4008e92c: b94007e8     	ldr	w8, [sp, #0x4]
4008e930: 340000c8     	cbz	w8, 0x4008e948 <virtio_blk_handle_irq+0x68>
4008e934: 14000001     	b	0x4008e938 <virtio_blk_handle_irq+0x58>
4008e938: b94007e1     	ldr	w1, [sp, #0x4]
4008e93c: 52800c80     	mov	w0, #0x64               // =100
4008e940: 94000014     	bl	0x4008e990 <reg_write32>
4008e944: 14000001     	b	0x4008e948 <virtio_blk_handle_irq+0x68>
4008e948: f94007e1     	ldr	x1, [sp, #0x8]
4008e94c: b0000ca0     	adrp	x0, 0x40223000 <blk_lock>
4008e950: 91000000     	add	x0, x0, #0x0
4008e954: 97ffd97f     	bl	0x40084f50 <spinlock_release_irqrestore>
4008e958: 14000001     	b	0x4008e95c <virtio_blk_handle_irq+0x7c>
4008e95c: a9417bfd     	ldp	x29, x30, [sp, #0x10]
4008e960: 910083ff     	add	sp, sp, #0x20
4008e964: d65f03c0     	ret
4008e968: d503201f     	nop
4008e96c: d503201f     	nop

000000004008e970 <reg_read32>:
4008e970: d10043ff     	sub	sp, sp, #0x10
4008e974: b9000fe0     	str	w0, [sp, #0xc]
4008e978: b0000ca8     	adrp	x8, 0x40223000 <blk_lock>
4008e97c: f9400508     	ldr	x8, [x8, #0x8]
4008e980: b9400fe9     	ldr	w9, [sp, #0xc]
4008e984: b8696900     	ldr	w0, [x8, x9]
4008e988: 910043ff     	add	sp, sp, #0x10
4008e98c: d65f03c0     	ret

000000004008e990 <reg_write32>:
4008e990: d10043ff     	sub	sp, sp, #0x10
4008e994: b9000fe0     	str	w0, [sp, #0xc]
4008e998: b9000be1     	str	w1, [sp, #0x8]
4008e99c: b9400be8     	ldr	w8, [sp, #0x8]
4008e9a0: b0000ca9     	adrp	x9, 0x40223000 <blk_lock>
4008e9a4: f9400529     	ldr	x9, [x9, #0x8]
4008e9a8: b9400fea     	ldr	w10, [sp, #0xc]
4008e9ac: b82a6928     	str	w8, [x9, x10]
4008e9b0: 910043ff     	add	sp, sp, #0x10
4008e9b4: d65f03c0     	ret
4008e9b8: d503201f     	nop
4008e9bc: d503201f     	nop

000000004008e9c0 <virtio_blk_init>:
4008e9c0: d10143ff     	sub	sp, sp, #0x50
4008e9c4: a9047bfd     	stp	x29, x30, [sp, #0x40]
4008e9c8: 910103fd     	add	x29, sp, #0x40
4008e9cc: b0000ca0     	adrp	x0, 0x40223000 <blk_lock>
4008e9d0: 91000000     	add	x0, x0, #0x0
4008e9d4: 97ffd933     	bl	0x40084ea0 <spinlock_init>
4008e9d8: b0000ca0     	adrp	x0, 0x40223000 <blk_lock>
4008e9dc: 91004000     	add	x0, x0, #0x10
4008e9e0: 97ffd930     	bl	0x40084ea0 <spinlock_init>
4008e9e4: 2a1f03e8     	mov	w8, wzr
4008e9e8: b81f83a8     	stur	w8, [x29, #-0x8]
4008e9ec: 14000001     	b	0x4008e9f0 <virtio_blk_init+0x30>
4008e9f0: b85f83a8     	ldur	w8, [x29, #-0x8]
4008e9f4: 71007d08     	subs	w8, w8, #0x1f
4008e9f8: 5400048c     	b.gt	0x4008ea88 <virtio_blk_init+0xc8>
4008e9fc: 14000001     	b	0x4008ea00 <virtio_blk_init+0x40>
4008ea00: b85f83a8     	ldur	w8, [x29, #-0x8]
4008ea04: 53175909     	lsl	w9, w8, #9
4008ea08: 52a14008     	mov	w8, #0xa000000          // =167772160
4008ea0c: 8b29c108     	add	x8, x8, w9, sxtw
4008ea10: f81f03a8     	stur	x8, [x29, #-0x10]
4008ea14: f85f03a8     	ldur	x8, [x29, #-0x10]
4008ea18: b9400108     	ldr	w8, [x8]
4008ea1c: b81ec3a8     	stur	w8, [x29, #-0x14]
4008ea20: f85f03a8     	ldur	x8, [x29, #-0x10]
4008ea24: b9400908     	ldr	w8, [x8, #0x8]
4008ea28: b81e83a8     	stur	w8, [x29, #-0x18]
4008ea2c: b85ec3a8     	ldur	w8, [x29, #-0x14]
4008ea30: 528d2ec9     	mov	w9, #0x6976             // =26998
4008ea34: 72ae8e49     	movk	w9, #0x7472, lsl #16
4008ea38: 6b090108     	subs	w8, w8, w9
4008ea3c: 540001c1     	b.ne	0x4008ea74 <virtio_blk_init+0xb4>
4008ea40: 14000001     	b	0x4008ea44 <virtio_blk_init+0x84>
4008ea44: b85e83a8     	ldur	w8, [x29, #-0x18]
4008ea48: 71000908     	subs	w8, w8, #0x2
4008ea4c: 54000141     	b.ne	0x4008ea74 <virtio_blk_init+0xb4>
4008ea50: 14000001     	b	0x4008ea54 <virtio_blk_init+0x94>
4008ea54: f85f03a8     	ldur	x8, [x29, #-0x10]
4008ea58: b0000ca9     	adrp	x9, 0x40223000 <blk_lock>
4008ea5c: f9000528     	str	x8, [x9, #0x8]
4008ea60: b85f83a8     	ldur	w8, [x29, #-0x8]
4008ea64: 1100c108     	add	w8, w8, #0x30
4008ea68: 90000029     	adrp	x9, 0x40092000 <UART0_FR+0x14d8>
4008ea6c: b90b7928     	str	w8, [x9, #0xb78]
4008ea70: 14000006     	b	0x4008ea88 <virtio_blk_init+0xc8>
4008ea74: 14000001     	b	0x4008ea78 <virtio_blk_init+0xb8>
4008ea78: b85f83a8     	ldur	w8, [x29, #-0x8]
4008ea7c: 11000508     	add	w8, w8, #0x1
4008ea80: b81f83a8     	stur	w8, [x29, #-0x8]
4008ea84: 17ffffdb     	b	0x4008e9f0 <virtio_blk_init+0x30>
4008ea88: b0000ca8     	adrp	x8, 0x40223000 <blk_lock>
4008ea8c: f9400508     	ldr	x8, [x8, #0x8]
4008ea90: b50000a8     	cbnz	x8, 0x4008eaa4 <virtio_blk_init+0xe4>
4008ea94: 14000001     	b	0x4008ea98 <virtio_blk_init+0xd8>
4008ea98: 12800008     	mov	w8, #-0x1               // =-1
4008ea9c: b81fc3a8     	stur	w8, [x29, #-0x4]
4008eaa0: 14000057     	b	0x4008ebfc <virtio_blk_init+0x23c>
4008eaa4: 2a1f03e8     	mov	w8, wzr
4008eaa8: b90017e8     	str	w8, [sp, #0x14]
4008eaac: b81e43a8     	stur	w8, [x29, #-0x1c]
4008eab0: b85e43a1     	ldur	w1, [x29, #-0x1c]
4008eab4: 52800e00     	mov	w0, #0x70               // =112
4008eab8: b9001be0     	str	w0, [sp, #0x18]
4008eabc: 97ffffb5     	bl	0x4008e990 <reg_write32>
4008eac0: b9401be0     	ldr	w0, [sp, #0x18]
4008eac4: b85e43a8     	ldur	w8, [x29, #-0x1c]
4008eac8: 32000108     	orr	w8, w8, #0x1
4008eacc: b81e43a8     	stur	w8, [x29, #-0x1c]
4008ead0: b85e43a1     	ldur	w1, [x29, #-0x1c]
4008ead4: 97ffffaf     	bl	0x4008e990 <reg_write32>
4008ead8: b9401be0     	ldr	w0, [sp, #0x18]
4008eadc: b85e43a8     	ldur	w8, [x29, #-0x1c]
4008eae0: 321f0108     	orr	w8, w8, #0x2
4008eae4: b81e43a8     	stur	w8, [x29, #-0x1c]
4008eae8: b85e43a1     	ldur	w1, [x29, #-0x1c]
4008eaec: 97ffffa9     	bl	0x4008e990 <reg_write32>
4008eaf0: 52800480     	mov	w0, #0x24               // =36
4008eaf4: b9000fe0     	str	w0, [sp, #0xc]
4008eaf8: 52800021     	mov	w1, #0x1                // =1
4008eafc: b9000be1     	str	w1, [sp, #0x8]
4008eb00: 97ffffa4     	bl	0x4008e990 <reg_write32>
4008eb04: b9400be1     	ldr	w1, [sp, #0x8]
4008eb08: 52800400     	mov	w0, #0x20               // =32
4008eb0c: b90013e0     	str	w0, [sp, #0x10]
4008eb10: 97ffffa0     	bl	0x4008e990 <reg_write32>
4008eb14: b9400fe0     	ldr	w0, [sp, #0xc]
4008eb18: b94017e1     	ldr	w1, [sp, #0x14]
4008eb1c: 97ffff9d     	bl	0x4008e990 <reg_write32>
4008eb20: b94013e0     	ldr	w0, [sp, #0x10]
4008eb24: b94017e1     	ldr	w1, [sp, #0x14]
4008eb28: 97ffff9a     	bl	0x4008e990 <reg_write32>
4008eb2c: b9401be0     	ldr	w0, [sp, #0x18]
4008eb30: b85e43a8     	ldur	w8, [x29, #-0x1c]
4008eb34: 321d0108     	orr	w8, w8, #0x8
4008eb38: b81e43a8     	stur	w8, [x29, #-0x1c]
4008eb3c: b85e43a1     	ldur	w1, [x29, #-0x1c]
4008eb40: 97ffff94     	bl	0x4008e990 <reg_write32>
4008eb44: b9401be0     	ldr	w0, [sp, #0x18]
4008eb48: 97ffff8a     	bl	0x4008e970 <reg_read32>
4008eb4c: 371800a0     	tbnz	w0, #0x3, 0x4008eb60 <virtio_blk_init+0x1a0>
4008eb50: 14000001     	b	0x4008eb54 <virtio_blk_init+0x194>
4008eb54: 12800008     	mov	w8, #-0x1               // =-1
4008eb58: b81fc3a8     	stur	w8, [x29, #-0x4]
4008eb5c: 14000028     	b	0x4008ebfc <virtio_blk_init+0x23c>
4008eb60: 52800500     	mov	w0, #0x28               // =40
4008eb64: 52820001     	mov	w1, #0x1000             // =4096
4008eb68: 97ffff8a     	bl	0x4008e990 <reg_write32>
4008eb6c: 52800600     	mov	w0, #0x30               // =48
4008eb70: 2a1f03e1     	mov	w1, wzr
4008eb74: 97ffff87     	bl	0x4008e990 <reg_write32>
4008eb78: 52800680     	mov	w0, #0x34               // =52
4008eb7c: 97ffff7d     	bl	0x4008e970 <reg_read32>
4008eb80: b90023e0     	str	w0, [sp, #0x20]
4008eb84: b94023e8     	ldr	w8, [sp, #0x20]
4008eb88: 350000a8     	cbnz	w8, 0x4008eb9c <virtio_blk_init+0x1dc>
4008eb8c: 14000001     	b	0x4008eb90 <virtio_blk_init+0x1d0>
4008eb90: 12800008     	mov	w8, #-0x1               // =-1
4008eb94: b81fc3a8     	stur	w8, [x29, #-0x4]
4008eb98: 14000019     	b	0x4008ebfc <virtio_blk_init+0x23c>
4008eb9c: 52800700     	mov	w0, #0x38               // =56
4008eba0: 52800101     	mov	w1, #0x8                // =8
4008eba4: 97ffff7b     	bl	0x4008e990 <reg_write32>
4008eba8: 52800780     	mov	w0, #0x3c               // =60
4008ebac: 52820001     	mov	w1, #0x1000             // =4096
4008ebb0: 97ffff78     	bl	0x4008e990 <reg_write32>
4008ebb4: d0000ca8     	adrp	x8, 0x40224000 <vq>
4008ebb8: 91000108     	add	x8, x8, #0x0
4008ebbc: d34cfd08     	lsr	x8, x8, #12
4008ebc0: b9001fe8     	str	w8, [sp, #0x1c]
4008ebc4: b9401fe1     	ldr	w1, [sp, #0x1c]
4008ebc8: 52800800     	mov	w0, #0x40               // =64
4008ebcc: 97ffff71     	bl	0x4008e990 <reg_write32>
4008ebd0: b85e43a8     	ldur	w8, [x29, #-0x1c]
4008ebd4: 321e0108     	orr	w8, w8, #0x4
4008ebd8: b81e43a8     	stur	w8, [x29, #-0x1c]
4008ebdc: b85e43a1     	ldur	w1, [x29, #-0x1c]
4008ebe0: 52800e00     	mov	w0, #0x70               // =112
4008ebe4: 97ffff6b     	bl	0x4008e990 <reg_write32>
4008ebe8: 90000cc9     	adrp	x9, 0x40226000 <ack_used_idx>
4008ebec: 2a1f03e8     	mov	w8, wzr
4008ebf0: 79000128     	strh	w8, [x9]
4008ebf4: b81fc3a8     	stur	w8, [x29, #-0x4]
4008ebf8: 14000001     	b	0x4008ebfc <virtio_blk_init+0x23c>
4008ebfc: b85fc3a0     	ldur	w0, [x29, #-0x4]
4008ec00: a9447bfd     	ldp	x29, x30, [sp, #0x40]
4008ec04: 910143ff     	add	sp, sp, #0x50
4008ec08: d65f03c0     	ret
4008ec0c: d503201f     	nop

000000004008ec10 <virtio_blk_read_sector>:
4008ec10: d10103ff     	sub	sp, sp, #0x40
4008ec14: a9037bfd     	stp	x29, x30, [sp, #0x30]
4008ec18: 9100c3fd     	add	x29, sp, #0x30
4008ec1c: f81f03a0     	stur	x0, [x29, #-0x10]
4008ec20: f9000fe1     	str	x1, [sp, #0x18]
4008ec24: b90017e2     	str	w2, [sp, #0x14]
4008ec28: b0000ca0     	adrp	x0, 0x40223000 <blk_lock>
4008ec2c: 91004000     	add	x0, x0, #0x10
4008ec30: 97ffd8b8     	bl	0x40084f10 <spinlock_acquire_irqsave>
4008ec34: f90007e0     	str	x0, [sp, #0x8]
4008ec38: 2a1f03e8     	mov	w8, wzr
4008ec3c: b90007e8     	str	w8, [sp, #0x4]
4008ec40: 14000001     	b	0x4008ec44 <virtio_blk_read_sector+0x34>
4008ec44: b94007e8     	ldr	w8, [sp, #0x4]
4008ec48: b94017e9     	ldr	w9, [sp, #0x14]
4008ec4c: 6b090108     	subs	w8, w8, w9
4008ec50: 54000362     	b.hs	0x4008ecbc <virtio_blk_read_sector+0xac>
4008ec54: 14000001     	b	0x4008ec58 <virtio_blk_read_sector+0x48>
4008ec58: f85f03a8     	ldur	x8, [x29, #-0x10]
4008ec5c: b94007e9     	ldr	w9, [sp, #0x4]
4008ec60: 2a0903ea     	mov	w10, w9
4008ec64: 2a0a03e9     	mov	w9, w10
4008ec68: 8b0a0100     	add	x0, x8, x10
4008ec6c: f9400fe8     	ldr	x8, [sp, #0x18]
4008ec70: 53175929     	lsl	w9, w9, #9
4008ec74: 2a0903e9     	mov	w9, w9
4008ec78: 8b090101     	add	x1, x8, x9
4008ec7c: 2a1f03e2     	mov	w2, wzr
4008ec80: 9400001c     	bl	0x4008ecf0 <virtio_blk_do_op>
4008ec84: 34000120     	cbz	w0, 0x4008eca8 <virtio_blk_read_sector+0x98>
4008ec88: 14000001     	b	0x4008ec8c <virtio_blk_read_sector+0x7c>
4008ec8c: f94007e1     	ldr	x1, [sp, #0x8]
4008ec90: b0000ca0     	adrp	x0, 0x40223000 <blk_lock>
4008ec94: 91004000     	add	x0, x0, #0x10
4008ec98: 97ffd8ae     	bl	0x40084f50 <spinlock_release_irqrestore>
4008ec9c: 12800008     	mov	w8, #-0x1               // =-1
4008eca0: b81fc3a8     	stur	w8, [x29, #-0x4]
4008eca4: 1400000d     	b	0x4008ecd8 <virtio_blk_read_sector+0xc8>
4008eca8: 14000001     	b	0x4008ecac <virtio_blk_read_sector+0x9c>
4008ecac: b94007e8     	ldr	w8, [sp, #0x4]
4008ecb0: 11000508     	add	w8, w8, #0x1
4008ecb4: b90007e8     	str	w8, [sp, #0x4]
4008ecb8: 17ffffe3     	b	0x4008ec44 <virtio_blk_read_sector+0x34>
4008ecbc: f94007e1     	ldr	x1, [sp, #0x8]
4008ecc0: b0000ca0     	adrp	x0, 0x40223000 <blk_lock>
4008ecc4: 91004000     	add	x0, x0, #0x10
4008ecc8: 97ffd8a2     	bl	0x40084f50 <spinlock_release_irqrestore>
4008eccc: 2a1f03e8     	mov	w8, wzr
4008ecd0: b81fc3a8     	stur	w8, [x29, #-0x4]
4008ecd4: 14000001     	b	0x4008ecd8 <virtio_blk_read_sector+0xc8>
4008ecd8: b85fc3a0     	ldur	w0, [x29, #-0x4]
4008ecdc: a9437bfd     	ldp	x29, x30, [sp, #0x30]
4008ece0: 910103ff     	add	sp, sp, #0x40
4008ece4: d65f03c0     	ret
4008ece8: d503201f     	nop
4008ecec: d503201f     	nop

000000004008ecf0 <virtio_blk_do_op>:
4008ecf0: d10143ff     	sub	sp, sp, #0x50
4008ecf4: a9047bfd     	stp	x29, x30, [sp, #0x40]
4008ecf8: 910103fd     	add	x29, sp, #0x40
4008ecfc: f81f03a0     	stur	x0, [x29, #-0x10]
4008ed00: f81e83a1     	stur	x1, [x29, #-0x18]
4008ed04: b81e43a2     	stur	w2, [x29, #-0x1c]
4008ed08: b0000ca0     	adrp	x0, 0x40223000 <blk_lock>
4008ed0c: 91000000     	add	x0, x0, #0x0
4008ed10: 97ffd880     	bl	0x40084f10 <spinlock_acquire_irqsave>
4008ed14: f9000fe0     	str	x0, [sp, #0x18]
4008ed18: b0000ca8     	adrp	x8, 0x40223000 <blk_lock>
4008ed1c: f9400508     	ldr	x8, [x8, #0x8]
4008ed20: b5000128     	cbnz	x8, 0x4008ed44 <virtio_blk_do_op+0x54>
4008ed24: 14000001     	b	0x4008ed28 <virtio_blk_do_op+0x38>
4008ed28: f9400fe1     	ldr	x1, [sp, #0x18]
4008ed2c: b0000ca0     	adrp	x0, 0x40223000 <blk_lock>
4008ed30: 91000000     	add	x0, x0, #0x0
4008ed34: 97ffd887     	bl	0x40084f50 <spinlock_release_irqrestore>
4008ed38: 12800008     	mov	w8, #-0x1               // =-1
4008ed3c: b81fc3a8     	stur	w8, [x29, #-0x4]
4008ed40: 14000059     	b	0x4008eea4 <virtio_blk_do_op+0x1b4>
4008ed44: b85e43a9     	ldur	w9, [x29, #-0x1c]
4008ed48: 90000cc8     	adrp	x8, 0x40226000 <ack_used_idx>
4008ed4c: 91002108     	add	x8, x8, #0x8
4008ed50: b9000109     	str	w9, [x8]
4008ed54: 2a1f03e1     	mov	w1, wzr
4008ed58: b9000501     	str	w1, [x8, #0x4]
4008ed5c: f85f03a9     	ldur	x9, [x29, #-0x10]
4008ed60: f9000509     	str	x9, [x8, #0x8]
4008ed64: d0000ca9     	adrp	x9, 0x40224000 <vq>
4008ed68: 91000129     	add	x9, x9, #0x0
4008ed6c: f90007e9     	str	x9, [sp, #0x8]
4008ed70: f9000128     	str	x8, [x9]
4008ed74: 52800208     	mov	w8, #0x10               // =16
4008ed78: b9000928     	str	w8, [x9, #0x8]
4008ed7c: 5280002a     	mov	w10, #0x1               // =1
4008ed80: 7900192a     	strh	w10, [x9, #0xc]
4008ed84: 79001d2a     	strh	w10, [x9, #0xe]
4008ed88: f85e83a8     	ldur	x8, [x29, #-0x18]
4008ed8c: f9000928     	str	x8, [x9, #0x10]
4008ed90: 52804008     	mov	w8, #0x200              // =512
4008ed94: b9001928     	str	w8, [x9, #0x18]
4008ed98: b85e43a8     	ldur	w8, [x29, #-0x1c]
4008ed9c: 71000108     	subs	w8, w8, #0x0
4008eda0: 52800068     	mov	w8, #0x3                // =3
4008eda4: 1a9f0508     	csinc	w8, w8, wzr, eq
4008eda8: 79003928     	strh	w8, [x9, #0x1c]
4008edac: 52800048     	mov	w8, #0x2                // =2
4008edb0: 79003d28     	strh	w8, [x9, #0x1e]
4008edb4: 90000ccb     	adrp	x11, 0x40226000 <ack_used_idx>
4008edb8: 9100616b     	add	x11, x11, #0x18
4008edbc: f900112b     	str	x11, [x9, #0x20]
4008edc0: b900292a     	str	w10, [x9, #0x28]
4008edc4: 79005928     	strh	w8, [x9, #0x2c]
4008edc8: 79005d21     	strh	w1, [x9, #0x2e]
4008edcc: 79410528     	ldrh	w8, [x9, #0x82]
4008edd0: 79002fe8     	strh	w8, [sp, #0x16]
4008edd4: 79402fe8     	ldrh	w8, [sp, #0x16]
4008edd8: 12000908     	and	w8, w8, #0x7
4008eddc: 8b284528     	add	x8, x9, w8, uxtw #1
4008ede0: 79010901     	strh	w1, [x8, #0x84]
4008ede4: d5033fbf     	dmb	sy
4008ede8: 79410528     	ldrh	w8, [x9, #0x82]
4008edec: 11000508     	add	w8, w8, #0x1
4008edf0: 79010528     	strh	w8, [x9, #0x82]
4008edf4: d5033fbf     	dmb	sy
4008edf8: 52800a00     	mov	w0, #0x50               // =80
4008edfc: 97fffee5     	bl	0x4008e990 <reg_write32>
4008ee00: 14000001     	b	0x4008ee04 <virtio_blk_do_op+0x114>
4008ee04: f0000ca8     	adrp	x8, 0x40225000 <vq+0x1000>
4008ee08: 79400508     	ldrh	w8, [x8, #0x2]
4008ee0c: 90000cc9     	adrp	x9, 0x40226000 <ack_used_idx>
4008ee10: 79400129     	ldrh	w9, [x9]
4008ee14: 6b090108     	subs	w8, w8, w9
4008ee18: 54000241     	b.ne	0x4008ee60 <virtio_blk_do_op+0x170>
4008ee1c: 14000001     	b	0x4008ee20 <virtio_blk_do_op+0x130>
4008ee20: f9400fe1     	ldr	x1, [sp, #0x18]
4008ee24: b0000ca0     	adrp	x0, 0x40223000 <blk_lock>
4008ee28: 91000000     	add	x0, x0, #0x0
4008ee2c: f90003e0     	str	x0, [sp]
4008ee30: 97ffd848     	bl	0x40084f50 <spinlock_release_irqrestore>
4008ee34: d503201f     	nop
4008ee38: 1000ec20     	adr	x0, 0x40090bbc <UART0_FR+0x94>
4008ee3c: 97ffd939     	bl	0x40085320 <uart_puts>
4008ee40: 97fff138     	bl	0x4008b320 <process_sleep>
4008ee44: 90000020     	adrp	x0, 0x40092000 <UART0_FR+0x14d8>
4008ee48: 91144400     	add	x0, x0, #0x511
4008ee4c: 97ffd935     	bl	0x40085320 <uart_puts>
4008ee50: f94003e0     	ldr	x0, [sp]
4008ee54: 97ffd82f     	bl	0x40084f10 <spinlock_acquire_irqsave>
4008ee58: f9000fe0     	str	x0, [sp, #0x18]
4008ee5c: 17ffffea     	b	0x4008ee04 <virtio_blk_do_op+0x114>
4008ee60: f0000ca8     	adrp	x8, 0x40225000 <vq+0x1000>
4008ee64: 79400508     	ldrh	w8, [x8, #0x2]
4008ee68: 90000cc9     	adrp	x9, 0x40226000 <ack_used_idx>
4008ee6c: 79000128     	strh	w8, [x9]
4008ee70: d5033fbf     	dmb	sy
4008ee74: 90000cc8     	adrp	x8, 0x40226000 <ack_used_idx>
4008ee78: 39406108     	ldrb	w8, [x8, #0x18]
4008ee7c: 71000108     	subs	w8, w8, #0x0
4008ee80: 5a9f03e8     	csetm	w8, ne
4008ee84: b90013e8     	str	w8, [sp, #0x10]
4008ee88: f9400fe1     	ldr	x1, [sp, #0x18]
4008ee8c: b0000ca0     	adrp	x0, 0x40223000 <blk_lock>
4008ee90: 91000000     	add	x0, x0, #0x0
4008ee94: 97ffd82f     	bl	0x40084f50 <spinlock_release_irqrestore>
4008ee98: b94013e8     	ldr	w8, [sp, #0x10]
4008ee9c: b81fc3a8     	stur	w8, [x29, #-0x4]
4008eea0: 14000001     	b	0x4008eea4 <virtio_blk_do_op+0x1b4>
4008eea4: b85fc3a0     	ldur	w0, [x29, #-0x4]
4008eea8: a9447bfd     	ldp	x29, x30, [sp, #0x40]
4008eeac: 910143ff     	add	sp, sp, #0x50
4008eeb0: d65f03c0     	ret
4008eeb4: d503201f     	nop
4008eeb8: d503201f     	nop
4008eebc: d503201f     	nop

000000004008eec0 <virtio_blk_write_sector>:
4008eec0: d10103ff     	sub	sp, sp, #0x40
4008eec4: a9037bfd     	stp	x29, x30, [sp, #0x30]
4008eec8: 9100c3fd     	add	x29, sp, #0x30
4008eecc: f81f03a0     	stur	x0, [x29, #-0x10]
4008eed0: f9000fe1     	str	x1, [sp, #0x18]
4008eed4: b90017e2     	str	w2, [sp, #0x14]
4008eed8: b0000ca0     	adrp	x0, 0x40223000 <blk_lock>
4008eedc: 91004000     	add	x0, x0, #0x10
4008eee0: 97ffd80c     	bl	0x40084f10 <spinlock_acquire_irqsave>
4008eee4: f90007e0     	str	x0, [sp, #0x8]
4008eee8: 2a1f03e8     	mov	w8, wzr
4008eeec: b90007e8     	str	w8, [sp, #0x4]
4008eef0: 14000001     	b	0x4008eef4 <virtio_blk_write_sector+0x34>
4008eef4: b94007e8     	ldr	w8, [sp, #0x4]
4008eef8: b94017e9     	ldr	w9, [sp, #0x14]
4008eefc: 6b090108     	subs	w8, w8, w9
4008ef00: 54000362     	b.hs	0x4008ef6c <virtio_blk_write_sector+0xac>
4008ef04: 14000001     	b	0x4008ef08 <virtio_blk_write_sector+0x48>
4008ef08: f85f03a8     	ldur	x8, [x29, #-0x10]
4008ef0c: b94007e9     	ldr	w9, [sp, #0x4]
4008ef10: 2a0903ea     	mov	w10, w9
4008ef14: 2a0a03e9     	mov	w9, w10
4008ef18: 8b0a0100     	add	x0, x8, x10
4008ef1c: f9400fe8     	ldr	x8, [sp, #0x18]
4008ef20: 53175929     	lsl	w9, w9, #9
4008ef24: 2a0903e9     	mov	w9, w9
4008ef28: 8b090101     	add	x1, x8, x9
4008ef2c: 52800022     	mov	w2, #0x1                // =1
4008ef30: 97ffff70     	bl	0x4008ecf0 <virtio_blk_do_op>
4008ef34: 34000120     	cbz	w0, 0x4008ef58 <virtio_blk_write_sector+0x98>
4008ef38: 14000001     	b	0x4008ef3c <virtio_blk_write_sector+0x7c>
4008ef3c: f94007e1     	ldr	x1, [sp, #0x8]
4008ef40: b0000ca0     	adrp	x0, 0x40223000 <blk_lock>
4008ef44: 91004000     	add	x0, x0, #0x10
4008ef48: 97ffd802     	bl	0x40084f50 <spinlock_release_irqrestore>
4008ef4c: 12800008     	mov	w8, #-0x1               // =-1
4008ef50: b81fc3a8     	stur	w8, [x29, #-0x4]
4008ef54: 1400000d     	b	0x4008ef88 <virtio_blk_write_sector+0xc8>
4008ef58: 14000001     	b	0x4008ef5c <virtio_blk_write_sector+0x9c>
4008ef5c: b94007e8     	ldr	w8, [sp, #0x4]
4008ef60: 11000508     	add	w8, w8, #0x1
4008ef64: b90007e8     	str	w8, [sp, #0x4]
4008ef68: 17ffffe3     	b	0x4008eef4 <virtio_blk_write_sector+0x34>
4008ef6c: f94007e1     	ldr	x1, [sp, #0x8]
4008ef70: b0000ca0     	adrp	x0, 0x40223000 <blk_lock>
4008ef74: 91004000     	add	x0, x0, #0x10
4008ef78: 97ffd7f6     	bl	0x40084f50 <spinlock_release_irqrestore>
4008ef7c: 2a1f03e8     	mov	w8, wzr
4008ef80: b81fc3a8     	stur	w8, [x29, #-0x4]
4008ef84: 14000001     	b	0x4008ef88 <virtio_blk_write_sector+0xc8>
4008ef88: b85fc3a0     	ldur	w0, [x29, #-0x4]
4008ef8c: a9437bfd     	ldp	x29, x30, [sp, #0x30]
4008ef90: 910103ff     	add	sp, sp, #0x40
4008ef94: d65f03c0     	ret
		...

000000004008efa0 <virtio_blk_test_suite>:
4008efa0: a9bf7bfd     	stp	x29, x30, [sp, #-0x10]!
4008efa4: 910003fd     	mov	x29, sp
4008efa8: d503201f     	nop
4008efac: 30011720     	adr	x0, 0x40091291 <UART0_FR+0x769>
4008efb0: 97ffd8dc     	bl	0x40085320 <uart_puts>
4008efb4: 94000003     	bl	0x4008efc0 <test_virtio_blk_read>
4008efb8: a8c17bfd     	ldp	x29, x30, [sp], #0x10
4008efbc: d65f03c0     	ret

000000004008efc0 <test_virtio_blk_read>:
4008efc0: a9be7bfd     	stp	x29, x30, [sp, #-0x20]!
4008efc4: f9000bfc     	str	x28, [sp, #0x10]
4008efc8: 910003fd     	mov	x29, sp
4008efcc: d10883ff     	sub	sp, sp, #0x220
4008efd0: 90000020     	adrp	x0, 0x40092000 <UART0_FR+0x14d8>
4008efd4: 91065000     	add	x0, x0, #0x194
4008efd8: 97ffd8d2     	bl	0x40085320 <uart_puts>
4008efdc: 90000ca9     	adrp	x9, 0x40222000 <syscall_tasks+0x7f8>
4008efe0: b9400928     	ldr	w8, [x9, #0x8]
4008efe4: 11000508     	add	w8, w8, #0x1
4008efe8: b9000928     	str	w8, [x9, #0x8]
4008efec: 52804008     	mov	w8, #0x200              // =512
4008eff0: 2a0803e2     	mov	w2, w8
4008eff4: 910083e0     	add	x0, sp, #0x20
4008eff8: f90007e0     	str	x0, [sp, #0x8]
4008effc: 2a1f03e1     	mov	w1, wzr
4008f000: 97fffaf4     	bl	0x4008dbd0 <memset>
4008f004: f94007e1     	ldr	x1, [sp, #0x8]
4008f008: aa1f03e0     	mov	x0, xzr
4008f00c: 52800022     	mov	w2, #0x1                // =1
4008f010: 97ffff00     	bl	0x4008ec10 <virtio_blk_read_sector>
4008f014: b9001fe0     	str	w0, [sp, #0x1c]
4008f018: 14000001     	b	0x4008f01c <test_virtio_blk_read+0x5c>
4008f01c: b9401fe8     	ldr	w8, [sp, #0x1c]
4008f020: b9001be8     	str	w8, [sp, #0x18]
4008f024: 2a1f03e8     	mov	w8, wzr
4008f028: b90017e8     	str	w8, [sp, #0x14]
4008f02c: b9401be8     	ldr	w8, [sp, #0x18]
4008f030: b94017e9     	ldr	w9, [sp, #0x14]
4008f034: 6b090108     	subs	w8, w8, w9
4008f038: 54000320     	b.eq	0x4008f09c <test_virtio_blk_read+0xdc>
4008f03c: 14000001     	b	0x4008f040 <test_virtio_blk_read+0x80>
4008f040: d0000000     	adrp	x0, 0x40091000 <UART0_FR+0x4d8>
4008f044: 913a1800     	add	x0, x0, #0xe86
4008f048: 97ffd8b6     	bl	0x40085320 <uart_puts>
4008f04c: 52800160     	mov	w0, #0xb                // =11
4008f050: 97ffd8d0     	bl	0x40085390 <print_int>
4008f054: f0000000     	adrp	x0, 0x40092000 <UART0_FR+0x14d8>
4008f058: 91214400     	add	x0, x0, #0x851
4008f05c: 97ffd8b1     	bl	0x40085320 <uart_puts>
4008f060: b9401be0     	ldr	w0, [sp, #0x18]
4008f064: 97ffd8cb     	bl	0x40085390 <print_int>
4008f068: f0000000     	adrp	x0, 0x40092000 <UART0_FR+0x14d8>
4008f06c: 91217000     	add	x0, x0, #0x85c
4008f070: 97ffd8ac     	bl	0x40085320 <uart_puts>
4008f074: b94017e0     	ldr	w0, [sp, #0x14]
4008f078: 97ffd8c6     	bl	0x40085390 <print_int>
4008f07c: d0000000     	adrp	x0, 0x40091000 <UART0_FR+0x4d8>
4008f080: 913b0800     	add	x0, x0, #0xec2
4008f084: 97ffd8a7     	bl	0x40085320 <uart_puts>
4008f088: f0000c89     	adrp	x9, 0x40222000 <syscall_tasks+0x7f8>
4008f08c: b9400d28     	ldr	w8, [x9, #0xc]
4008f090: 11000508     	add	w8, w8, #0x1
4008f094: b9000d28     	str	w8, [x9, #0xc]
4008f098: 14000002     	b	0x4008f0a0 <test_virtio_blk_read+0xe0>
4008f09c: 14000001     	b	0x4008f0a0 <test_virtio_blk_read+0xe0>
4008f0a0: 910883ff     	add	sp, sp, #0x220
4008f0a4: f9400bfc     	ldr	x28, [sp, #0x10]
4008f0a8: a8c27bfd     	ldp	x29, x30, [sp], #0x20
4008f0ac: d65f03c0     	ret

000000004008f0b0 <virtio_gpu_init>:
4008f0b0: d10503ff     	sub	sp, sp, #0x140
4008f0b4: a9127bfd     	stp	x29, x30, [sp, #0x120]
4008f0b8: f9009bfc     	str	x28, [sp, #0x130]
4008f0bc: 910483fd     	add	x29, sp, #0x120
4008f0c0: d10123a8     	sub	x8, x29, #0x48
4008f0c4: f9002be8     	str	x8, [sp, #0x50]
4008f0c8: b0001b80     	adrp	x0, 0x40400000 <gpu_lock>
4008f0cc: 91000000     	add	x0, x0, #0x0
4008f0d0: 97ffd774     	bl	0x40084ea0 <spinlock_init>
4008f0d4: 2a1f03e8     	mov	w8, wzr
4008f0d8: b81f83a8     	stur	w8, [x29, #-0x8]
4008f0dc: 14000001     	b	0x4008f0e0 <virtio_gpu_init+0x30>
4008f0e0: b85f83a8     	ldur	w8, [x29, #-0x8]
4008f0e4: 71007d08     	subs	w8, w8, #0x1f
4008f0e8: 5400044c     	b.gt	0x4008f170 <virtio_gpu_init+0xc0>
4008f0ec: 14000001     	b	0x4008f0f0 <virtio_gpu_init+0x40>
4008f0f0: f9402be8     	ldr	x8, [sp, #0x50]
4008f0f4: b85f83a9     	ldur	w9, [x29, #-0x8]
4008f0f8: 5317592a     	lsl	w10, w9, #9
4008f0fc: 52a14009     	mov	w9, #0xa000000          // =167772160
4008f100: 8b2ac129     	add	x9, x9, w10, sxtw
4008f104: f9001d09     	str	x9, [x8, #0x38]
4008f108: f9401d09     	ldr	x9, [x8, #0x38]
4008f10c: b9400129     	ldr	w9, [x9]
4008f110: b81ec3a9     	stur	w9, [x29, #-0x14]
4008f114: f9401d08     	ldr	x8, [x8, #0x38]
4008f118: b9400908     	ldr	w8, [x8, #0x8]
4008f11c: b81e83a8     	stur	w8, [x29, #-0x18]
4008f120: b85ec3a8     	ldur	w8, [x29, #-0x14]
4008f124: 528d2ec9     	mov	w9, #0x6976             // =26998
4008f128: 72ae8e49     	movk	w9, #0x7472, lsl #16
4008f12c: 6b090108     	subs	w8, w8, w9
4008f130: 54000161     	b.ne	0x4008f15c <virtio_gpu_init+0xac>
4008f134: 14000001     	b	0x4008f138 <virtio_gpu_init+0x88>
4008f138: b85e83a8     	ldur	w8, [x29, #-0x18]
4008f13c: 71004108     	subs	w8, w8, #0x10
4008f140: 540000e1     	b.ne	0x4008f15c <virtio_gpu_init+0xac>
4008f144: 14000001     	b	0x4008f148 <virtio_gpu_init+0x98>
4008f148: f9402be8     	ldr	x8, [sp, #0x50]
4008f14c: f9401d08     	ldr	x8, [x8, #0x38]
4008f150: b0001b89     	adrp	x9, 0x40400000 <gpu_lock>
4008f154: f9000528     	str	x8, [x9, #0x8]
4008f158: 14000006     	b	0x4008f170 <virtio_gpu_init+0xc0>
4008f15c: 14000001     	b	0x4008f160 <virtio_gpu_init+0xb0>
4008f160: b85f83a8     	ldur	w8, [x29, #-0x8]
4008f164: 11000508     	add	w8, w8, #0x1
4008f168: b81f83a8     	stur	w8, [x29, #-0x8]
4008f16c: 17ffffdd     	b	0x4008f0e0 <virtio_gpu_init+0x30>
4008f170: b0001b88     	adrp	x8, 0x40400000 <gpu_lock>
4008f174: f9400508     	ldr	x8, [x8, #0x8]
4008f178: b50000a8     	cbnz	x8, 0x4008f18c <virtio_gpu_init+0xdc>
4008f17c: 14000001     	b	0x4008f180 <virtio_gpu_init+0xd0>
4008f180: 12800008     	mov	w8, #-0x1               // =-1
4008f184: b81fc3a8     	stur	w8, [x29, #-0x4]
4008f188: 140000b1     	b	0x4008f44c <virtio_gpu_init+0x39c>
4008f18c: 2a1f03e8     	mov	w8, wzr
4008f190: b9004be8     	str	w8, [sp, #0x48]
4008f194: b81e43a8     	stur	w8, [x29, #-0x1c]
4008f198: b85e43a1     	ldur	w1, [x29, #-0x1c]
4008f19c: 52800e00     	mov	w0, #0x70               // =112
4008f1a0: b9004fe0     	str	w0, [sp, #0x4c]
4008f1a4: 940000af     	bl	0x4008f460 <reg_write32>
4008f1a8: b9404fe0     	ldr	w0, [sp, #0x4c]
4008f1ac: b85e43a8     	ldur	w8, [x29, #-0x1c]
4008f1b0: 32000108     	orr	w8, w8, #0x1
4008f1b4: b81e43a8     	stur	w8, [x29, #-0x1c]
4008f1b8: b85e43a1     	ldur	w1, [x29, #-0x1c]
4008f1bc: 940000a9     	bl	0x4008f460 <reg_write32>
4008f1c0: b9404fe0     	ldr	w0, [sp, #0x4c]
4008f1c4: b85e43a8     	ldur	w8, [x29, #-0x1c]
4008f1c8: 321f0108     	orr	w8, w8, #0x2
4008f1cc: b81e43a8     	stur	w8, [x29, #-0x1c]
4008f1d0: b85e43a1     	ldur	w1, [x29, #-0x1c]
4008f1d4: 940000a3     	bl	0x4008f460 <reg_write32>
4008f1d8: 52800480     	mov	w0, #0x24               // =36
4008f1dc: b90043e0     	str	w0, [sp, #0x40]
4008f1e0: 52800021     	mov	w1, #0x1                // =1
4008f1e4: b9003fe1     	str	w1, [sp, #0x3c]
4008f1e8: 9400009e     	bl	0x4008f460 <reg_write32>
4008f1ec: b9403fe1     	ldr	w1, [sp, #0x3c]
4008f1f0: 52800400     	mov	w0, #0x20               // =32
4008f1f4: b90047e0     	str	w0, [sp, #0x44]
4008f1f8: 9400009a     	bl	0x4008f460 <reg_write32>
4008f1fc: b94043e0     	ldr	w0, [sp, #0x40]
4008f200: b9404be1     	ldr	w1, [sp, #0x48]
4008f204: 94000097     	bl	0x4008f460 <reg_write32>
4008f208: b94047e0     	ldr	w0, [sp, #0x44]
4008f20c: b9404be1     	ldr	w1, [sp, #0x48]
4008f210: 94000094     	bl	0x4008f460 <reg_write32>
4008f214: b9404fe0     	ldr	w0, [sp, #0x4c]
4008f218: b85e43a8     	ldur	w8, [x29, #-0x1c]
4008f21c: 321d0108     	orr	w8, w8, #0x8
4008f220: b81e43a8     	stur	w8, [x29, #-0x1c]
4008f224: b85e43a1     	ldur	w1, [x29, #-0x1c]
4008f228: 9400008e     	bl	0x4008f460 <reg_write32>
4008f22c: b9404fe0     	ldr	w0, [sp, #0x4c]
4008f230: 94000098     	bl	0x4008f490 <reg_read32>
4008f234: 371800a0     	tbnz	w0, #0x3, 0x4008f248 <virtio_gpu_init+0x198>
4008f238: 14000001     	b	0x4008f23c <virtio_gpu_init+0x18c>
4008f23c: 12800008     	mov	w8, #-0x1               // =-1
4008f240: b81fc3a8     	stur	w8, [x29, #-0x4]
4008f244: 14000082     	b	0x4008f44c <virtio_gpu_init+0x39c>
4008f248: 52800500     	mov	w0, #0x28               // =40
4008f24c: 52820001     	mov	w1, #0x1000             // =4096
4008f250: 94000084     	bl	0x4008f460 <reg_write32>
4008f254: 52800600     	mov	w0, #0x30               // =48
4008f258: 2a1f03e1     	mov	w1, wzr
4008f25c: 94000081     	bl	0x4008f460 <reg_write32>
4008f260: 52800680     	mov	w0, #0x34               // =52
4008f264: 9400008b     	bl	0x4008f490 <reg_read32>
4008f268: b81e03a0     	stur	w0, [x29, #-0x20]
4008f26c: b85e03a8     	ldur	w8, [x29, #-0x20]
4008f270: 350000a8     	cbnz	w8, 0x4008f284 <virtio_gpu_init+0x1d4>
4008f274: 14000001     	b	0x4008f278 <virtio_gpu_init+0x1c8>
4008f278: 12800008     	mov	w8, #-0x1               // =-1
4008f27c: b81fc3a8     	stur	w8, [x29, #-0x4]
4008f280: 14000073     	b	0x4008f44c <virtio_gpu_init+0x39c>
4008f284: 52800700     	mov	w0, #0x38               // =56
4008f288: 52800201     	mov	w1, #0x10               // =16
4008f28c: b9000fe1     	str	w1, [sp, #0xc]
4008f290: 94000074     	bl	0x4008f460 <reg_write32>
4008f294: 52800780     	mov	w0, #0x3c               // =60
4008f298: 52820001     	mov	w1, #0x1000             // =4096
4008f29c: 94000071     	bl	0x4008f460 <reg_write32>
4008f2a0: d0001b88     	adrp	x8, 0x40401000 <gpu_vq>
4008f2a4: 91000108     	add	x8, x8, #0x0
4008f2a8: d34cfd08     	lsr	x8, x8, #12
4008f2ac: 2a0803e1     	mov	w1, w8
4008f2b0: 52800800     	mov	w0, #0x40               // =64
4008f2b4: 9400006b     	bl	0x4008f460 <reg_write32>
4008f2b8: b85e43a8     	ldur	w8, [x29, #-0x1c]
4008f2bc: 321e0108     	orr	w8, w8, #0x4
4008f2c0: b81e43a8     	stur	w8, [x29, #-0x1c]
4008f2c4: b85e43a1     	ldur	w1, [x29, #-0x1c]
4008f2c8: 52800e00     	mov	w0, #0x70               // =112
4008f2cc: 94000065     	bl	0x4008f460 <reg_write32>
4008f2d0: f9402be9     	ldr	x9, [sp, #0x50]
4008f2d4: aa1f03e8     	mov	x8, xzr
4008f2d8: f9000be8     	str	x8, [sp, #0x10]
4008f2dc: f9001128     	str	x8, [x9, #0x20]
4008f2e0: f9000d28     	str	x8, [x9, #0x18]
4008f2e4: f9000928     	str	x8, [x9, #0x10]
4008f2e8: f9000528     	str	x8, [x9, #0x8]
4008f2ec: f81b83a8     	stur	x8, [x29, #-0x48]
4008f2f0: 52802028     	mov	w8, #0x101              // =257
4008f2f4: b81b83a8     	stur	w8, [x29, #-0x48]
4008f2f8: 52800028     	mov	w8, #0x1                // =1
4008f2fc: b90027e8     	str	w8, [sp, #0x24]
4008f300: b81d03a8     	stur	w8, [x29, #-0x30]
4008f304: b81d43a8     	stur	w8, [x29, #-0x2c]
4008f308: 52808008     	mov	w8, #0x400              // =1024
4008f30c: b9001fe8     	str	w8, [sp, #0x1c]
4008f310: b81d83a8     	stur	w8, [x29, #-0x28]
4008f314: 52806008     	mov	w8, #0x300              // =768
4008f318: b90023e8     	str	w8, [sp, #0x20]
4008f31c: b81dc3a8     	stur	w8, [x29, #-0x24]
4008f320: d10123a0     	sub	x0, x29, #0x48
4008f324: 52800501     	mov	w1, #0x28               // =40
4008f328: d10183a2     	sub	x2, x29, #0x60
4008f32c: f90017e2     	str	x2, [sp, #0x28]
4008f330: 52800303     	mov	w3, #0x18               // =24
4008f334: b90037e3     	str	w3, [sp, #0x34]
4008f338: 9400005e     	bl	0x4008f4b0 <virtio_gpu_do_cmd>
4008f33c: b9400fe3     	ldr	w3, [sp, #0xc]
4008f340: f9400be8     	ldr	x8, [sp, #0x10]
4008f344: b94027e9     	ldr	w9, [sp, #0x24]
4008f348: f94017e4     	ldr	x4, [sp, #0x28]
4008f34c: b94037e5     	ldr	w5, [sp, #0x34]
4008f350: f81983a8     	stur	x8, [x29, #-0x68]
4008f354: f81903a8     	stur	x8, [x29, #-0x70]
4008f358: f81883a8     	stur	x8, [x29, #-0x78]
4008f35c: f81803a8     	stur	x8, [x29, #-0x80]
4008f360: 528020ca     	mov	w10, #0x106             // =262
4008f364: b81803aa     	stur	w10, [x29, #-0x80]
4008f368: b81983a9     	stur	w9, [x29, #-0x68]
4008f36c: b819c3a9     	stur	w9, [x29, #-0x64]
4008f370: f9004fe8     	str	x8, [sp, #0x98]
4008f374: f9004be8     	str	x8, [sp, #0x90]
4008f378: b0002b88     	adrp	x8, 0x40600000 <framebuffer>
4008f37c: 91000108     	add	x8, x8, #0x0
4008f380: f9004be8     	str	x8, [sp, #0x90]
4008f384: 52a00608     	mov	w8, #0x300000           // =3145728
4008f388: b9009be8     	str	w8, [sp, #0x98]
4008f38c: d10203a0     	sub	x0, x29, #0x80
4008f390: 52800401     	mov	w1, #0x20               // =32
4008f394: 910243e2     	add	x2, sp, #0x90
4008f398: 9400009e     	bl	0x4008f610 <virtio_gpu_do_cmd_with_data>
4008f39c: f9400beb     	ldr	x11, [sp, #0x10]
4008f3a0: b9401fea     	ldr	w10, [sp, #0x1c]
4008f3a4: b94023e9     	ldr	w9, [sp, #0x20]
4008f3a8: b94027e8     	ldr	w8, [sp, #0x24]
4008f3ac: f94017e2     	ldr	x2, [sp, #0x28]
4008f3b0: b94037e3     	ldr	w3, [sp, #0x34]
4008f3b4: f90047eb     	str	x11, [sp, #0x88]
4008f3b8: f90043eb     	str	x11, [sp, #0x80]
4008f3bc: f9003feb     	str	x11, [sp, #0x78]
4008f3c0: f9003beb     	str	x11, [sp, #0x70]
4008f3c4: f90037eb     	str	x11, [sp, #0x68]
4008f3c8: f90033eb     	str	x11, [sp, #0x60]
4008f3cc: 5280206b     	mov	w11, #0x103             // =259
4008f3d0: b90063eb     	str	w11, [sp, #0x60]
4008f3d4: b90083ea     	str	w10, [sp, #0x80]
4008f3d8: b90087e9     	str	w9, [sp, #0x84]
4008f3dc: 2a1f03e9     	mov	w9, wzr
4008f3e0: b9003be9     	str	w9, [sp, #0x38]
4008f3e4: b9008be9     	str	w9, [sp, #0x88]
4008f3e8: b9008fe8     	str	w8, [sp, #0x8c]
4008f3ec: 910183e0     	add	x0, sp, #0x60
4008f3f0: 52800601     	mov	w1, #0x30               // =48
4008f3f4: 9400002f     	bl	0x4008f4b0 <virtio_gpu_do_cmd>
4008f3f8: b9403be8     	ldr	w8, [sp, #0x38]
4008f3fc: b9005fe8     	str	w8, [sp, #0x5c]
4008f400: 14000001     	b	0x4008f404 <virtio_gpu_init+0x354>
4008f404: b9405fe8     	ldr	w8, [sp, #0x5c]
4008f408: 71430108     	subs	w8, w8, #0xc0, lsl #12  // =0xc0000
4008f40c: 5400018a     	b.ge	0x4008f43c <virtio_gpu_init+0x38c>
4008f410: 14000001     	b	0x4008f414 <virtio_gpu_init+0x364>
4008f414: b9805fea     	ldrsw	x10, [sp, #0x5c]
4008f418: b0002b89     	adrp	x9, 0x40600000 <framebuffer>
4008f41c: 91000129     	add	x9, x9, #0x0
4008f420: 52bfe008     	mov	w8, #-0x1000000         // =-16777216
4008f424: b82a7928     	str	w8, [x9, x10, lsl #2]
4008f428: 14000001     	b	0x4008f42c <virtio_gpu_init+0x37c>
4008f42c: b9405fe8     	ldr	w8, [sp, #0x5c]
4008f430: 11000508     	add	w8, w8, #0x1
4008f434: b9005fe8     	str	w8, [sp, #0x5c]
4008f438: 17fffff3     	b	0x4008f404 <virtio_gpu_init+0x354>
4008f43c: 940000cd     	bl	0x4008f770 <virtio_gpu_flush>
4008f440: 2a1f03e8     	mov	w8, wzr
4008f444: b81fc3a8     	stur	w8, [x29, #-0x4]
4008f448: 14000001     	b	0x4008f44c <virtio_gpu_init+0x39c>
4008f44c: b85fc3a0     	ldur	w0, [x29, #-0x4]
4008f450: f9409bfc     	ldr	x28, [sp, #0x130]
4008f454: a9527bfd     	ldp	x29, x30, [sp, #0x120]
4008f458: 910503ff     	add	sp, sp, #0x140
4008f45c: d65f03c0     	ret

000000004008f460 <reg_write32>:
4008f460: d10043ff     	sub	sp, sp, #0x10
4008f464: b9000fe0     	str	w0, [sp, #0xc]
4008f468: b9000be1     	str	w1, [sp, #0x8]
4008f46c: b9400be8     	ldr	w8, [sp, #0x8]
4008f470: b0001b89     	adrp	x9, 0x40400000 <gpu_lock>
4008f474: f9400529     	ldr	x9, [x9, #0x8]
4008f478: b9400fea     	ldr	w10, [sp, #0xc]
4008f47c: b82a6928     	str	w8, [x9, x10]
4008f480: 910043ff     	add	sp, sp, #0x10
4008f484: d65f03c0     	ret
4008f488: d503201f     	nop
4008f48c: d503201f     	nop

000000004008f490 <reg_read32>:
4008f490: d10043ff     	sub	sp, sp, #0x10
4008f494: b9000fe0     	str	w0, [sp, #0xc]
4008f498: b0001b88     	adrp	x8, 0x40400000 <gpu_lock>
4008f49c: f9400508     	ldr	x8, [x8, #0x8]
4008f4a0: b9400fe9     	ldr	w9, [sp, #0xc]
4008f4a4: b8696900     	ldr	w0, [x8, x9]
4008f4a8: 910043ff     	add	sp, sp, #0x10
4008f4ac: d65f03c0     	ret

000000004008f4b0 <virtio_gpu_do_cmd>:
4008f4b0: d10183ff     	sub	sp, sp, #0x60
4008f4b4: a9057bfd     	stp	x29, x30, [sp, #0x50]
4008f4b8: 910143fd     	add	x29, sp, #0x50
4008f4bc: f81f03a0     	stur	x0, [x29, #-0x10]
4008f4c0: b81ec3a1     	stur	w1, [x29, #-0x14]
4008f4c4: f81e03a2     	stur	x2, [x29, #-0x20]
4008f4c8: b81dc3a3     	stur	w3, [x29, #-0x24]
4008f4cc: b0001b80     	adrp	x0, 0x40400000 <gpu_lock>
4008f4d0: 91000000     	add	x0, x0, #0x0
4008f4d4: 97ffd68f     	bl	0x40084f10 <spinlock_acquire_irqsave>
4008f4d8: f90013e0     	str	x0, [sp, #0x20]
4008f4dc: b0001b88     	adrp	x8, 0x40400000 <gpu_lock>
4008f4e0: f9400508     	ldr	x8, [x8, #0x8]
4008f4e4: b5000128     	cbnz	x8, 0x4008f508 <virtio_gpu_do_cmd+0x58>
4008f4e8: 14000001     	b	0x4008f4ec <virtio_gpu_do_cmd+0x3c>
4008f4ec: f94013e1     	ldr	x1, [sp, #0x20]
4008f4f0: b0001b80     	adrp	x0, 0x40400000 <gpu_lock>
4008f4f4: 91000000     	add	x0, x0, #0x0
4008f4f8: 97ffd696     	bl	0x40084f50 <spinlock_release_irqrestore>
4008f4fc: 12800008     	mov	w8, #-0x1               // =-1
4008f500: b81fc3a8     	stur	w8, [x29, #-0x4]
4008f504: 1400003d     	b	0x4008f5f8 <virtio_gpu_do_cmd+0x148>
4008f508: f85f03a8     	ldur	x8, [x29, #-0x10]
4008f50c: d0001b89     	adrp	x9, 0x40401000 <gpu_vq>
4008f510: 91000129     	add	x9, x9, #0x0
4008f514: f90003e9     	str	x9, [sp]
4008f518: f9000128     	str	x8, [x9]
4008f51c: b85ec3a8     	ldur	w8, [x29, #-0x14]
4008f520: b9000928     	str	w8, [x9, #0x8]
4008f524: 52800028     	mov	w8, #0x1                // =1
4008f528: 79001928     	strh	w8, [x9, #0xc]
4008f52c: 79001d28     	strh	w8, [x9, #0xe]
4008f530: f85e03a8     	ldur	x8, [x29, #-0x20]
4008f534: f9000928     	str	x8, [x9, #0x10]
4008f538: b85dc3a8     	ldur	w8, [x29, #-0x24]
4008f53c: b9001928     	str	w8, [x9, #0x18]
4008f540: 52800048     	mov	w8, #0x2                // =2
4008f544: 79003928     	strh	w8, [x9, #0x1c]
4008f548: 2a1f03e1     	mov	w1, wzr
4008f54c: 79003d21     	strh	w1, [x9, #0x1e]
4008f550: 79420528     	ldrh	w8, [x9, #0x102]
4008f554: 79003fe8     	strh	w8, [sp, #0x1e]
4008f558: 79403fe8     	ldrh	w8, [sp, #0x1e]
4008f55c: 12000d08     	and	w8, w8, #0xf
4008f560: 8b284528     	add	x8, x9, w8, uxtw #1
4008f564: 79020901     	strh	w1, [x8, #0x104]
4008f568: d5033fbf     	dmb	sy
4008f56c: 79420528     	ldrh	w8, [x9, #0x102]
4008f570: 11000508     	add	w8, w8, #0x1
4008f574: 79020528     	strh	w8, [x9, #0x102]
4008f578: d5033fbf     	dmb	sy
4008f57c: 52800a00     	mov	w0, #0x50               // =80
4008f580: 97ffffb8     	bl	0x4008f460 <reg_write32>
4008f584: 14000001     	b	0x4008f588 <virtio_gpu_do_cmd+0xd8>
4008f588: f0001b88     	adrp	x8, 0x40402000 <gpu_vq+0x1000>
4008f58c: 79400508     	ldrh	w8, [x8, #0x2]
4008f590: b0004389     	adrp	x9, 0x40900000 <gpu_ack_used_idx>
4008f594: 79400129     	ldrh	w9, [x9]
4008f598: 6b090108     	subs	w8, w8, w9
4008f59c: 54000061     	b.ne	0x4008f5a8 <virtio_gpu_do_cmd+0xf8>
4008f5a0: 14000001     	b	0x4008f5a4 <virtio_gpu_do_cmd+0xf4>
4008f5a4: 17fffff9     	b	0x4008f588 <virtio_gpu_do_cmd+0xd8>
4008f5a8: f0001b88     	adrp	x8, 0x40402000 <gpu_vq+0x1000>
4008f5ac: 79400508     	ldrh	w8, [x8, #0x2]
4008f5b0: b0004389     	adrp	x9, 0x40900000 <gpu_ack_used_idx>
4008f5b4: 79000128     	strh	w8, [x9]
4008f5b8: d5033fbf     	dmb	sy
4008f5bc: f85e03a8     	ldur	x8, [x29, #-0x20]
4008f5c0: f9000be8     	str	x8, [sp, #0x10]
4008f5c4: f9400be8     	ldr	x8, [sp, #0x10]
4008f5c8: b9400108     	ldr	w8, [x8]
4008f5cc: 53097d08     	lsr	w8, w8, #9
4008f5d0: 71002108     	subs	w8, w8, #0x8
4008f5d4: 5a9f93e8     	csetm	w8, hi
4008f5d8: b9000fe8     	str	w8, [sp, #0xc]
4008f5dc: f94013e1     	ldr	x1, [sp, #0x20]
4008f5e0: b0001b80     	adrp	x0, 0x40400000 <gpu_lock>
4008f5e4: 91000000     	add	x0, x0, #0x0
4008f5e8: 97ffd65a     	bl	0x40084f50 <spinlock_release_irqrestore>
4008f5ec: b9400fe8     	ldr	w8, [sp, #0xc]
4008f5f0: b81fc3a8     	stur	w8, [x29, #-0x4]
4008f5f4: 14000001     	b	0x4008f5f8 <virtio_gpu_do_cmd+0x148>
4008f5f8: b85fc3a0     	ldur	w0, [x29, #-0x4]
4008f5fc: a9457bfd     	ldp	x29, x30, [sp, #0x50]
4008f600: 910183ff     	add	sp, sp, #0x60
4008f604: d65f03c0     	ret
4008f608: d503201f     	nop
4008f60c: d503201f     	nop

000000004008f610 <virtio_gpu_do_cmd_with_data>:
4008f610: d10183ff     	sub	sp, sp, #0x60
4008f614: a9057bfd     	stp	x29, x30, [sp, #0x50]
4008f618: 910143fd     	add	x29, sp, #0x50
4008f61c: f81f03a0     	stur	x0, [x29, #-0x10]
4008f620: b81ec3a1     	stur	w1, [x29, #-0x14]
4008f624: f81e03a2     	stur	x2, [x29, #-0x20]
4008f628: b81dc3a3     	stur	w3, [x29, #-0x24]
4008f62c: f90013e4     	str	x4, [sp, #0x20]
4008f630: b9001fe5     	str	w5, [sp, #0x1c]
4008f634: b0001b80     	adrp	x0, 0x40400000 <gpu_lock>
4008f638: 91000000     	add	x0, x0, #0x0
4008f63c: 97ffd635     	bl	0x40084f10 <spinlock_acquire_irqsave>
4008f640: f9000be0     	str	x0, [sp, #0x10]
4008f644: b0001b88     	adrp	x8, 0x40400000 <gpu_lock>
4008f648: f9400508     	ldr	x8, [x8, #0x8]
4008f64c: b5000128     	cbnz	x8, 0x4008f670 <virtio_gpu_do_cmd_with_data+0x60>
4008f650: 14000001     	b	0x4008f654 <virtio_gpu_do_cmd_with_data+0x44>
4008f654: f9400be1     	ldr	x1, [sp, #0x10]
4008f658: b0001b80     	adrp	x0, 0x40400000 <gpu_lock>
4008f65c: 91000000     	add	x0, x0, #0x0
4008f660: 97ffd63c     	bl	0x40084f50 <spinlock_release_irqrestore>
4008f664: 12800008     	mov	w8, #-0x1               // =-1
4008f668: b81fc3a8     	stur	w8, [x29, #-0x4]
4008f66c: 1400003b     	b	0x4008f758 <virtio_gpu_do_cmd_with_data+0x148>
4008f670: f85f03a8     	ldur	x8, [x29, #-0x10]
4008f674: d0001b89     	adrp	x9, 0x40401000 <gpu_vq>
4008f678: 91000129     	add	x9, x9, #0x0
4008f67c: f90003e9     	str	x9, [sp]
4008f680: f9000128     	str	x8, [x9]
4008f684: b85ec3a8     	ldur	w8, [x29, #-0x14]
4008f688: b9000928     	str	w8, [x9, #0x8]
4008f68c: 52800028     	mov	w8, #0x1                // =1
4008f690: 79001928     	strh	w8, [x9, #0xc]
4008f694: 79001d28     	strh	w8, [x9, #0xe]
4008f698: f85e03aa     	ldur	x10, [x29, #-0x20]
4008f69c: f900092a     	str	x10, [x9, #0x10]
4008f6a0: b85dc3aa     	ldur	w10, [x29, #-0x24]
4008f6a4: b900192a     	str	w10, [x9, #0x18]
4008f6a8: 79003928     	strh	w8, [x9, #0x1c]
4008f6ac: 52800048     	mov	w8, #0x2                // =2
4008f6b0: 79003d28     	strh	w8, [x9, #0x1e]
4008f6b4: f94013ea     	ldr	x10, [sp, #0x20]
4008f6b8: f900112a     	str	x10, [x9, #0x20]
4008f6bc: b9401fea     	ldr	w10, [sp, #0x1c]
4008f6c0: b900292a     	str	w10, [x9, #0x28]
4008f6c4: 79005928     	strh	w8, [x9, #0x2c]
4008f6c8: 2a1f03e1     	mov	w1, wzr
4008f6cc: 79005d21     	strh	w1, [x9, #0x2e]
4008f6d0: 79420528     	ldrh	w8, [x9, #0x102]
4008f6d4: 79001fe8     	strh	w8, [sp, #0xe]
4008f6d8: 79401fe8     	ldrh	w8, [sp, #0xe]
4008f6dc: 12000d08     	and	w8, w8, #0xf
4008f6e0: 8b284528     	add	x8, x9, w8, uxtw #1
4008f6e4: 79020901     	strh	w1, [x8, #0x104]
4008f6e8: d5033fbf     	dmb	sy
4008f6ec: 79420528     	ldrh	w8, [x9, #0x102]
4008f6f0: 11000508     	add	w8, w8, #0x1
4008f6f4: 79020528     	strh	w8, [x9, #0x102]
4008f6f8: d5033fbf     	dmb	sy
4008f6fc: 52800a00     	mov	w0, #0x50               // =80
4008f700: 97ffff58     	bl	0x4008f460 <reg_write32>
4008f704: 14000001     	b	0x4008f708 <virtio_gpu_do_cmd_with_data+0xf8>
4008f708: f0001b88     	adrp	x8, 0x40402000 <gpu_vq+0x1000>
4008f70c: 79400508     	ldrh	w8, [x8, #0x2]
4008f710: b0004389     	adrp	x9, 0x40900000 <gpu_ack_used_idx>
4008f714: 79400129     	ldrh	w9, [x9]
4008f718: 6b090108     	subs	w8, w8, w9
4008f71c: 54000061     	b.ne	0x4008f728 <virtio_gpu_do_cmd_with_data+0x118>
4008f720: 14000001     	b	0x4008f724 <virtio_gpu_do_cmd_with_data+0x114>
4008f724: 17fffff9     	b	0x4008f708 <virtio_gpu_do_cmd_with_data+0xf8>
4008f728: f0001b88     	adrp	x8, 0x40402000 <gpu_vq+0x1000>
4008f72c: 79400508     	ldrh	w8, [x8, #0x2]
4008f730: b0004389     	adrp	x9, 0x40900000 <gpu_ack_used_idx>
4008f734: 79000128     	strh	w8, [x9]
4008f738: d5033fbf     	dmb	sy
4008f73c: f9400be1     	ldr	x1, [sp, #0x10]
4008f740: b0001b80     	adrp	x0, 0x40400000 <gpu_lock>
4008f744: 91000000     	add	x0, x0, #0x0
4008f748: 97ffd602     	bl	0x40084f50 <spinlock_release_irqrestore>
4008f74c: 2a1f03e8     	mov	w8, wzr
4008f750: b81fc3a8     	stur	w8, [x29, #-0x4]
4008f754: 14000001     	b	0x4008f758 <virtio_gpu_do_cmd_with_data+0x148>
4008f758: b85fc3a0     	ldur	w0, [x29, #-0x4]
4008f75c: a9457bfd     	ldp	x29, x30, [sp, #0x50]
4008f760: 910183ff     	add	sp, sp, #0x60
4008f764: d65f03c0     	ret
4008f768: d503201f     	nop
4008f76c: d503201f     	nop

000000004008f770 <virtio_gpu_flush>:
4008f770: d10303ff     	sub	sp, sp, #0xc0
4008f774: a90b7bfd     	stp	x29, x30, [sp, #0xb0]
4008f778: 9102c3fd     	add	x29, sp, #0xb0
4008f77c: b0001b88     	adrp	x8, 0x40400000 <gpu_lock>
4008f780: f9400508     	ldr	x8, [x8, #0x8]
4008f784: b5000068     	cbnz	x8, 0x4008f790 <virtio_gpu_flush+0x20>
4008f788: 14000001     	b	0x4008f78c <virtio_gpu_flush+0x1c>
4008f78c: 14000031     	b	0x4008f850 <virtio_gpu_flush+0xe0>
4008f790: aa1f03e8     	mov	x8, xzr
4008f794: f90007e8     	str	x8, [sp, #0x8]
4008f798: f81f83a8     	stur	x8, [x29, #-0x8]
4008f79c: f81f03a8     	stur	x8, [x29, #-0x10]
4008f7a0: f81e83a8     	stur	x8, [x29, #-0x18]
4008f7a4: f81e03a8     	stur	x8, [x29, #-0x20]
4008f7a8: f81d83a8     	stur	x8, [x29, #-0x28]
4008f7ac: f81d03a8     	stur	x8, [x29, #-0x30]
4008f7b0: f81c83a8     	stur	x8, [x29, #-0x38]
4008f7b4: 528020a8     	mov	w8, #0x105              // =261
4008f7b8: b81c83a8     	stur	w8, [x29, #-0x38]
4008f7bc: 52808008     	mov	w8, #0x400              // =1024
4008f7c0: b90017e8     	str	w8, [sp, #0x14]
4008f7c4: b81e83a8     	stur	w8, [x29, #-0x18]
4008f7c8: 52806008     	mov	w8, #0x300              // =768
4008f7cc: b9001be8     	str	w8, [sp, #0x18]
4008f7d0: b81ec3a8     	stur	w8, [x29, #-0x14]
4008f7d4: 52800028     	mov	w8, #0x1                // =1
4008f7d8: b9001fe8     	str	w8, [sp, #0x1c]
4008f7dc: b81f83a8     	stur	w8, [x29, #-0x8]
4008f7e0: d100e3a0     	sub	x0, x29, #0x38
4008f7e4: 52800701     	mov	w1, #0x38               // =56
4008f7e8: d10143a2     	sub	x2, x29, #0x50
4008f7ec: f90013e2     	str	x2, [sp, #0x20]
4008f7f0: 52800303     	mov	w3, #0x18               // =24
4008f7f4: b9002fe3     	str	w3, [sp, #0x2c]
4008f7f8: 97ffff2e     	bl	0x4008f4b0 <virtio_gpu_do_cmd>
4008f7fc: f94007eb     	ldr	x11, [sp, #0x8]
4008f800: b94017ea     	ldr	w10, [sp, #0x14]
4008f804: b9401be9     	ldr	w9, [sp, #0x18]
4008f808: b9401fe8     	ldr	w8, [sp, #0x1c]
4008f80c: f94013e2     	ldr	x2, [sp, #0x20]
4008f810: b9402fe3     	ldr	w3, [sp, #0x2c]
4008f814: f9002feb     	str	x11, [sp, #0x58]
4008f818: f9002beb     	str	x11, [sp, #0x50]
4008f81c: f90027eb     	str	x11, [sp, #0x48]
4008f820: f90023eb     	str	x11, [sp, #0x40]
4008f824: f9001feb     	str	x11, [sp, #0x38]
4008f828: f9001beb     	str	x11, [sp, #0x30]
4008f82c: 5280208b     	mov	w11, #0x104             // =260
4008f830: b90033eb     	str	w11, [sp, #0x30]
4008f834: b90053ea     	str	w10, [sp, #0x50]
4008f838: b90057e9     	str	w9, [sp, #0x54]
4008f83c: b9005be8     	str	w8, [sp, #0x58]
4008f840: 9100c3e0     	add	x0, sp, #0x30
4008f844: 52800601     	mov	w1, #0x30               // =48
4008f848: 97ffff1a     	bl	0x4008f4b0 <virtio_gpu_do_cmd>
4008f84c: 14000001     	b	0x4008f850 <virtio_gpu_flush+0xe0>
4008f850: a94b7bfd     	ldp	x29, x30, [sp, #0xb0]
4008f854: 910303ff     	add	sp, sp, #0xc0
4008f858: d65f03c0     	ret
4008f85c: d503201f     	nop

000000004008f860 <virtio_gpu_get_framebuffer>:
4008f860: b0002b80     	adrp	x0, 0x40600000 <framebuffer>
4008f864: 91000000     	add	x0, x0, #0x0
4008f868: d65f03c0     	ret
4008f86c: 00000000     	udf	#0x0

000000004008f870 <virtio_gpu_test_suite>:
4008f870: a9bf7bfd     	stp	x29, x30, [sp, #-0x10]!
4008f874: 910003fd     	mov	x29, sp
4008f878: d503201f     	nop
4008f87c: 100184e0     	adr	x0, 0x40092918 <UART0_FR+0x1df0>
4008f880: 97ffd6a8     	bl	0x40085320 <uart_puts>
4008f884: 94000003     	bl	0x4008f890 <test_virtio_gpu_get_framebuffer>
4008f888: a8c17bfd     	ldp	x29, x30, [sp], #0x10
4008f88c: d65f03c0     	ret

000000004008f890 <test_virtio_gpu_get_framebuffer>:
4008f890: d10083ff     	sub	sp, sp, #0x20
4008f894: a9017bfd     	stp	x29, x30, [sp, #0x10]
4008f898: 910043fd     	add	x29, sp, #0x10
4008f89c: d0000000     	adrp	x0, 0x40091000 <UART0_FR+0x4d8>
4008f8a0: 910aa400     	add	x0, x0, #0x2a9
4008f8a4: 97ffd69f     	bl	0x40085320 <uart_puts>
4008f8a8: f0000c89     	adrp	x9, 0x40222000 <syscall_tasks+0x7f8>
4008f8ac: b9400928     	ldr	w8, [x9, #0x8]
4008f8b0: 11000508     	add	w8, w8, #0x1
4008f8b4: b9000928     	str	w8, [x9, #0x8]
4008f8b8: 97ffffea     	bl	0x4008f860 <virtio_gpu_get_framebuffer>
4008f8bc: f90007e0     	str	x0, [sp, #0x8]
4008f8c0: f94007e8     	ldr	x8, [sp, #0x8]
4008f8c4: b5000148     	cbnz	x8, 0x4008f8ec <test_virtio_gpu_get_framebuffer+0x5c>
4008f8c8: 14000001     	b	0x4008f8cc <test_virtio_gpu_get_framebuffer+0x3c>
4008f8cc: b0000000     	adrp	x0, 0x40090000 <virtio_input_init+0x360>
4008f8d0: 912f7000     	add	x0, x0, #0xbdc
4008f8d4: 97ffd693     	bl	0x40085320 <uart_puts>
4008f8d8: f0000c89     	adrp	x9, 0x40222000 <syscall_tasks+0x7f8>
4008f8dc: b9400d28     	ldr	w8, [x9, #0xc]
4008f8e0: 11000508     	add	w8, w8, #0x1
4008f8e4: b9000d28     	str	w8, [x9, #0xc]
4008f8e8: 14000001     	b	0x4008f8ec <test_virtio_gpu_get_framebuffer+0x5c>
4008f8ec: a9417bfd     	ldp	x29, x30, [sp, #0x10]
4008f8f0: 910083ff     	add	sp, sp, #0x20
4008f8f4: d65f03c0     	ret
		...

000000004008f900 <virtio_input_handle_irq>:
4008f900: d10143ff     	sub	sp, sp, #0x50
4008f904: a9047bfd     	stp	x29, x30, [sp, #0x40]
4008f908: 910103fd     	add	x29, sp, #0x40
4008f90c: b81fc3a0     	stur	w0, [x29, #-0x4]
4008f910: d0004380     	adrp	x0, 0x40901000 <input_lock>
4008f914: 91000000     	add	x0, x0, #0x0
4008f918: 97ffd57e     	bl	0x40084f10 <spinlock_acquire_irqsave>
4008f91c: f81f03a0     	stur	x0, [x29, #-0x10]
4008f920: 2a1f03e8     	mov	w8, wzr
4008f924: b81ec3a8     	stur	w8, [x29, #-0x14]
4008f928: 14000001     	b	0x4008f92c <virtio_input_handle_irq+0x2c>
4008f92c: b85ec3a8     	ldur	w8, [x29, #-0x14]
4008f930: d0004389     	adrp	x9, 0x40901000 <input_lock>
4008f934: b9400529     	ldr	w9, [x9, #0x4]
4008f938: 6b090108     	subs	w8, w8, w9
4008f93c: 5400100a     	b.ge	0x4008fb3c <virtio_input_handle_irq+0x23c>
4008f940: 14000001     	b	0x4008f944 <virtio_input_handle_irq+0x44>
4008f944: b89ec3a9     	ldursw	x9, [x29, #-0x14]
4008f948: f0004388     	adrp	x8, 0x40902000 <input_devs>
4008f94c: 91000108     	add	x8, x8, #0x0
4008f950: 8b093908     	add	x8, x8, x9, lsl #14
4008f954: f90013e8     	str	x8, [sp, #0x20]
4008f958: f94013e8     	ldr	x8, [sp, #0x20]
4008f95c: b9400908     	ldr	w8, [x8, #0x8]
4008f960: b85fc3a9     	ldur	w9, [x29, #-0x4]
4008f964: 6b090108     	subs	w8, w8, w9
4008f968: 54000e01     	b.ne	0x4008fb28 <virtio_input_handle_irq+0x228>
4008f96c: 14000001     	b	0x4008f970 <virtio_input_handle_irq+0x70>
4008f970: f94013e8     	ldr	x8, [sp, #0x20]
4008f974: f9400108     	ldr	x8, [x8]
4008f978: b4000d88     	cbz	x8, 0x4008fb28 <virtio_input_handle_irq+0x228>
4008f97c: 14000001     	b	0x4008f980 <virtio_input_handle_irq+0x80>
4008f980: f94013e8     	ldr	x8, [sp, #0x20]
4008f984: f9400100     	ldr	x0, [x8]
4008f988: 52800c01     	mov	w1, #0x60               // =96
4008f98c: 94000075     	bl	0x4008fb60 <reg_read32>
4008f990: b9001fe0     	str	w0, [sp, #0x1c]
4008f994: b9401fe8     	ldr	w8, [sp, #0x1c]
4008f998: 34000c68     	cbz	w8, 0x4008fb24 <virtio_input_handle_irq+0x224>
4008f99c: 14000001     	b	0x4008f9a0 <virtio_input_handle_irq+0xa0>
4008f9a0: f94013e8     	ldr	x8, [sp, #0x20]
4008f9a4: f9400100     	ldr	x0, [x8]
4008f9a8: b9401fe2     	ldr	w2, [sp, #0x1c]
4008f9ac: 52800c81     	mov	w1, #0x64               // =100
4008f9b0: 94000074     	bl	0x4008fb80 <reg_write32>
4008f9b4: 14000001     	b	0x4008f9b8 <virtio_input_handle_irq+0xb8>
4008f9b8: f94013e9     	ldr	x9, [sp, #0x20]
4008f9bc: 52864008     	mov	w8, #0x3200             // =12800
4008f9c0: 78686928     	ldrh	w8, [x9, x8]
4008f9c4: 5284004a     	mov	w10, #0x2002            // =8194
4008f9c8: 786a6929     	ldrh	w9, [x9, x10]
4008f9cc: 6b090108     	subs	w8, w8, w9
4008f9d0: 540009e0     	b.eq	0x4008fb0c <virtio_input_handle_irq+0x20c>
4008f9d4: 14000001     	b	0x4008f9d8 <virtio_input_handle_irq+0xd8>
4008f9d8: d5033fbf     	dmb	sy
4008f9dc: f94013e8     	ldr	x8, [sp, #0x20]
4008f9e0: 52864009     	mov	w9, #0x3200             // =12800
4008f9e4: 78696908     	ldrh	w8, [x8, x9]
4008f9e8: 12001508     	and	w8, w8, #0x3f
4008f9ec: 790037e8     	strh	w8, [sp, #0x1a]
4008f9f0: f94013e8     	ldr	x8, [sp, #0x20]
4008f9f4: 794037e9     	ldrh	w9, [sp, #0x1a]
4008f9f8: 8b090d08     	add	x8, x8, x9, lsl #3
4008f9fc: b9600508     	ldr	w8, [x8, #0x2004]
4008fa00: b90017e8     	str	w8, [sp, #0x14]
4008fa04: f0004408     	adrp	x8, 0x40912000 <ring_head>
4008fa08: b9400108     	ldr	w8, [x8]
4008fa0c: 11000508     	add	w8, w8, #0x1
4008fa10: 2a1f03e9     	mov	w9, wzr
4008fa14: 6b080129     	subs	w9, w9, w8
4008fa18: 12001d29     	and	w9, w9, #0xff
4008fa1c: 12001d08     	and	w8, w8, #0xff
4008fa20: 5a894508     	csneg	w8, w8, w9, mi
4008fa24: b90013e8     	str	w8, [sp, #0x10]
4008fa28: b94013e8     	ldr	w8, [sp, #0x10]
4008fa2c: f0004409     	adrp	x9, 0x40912000 <ring_head>
4008fa30: b9400529     	ldr	w9, [x9, #0x4]
4008fa34: 6b090108     	subs	w8, w8, w9
4008fa38: 540001c0     	b.eq	0x4008fa70 <virtio_input_handle_irq+0x170>
4008fa3c: 14000001     	b	0x4008fa40 <virtio_input_handle_irq+0x140>
4008fa40: f0004409     	adrp	x9, 0x40912000 <ring_head>
4008fa44: b980012b     	ldrsw	x11, [x9]
4008fa48: f000440a     	adrp	x10, 0x40912000 <ring_head>
4008fa4c: 9100214a     	add	x10, x10, #0x8
4008fa50: f94013e8     	ldr	x8, [sp, #0x20]
4008fa54: b94017ec     	ldr	w12, [sp, #0x14]
4008fa58: 8b0c0d08     	add	x8, x8, x12, lsl #3
4008fa5c: f9580108     	ldr	x8, [x8, #0x3000]
4008fa60: f82b7948     	str	x8, [x10, x11, lsl #3]
4008fa64: b94013e8     	ldr	w8, [sp, #0x10]
4008fa68: b9000128     	str	w8, [x9]
4008fa6c: 14000001     	b	0x4008fa70 <virtio_input_handle_irq+0x170>
4008fa70: f94013e9     	ldr	x9, [sp, #0x20]
4008fa74: b94017e8     	ldr	w8, [sp, #0x14]
4008fa78: 2a0803ea     	mov	w10, w8
4008fa7c: 8b0a0d28     	add	x8, x9, x10, lsl #3
4008fa80: 91400d08     	add	x8, x8, #0x3, lsl #12   // =0x3000
4008fa84: 8b0a1129     	add	x9, x9, x10, lsl #4
4008fa88: f9080128     	str	x8, [x9, #0x1000]
4008fa8c: f94013e8     	ldr	x8, [sp, #0x20]
4008fa90: b94017e9     	ldr	w9, [sp, #0x14]
4008fa94: 8b091109     	add	x9, x8, x9, lsl #4
4008fa98: 52800108     	mov	w8, #0x8                // =8
4008fa9c: b9100928     	str	w8, [x9, #0x1008]
4008faa0: f94013e8     	ldr	x8, [sp, #0x20]
4008faa4: b94017e9     	ldr	w9, [sp, #0x14]
4008faa8: 8b091109     	add	x9, x8, x9, lsl #4
4008faac: 52800048     	mov	w8, #0x2                // =2
4008fab0: 79201928     	strh	w8, [x9, #0x100c]
4008fab4: f94013e8     	ldr	x8, [sp, #0x20]
4008fab8: 79680508     	ldrh	w8, [x8, #0x1402]
4008fabc: 79001fe8     	strh	w8, [sp, #0xe]
4008fac0: b94017e8     	ldr	w8, [sp, #0x14]
4008fac4: f94013e9     	ldr	x9, [sp, #0x20]
4008fac8: 79401fea     	ldrh	w10, [sp, #0xe]
4008facc: 1200154a     	and	w10, w10, #0x3f
4008fad0: 8b2a4529     	add	x9, x9, w10, uxtw #1
4008fad4: 79280928     	strh	w8, [x9, #0x1404]
4008fad8: d5033fbf     	dmb	sy
4008fadc: f94013e9     	ldr	x9, [sp, #0x20]
4008fae0: 79680528     	ldrh	w8, [x9, #0x1402]
4008fae4: 11000508     	add	w8, w8, #0x1
4008fae8: 79280528     	strh	w8, [x9, #0x1402]
4008faec: d5033fbf     	dmb	sy
4008faf0: f94013e9     	ldr	x9, [sp, #0x20]
4008faf4: 52864008     	mov	w8, #0x3200             // =12800
4008faf8: 2a0803ea     	mov	w10, w8
4008fafc: 786a6928     	ldrh	w8, [x9, x10]
4008fb00: 11000508     	add	w8, w8, #0x1
4008fb04: 782a6928     	strh	w8, [x9, x10]
4008fb08: 17ffffac     	b	0x4008f9b8 <virtio_input_handle_irq+0xb8>
4008fb0c: f94013e8     	ldr	x8, [sp, #0x20]
4008fb10: f9400100     	ldr	x0, [x8]
4008fb14: 52800a01     	mov	w1, #0x50               // =80
4008fb18: 2a1f03e2     	mov	w2, wzr
4008fb1c: 94000019     	bl	0x4008fb80 <reg_write32>
4008fb20: 14000001     	b	0x4008fb24 <virtio_input_handle_irq+0x224>
4008fb24: 14000001     	b	0x4008fb28 <virtio_input_handle_irq+0x228>
4008fb28: 14000001     	b	0x4008fb2c <virtio_input_handle_irq+0x22c>
4008fb2c: b85ec3a8     	ldur	w8, [x29, #-0x14]
4008fb30: 11000508     	add	w8, w8, #0x1
4008fb34: b81ec3a8     	stur	w8, [x29, #-0x14]
4008fb38: 17ffff7d     	b	0x4008f92c <virtio_input_handle_irq+0x2c>
4008fb3c: f85f03a1     	ldur	x1, [x29, #-0x10]
4008fb40: d0004380     	adrp	x0, 0x40901000 <input_lock>
4008fb44: 91000000     	add	x0, x0, #0x0
4008fb48: 97ffd502     	bl	0x40084f50 <spinlock_release_irqrestore>
4008fb4c: a9447bfd     	ldp	x29, x30, [sp, #0x40]
4008fb50: 910143ff     	add	sp, sp, #0x50
4008fb54: d65f03c0     	ret
4008fb58: d503201f     	nop
4008fb5c: d503201f     	nop

000000004008fb60 <reg_read32>:
4008fb60: d10043ff     	sub	sp, sp, #0x10
4008fb64: f90007e0     	str	x0, [sp, #0x8]
4008fb68: b90007e1     	str	w1, [sp, #0x4]
4008fb6c: f94007e8     	ldr	x8, [sp, #0x8]
4008fb70: b94007e9     	ldr	w9, [sp, #0x4]
4008fb74: b8696900     	ldr	w0, [x8, x9]
4008fb78: 910043ff     	add	sp, sp, #0x10
4008fb7c: d65f03c0     	ret

000000004008fb80 <reg_write32>:
4008fb80: d10043ff     	sub	sp, sp, #0x10
4008fb84: f90007e0     	str	x0, [sp, #0x8]
4008fb88: b90007e1     	str	w1, [sp, #0x4]
4008fb8c: b90003e2     	str	w2, [sp]
4008fb90: b94003e8     	ldr	w8, [sp]
4008fb94: f94007e9     	ldr	x9, [sp, #0x8]
4008fb98: b94007ea     	ldr	w10, [sp, #0x4]
4008fb9c: b82a6928     	str	w8, [x9, x10]
4008fba0: 910043ff     	add	sp, sp, #0x10
4008fba4: d65f03c0     	ret
4008fba8: d503201f     	nop
4008fbac: d503201f     	nop

000000004008fbb0 <virtio_input_get_events>:
4008fbb0: d100c3ff     	sub	sp, sp, #0x30
4008fbb4: a9027bfd     	stp	x29, x30, [sp, #0x20]
4008fbb8: 910083fd     	add	x29, sp, #0x20
4008fbbc: f81f83a0     	stur	x0, [x29, #-0x8]
4008fbc0: b81f43a1     	stur	w1, [x29, #-0xc]
4008fbc4: d0004380     	adrp	x0, 0x40901000 <input_lock>
4008fbc8: 91000000     	add	x0, x0, #0x0
4008fbcc: 97ffd4d1     	bl	0x40084f10 <spinlock_acquire_irqsave>
4008fbd0: f90007e0     	str	x0, [sp, #0x8]
4008fbd4: 2a1f03e8     	mov	w8, wzr
4008fbd8: b90007e8     	str	w8, [sp, #0x4]
4008fbdc: 14000001     	b	0x4008fbe0 <virtio_input_get_events+0x30>
4008fbe0: f0004408     	adrp	x8, 0x40912000 <ring_head>
4008fbe4: b9400509     	ldr	w9, [x8, #0x4]
4008fbe8: f0004408     	adrp	x8, 0x40912000 <ring_head>
4008fbec: b940010a     	ldr	w10, [x8]
4008fbf0: 2a1f03e8     	mov	w8, wzr
4008fbf4: 6b0a0129     	subs	w9, w9, w10
4008fbf8: b90003e8     	str	w8, [sp]
4008fbfc: 54000100     	b.eq	0x4008fc1c <virtio_input_get_events+0x6c>
4008fc00: 14000001     	b	0x4008fc04 <virtio_input_get_events+0x54>
4008fc04: b94007e8     	ldr	w8, [sp, #0x4]
4008fc08: b85f43a9     	ldur	w9, [x29, #-0xc]
4008fc0c: 6b090108     	subs	w8, w8, w9
4008fc10: 1a9fa7e8     	cset	w8, lt
4008fc14: b90003e8     	str	w8, [sp]
4008fc18: 14000001     	b	0x4008fc1c <virtio_input_get_events+0x6c>
4008fc1c: b94003e8     	ldr	w8, [sp]
4008fc20: 360002c8     	tbz	w8, #0x0, 0x4008fc78 <virtio_input_get_events+0xc8>
4008fc24: 14000001     	b	0x4008fc28 <virtio_input_get_events+0x78>
4008fc28: f85f83aa     	ldur	x10, [x29, #-0x8]
4008fc2c: b98007eb     	ldrsw	x11, [sp, #0x4]
4008fc30: f0004409     	adrp	x9, 0x40912000 <ring_head>
4008fc34: b980052c     	ldrsw	x12, [x9, #0x4]
4008fc38: f0004408     	adrp	x8, 0x40912000 <ring_head>
4008fc3c: 91002108     	add	x8, x8, #0x8
4008fc40: f86c7908     	ldr	x8, [x8, x12, lsl #3]
4008fc44: f82b7948     	str	x8, [x10, x11, lsl #3]
4008fc48: b9400528     	ldr	w8, [x9, #0x4]
4008fc4c: 11000508     	add	w8, w8, #0x1
4008fc50: 2a1f03ea     	mov	w10, wzr
4008fc54: 6b08014a     	subs	w10, w10, w8
4008fc58: 12001d4a     	and	w10, w10, #0xff
4008fc5c: 12001d08     	and	w8, w8, #0xff
4008fc60: 5a8a4508     	csneg	w8, w8, w10, mi
4008fc64: b9000528     	str	w8, [x9, #0x4]
4008fc68: b94007e8     	ldr	w8, [sp, #0x4]
4008fc6c: 11000508     	add	w8, w8, #0x1
4008fc70: b90007e8     	str	w8, [sp, #0x4]
4008fc74: 17ffffdb     	b	0x4008fbe0 <virtio_input_get_events+0x30>
4008fc78: f94007e1     	ldr	x1, [sp, #0x8]
4008fc7c: d0004380     	adrp	x0, 0x40901000 <input_lock>
4008fc80: 91000000     	add	x0, x0, #0x0
4008fc84: 97ffd4b3     	bl	0x40084f50 <spinlock_release_irqrestore>
4008fc88: b94007e0     	ldr	w0, [sp, #0x4]
4008fc8c: a9427bfd     	ldp	x29, x30, [sp, #0x20]
4008fc90: 9100c3ff     	add	sp, sp, #0x30
4008fc94: d65f03c0     	ret
4008fc98: d503201f     	nop
4008fc9c: d503201f     	nop

000000004008fca0 <virtio_input_init>:
4008fca0: d10183ff     	sub	sp, sp, #0x60
4008fca4: a9057bfd     	stp	x29, x30, [sp, #0x50]
4008fca8: 910143fd     	add	x29, sp, #0x50
4008fcac: d0004380     	adrp	x0, 0x40901000 <input_lock>
4008fcb0: 91000000     	add	x0, x0, #0x0
4008fcb4: 97ffd47b     	bl	0x40084ea0 <spinlock_init>
4008fcb8: d0004389     	adrp	x9, 0x40901000 <input_lock>
4008fcbc: 2a1f03e8     	mov	w8, wzr
4008fcc0: b9000528     	str	w8, [x9, #0x4]
4008fcc4: b81fc3a8     	stur	w8, [x29, #-0x4]
4008fcc8: 14000001     	b	0x4008fccc <virtio_input_init+0x2c>
4008fccc: b85fc3a9     	ldur	w9, [x29, #-0x4]
4008fcd0: 2a1f03e8     	mov	w8, wzr
4008fcd4: 71007d29     	subs	w9, w9, #0x1f
4008fcd8: b90023e8     	str	w8, [sp, #0x20]
4008fcdc: 5400010c     	b.gt	0x4008fcfc <virtio_input_init+0x5c>
4008fce0: 14000001     	b	0x4008fce4 <virtio_input_init+0x44>
4008fce4: d0004388     	adrp	x8, 0x40901000 <input_lock>
4008fce8: b9400508     	ldr	w8, [x8, #0x4]
4008fcec: 71001108     	subs	w8, w8, #0x4
4008fcf0: 1a9fa7e8     	cset	w8, lt
4008fcf4: b90023e8     	str	w8, [sp, #0x20]
4008fcf8: 14000001     	b	0x4008fcfc <virtio_input_init+0x5c>
4008fcfc: b94023e8     	ldr	w8, [sp, #0x20]
4008fd00: 36001808     	tbz	w8, #0x0, 0x40090000 <virtio_input_init+0x360>
4008fd04: 14000001     	b	0x4008fd08 <virtio_input_init+0x68>
4008fd08: b85fc3a8     	ldur	w8, [x29, #-0x4]
4008fd0c: 53175909     	lsl	w9, w8, #9
4008fd10: 52a14008     	mov	w8, #0xa000000          // =167772160
4008fd14: 8b29c108     	add	x8, x8, w9, sxtw
4008fd18: f81f03a8     	stur	x8, [x29, #-0x10]
4008fd1c: f85f03a8     	ldur	x8, [x29, #-0x10]
4008fd20: b9400108     	ldr	w8, [x8]
4008fd24: b81ec3a8     	stur	w8, [x29, #-0x14]
4008fd28: f85f03a8     	ldur	x8, [x29, #-0x10]
4008fd2c: b9400908     	ldr	w8, [x8, #0x8]
4008fd30: b81e83a8     	stur	w8, [x29, #-0x18]
4008fd34: b85ec3a8     	ldur	w8, [x29, #-0x14]
4008fd38: 528d2ec9     	mov	w9, #0x6976             // =26998
4008fd3c: 72ae8e49     	movk	w9, #0x7472, lsl #16
4008fd40: 6b090108     	subs	w8, w8, w9
4008fd44: 54001541     	b.ne	0x4008ffec <virtio_input_init+0x34c>
4008fd48: 14000001     	b	0x4008fd4c <virtio_input_init+0xac>
4008fd4c: b85e83a8     	ldur	w8, [x29, #-0x18]
4008fd50: 71004908     	subs	w8, w8, #0x12
4008fd54: 540014c1     	b.ne	0x4008ffec <virtio_input_init+0x34c>
4008fd58: 14000001     	b	0x4008fd5c <virtio_input_init+0xbc>
4008fd5c: d0004388     	adrp	x8, 0x40901000 <input_lock>
4008fd60: b9800509     	ldrsw	x9, [x8, #0x4]
4008fd64: f0004388     	adrp	x8, 0x40902000 <input_devs>
4008fd68: 91000108     	add	x8, x8, #0x0
4008fd6c: 8b093908     	add	x8, x8, x9, lsl #14
4008fd70: f81e03a8     	stur	x8, [x29, #-0x20]
4008fd74: f85f03a8     	ldur	x8, [x29, #-0x10]
4008fd78: f85e03a9     	ldur	x9, [x29, #-0x20]
4008fd7c: f9000128     	str	x8, [x9]
4008fd80: b85fc3a8     	ldur	w8, [x29, #-0x4]
4008fd84: 1100c108     	add	w8, w8, #0x30
4008fd88: f85e03a9     	ldur	x9, [x29, #-0x20]
4008fd8c: b9000928     	str	w8, [x9, #0x8]
4008fd90: f85e03a9     	ldur	x9, [x29, #-0x20]
4008fd94: 52864008     	mov	w8, #0x3200             // =12800
4008fd98: 2a0803ea     	mov	w10, w8
4008fd9c: 2a1f03e8     	mov	w8, wzr
4008fda0: b9001be8     	str	w8, [sp, #0x18]
4008fda4: 782a6928     	strh	w8, [x9, x10]
4008fda8: b81dc3a8     	stur	w8, [x29, #-0x24]
4008fdac: f85f03a0     	ldur	x0, [x29, #-0x10]
4008fdb0: b85dc3a2     	ldur	w2, [x29, #-0x24]
4008fdb4: 52800e01     	mov	w1, #0x70               // =112
4008fdb8: b9001fe1     	str	w1, [sp, #0x1c]
4008fdbc: 97ffff71     	bl	0x4008fb80 <reg_write32>
4008fdc0: b9401fe1     	ldr	w1, [sp, #0x1c]
4008fdc4: b85dc3a8     	ldur	w8, [x29, #-0x24]
4008fdc8: 32000108     	orr	w8, w8, #0x1
4008fdcc: b81dc3a8     	stur	w8, [x29, #-0x24]
4008fdd0: f85f03a0     	ldur	x0, [x29, #-0x10]
4008fdd4: b85dc3a2     	ldur	w2, [x29, #-0x24]
4008fdd8: 97ffff6a     	bl	0x4008fb80 <reg_write32>
4008fddc: b9401fe1     	ldr	w1, [sp, #0x1c]
4008fde0: b85dc3a8     	ldur	w8, [x29, #-0x24]
4008fde4: 321f0108     	orr	w8, w8, #0x2
4008fde8: b81dc3a8     	stur	w8, [x29, #-0x24]
4008fdec: f85f03a0     	ldur	x0, [x29, #-0x10]
4008fdf0: b85dc3a2     	ldur	w2, [x29, #-0x24]
4008fdf4: 97ffff63     	bl	0x4008fb80 <reg_write32>
4008fdf8: f85f03a0     	ldur	x0, [x29, #-0x10]
4008fdfc: 52800481     	mov	w1, #0x24               // =36
4008fe00: b90013e1     	str	w1, [sp, #0x10]
4008fe04: 52800022     	mov	w2, #0x1                // =1
4008fe08: b9000fe2     	str	w2, [sp, #0xc]
4008fe0c: 97ffff5d     	bl	0x4008fb80 <reg_write32>
4008fe10: b9400fe2     	ldr	w2, [sp, #0xc]
4008fe14: f85f03a0     	ldur	x0, [x29, #-0x10]
4008fe18: 52800401     	mov	w1, #0x20               // =32
4008fe1c: b90017e1     	str	w1, [sp, #0x14]
4008fe20: 97ffff58     	bl	0x4008fb80 <reg_write32>
4008fe24: b94013e1     	ldr	w1, [sp, #0x10]
4008fe28: b9401be2     	ldr	w2, [sp, #0x18]
4008fe2c: f85f03a0     	ldur	x0, [x29, #-0x10]
4008fe30: 97ffff54     	bl	0x4008fb80 <reg_write32>
4008fe34: b94017e1     	ldr	w1, [sp, #0x14]
4008fe38: b9401be2     	ldr	w2, [sp, #0x18]
4008fe3c: f85f03a0     	ldur	x0, [x29, #-0x10]
4008fe40: 97ffff50     	bl	0x4008fb80 <reg_write32>
4008fe44: b9401fe1     	ldr	w1, [sp, #0x1c]
4008fe48: b85dc3a8     	ldur	w8, [x29, #-0x24]
4008fe4c: 321d0108     	orr	w8, w8, #0x8
4008fe50: b81dc3a8     	stur	w8, [x29, #-0x24]
4008fe54: f85f03a0     	ldur	x0, [x29, #-0x10]
4008fe58: b85dc3a2     	ldur	w2, [x29, #-0x24]
4008fe5c: 97ffff49     	bl	0x4008fb80 <reg_write32>
4008fe60: b9401fe1     	ldr	w1, [sp, #0x1c]
4008fe64: f85f03a0     	ldur	x0, [x29, #-0x10]
4008fe68: 97ffff3e     	bl	0x4008fb60 <reg_read32>
4008fe6c: 37180060     	tbnz	w0, #0x3, 0x4008fe78 <virtio_input_init+0x1d8>
4008fe70: 14000001     	b	0x4008fe74 <virtio_input_init+0x1d4>
4008fe74: 1400005f     	b	0x4008fff0 <virtio_input_init+0x350>
4008fe78: f85f03a0     	ldur	x0, [x29, #-0x10]
4008fe7c: 52800501     	mov	w1, #0x28               // =40
4008fe80: 52820002     	mov	w2, #0x1000             // =4096
4008fe84: 97ffff3f     	bl	0x4008fb80 <reg_write32>
4008fe88: f85f03a0     	ldur	x0, [x29, #-0x10]
4008fe8c: 52800601     	mov	w1, #0x30               // =48
4008fe90: 2a1f03e2     	mov	w2, wzr
4008fe94: 97ffff3b     	bl	0x4008fb80 <reg_write32>
4008fe98: f85f03a0     	ldur	x0, [x29, #-0x10]
4008fe9c: 52800681     	mov	w1, #0x34               // =52
4008fea0: 97ffff30     	bl	0x4008fb60 <reg_read32>
4008fea4: b9002be0     	str	w0, [sp, #0x28]
4008fea8: b9402be8     	ldr	w8, [sp, #0x28]
4008feac: 35000068     	cbnz	w8, 0x4008feb8 <virtio_input_init+0x218>
4008feb0: 14000001     	b	0x4008feb4 <virtio_input_init+0x214>
4008feb4: 1400004f     	b	0x4008fff0 <virtio_input_init+0x350>
4008feb8: f85f03a0     	ldur	x0, [x29, #-0x10]
4008febc: 52800701     	mov	w1, #0x38               // =56
4008fec0: 52800802     	mov	w2, #0x40               // =64
4008fec4: b9000be2     	str	w2, [sp, #0x8]
4008fec8: 97ffff2e     	bl	0x4008fb80 <reg_write32>
4008fecc: f85f03a0     	ldur	x0, [x29, #-0x10]
4008fed0: 52800781     	mov	w1, #0x3c               // =60
4008fed4: 52820002     	mov	w2, #0x1000             // =4096
4008fed8: 97ffff2a     	bl	0x4008fb80 <reg_write32>
4008fedc: b9400be1     	ldr	w1, [sp, #0x8]
4008fee0: f85f03a0     	ldur	x0, [x29, #-0x10]
4008fee4: f85e03a8     	ldur	x8, [x29, #-0x20]
4008fee8: 91400508     	add	x8, x8, #0x1, lsl #12   // =0x1000
4008feec: d34cfd08     	lsr	x8, x8, #12
4008fef0: 2a0803e2     	mov	w2, w8
4008fef4: 97ffff23     	bl	0x4008fb80 <reg_write32>
4008fef8: 2a1f03e8     	mov	w8, wzr
4008fefc: b90027e8     	str	w8, [sp, #0x24]
4008ff00: 14000001     	b	0x4008ff04 <virtio_input_init+0x264>
4008ff04: b94027e8     	ldr	w8, [sp, #0x24]
4008ff08: 7100fd08     	subs	w8, w8, #0x3f
4008ff0c: 5400040c     	b.gt	0x4008ff8c <virtio_input_init+0x2ec>
4008ff10: 14000001     	b	0x4008ff14 <virtio_input_init+0x274>
4008ff14: f85e03a9     	ldur	x9, [x29, #-0x20]
4008ff18: b98027ea     	ldrsw	x10, [sp, #0x24]
4008ff1c: 8b0a0d28     	add	x8, x9, x10, lsl #3
4008ff20: 91400d08     	add	x8, x8, #0x3, lsl #12   // =0x3000
4008ff24: 8b0a1129     	add	x9, x9, x10, lsl #4
4008ff28: f9080128     	str	x8, [x9, #0x1000]
4008ff2c: f85e03a8     	ldur	x8, [x29, #-0x20]
4008ff30: b98027e9     	ldrsw	x9, [sp, #0x24]
4008ff34: 8b091109     	add	x9, x8, x9, lsl #4
4008ff38: 52800108     	mov	w8, #0x8                // =8
4008ff3c: b9100928     	str	w8, [x9, #0x1008]
4008ff40: f85e03a8     	ldur	x8, [x29, #-0x20]
4008ff44: b98027e9     	ldrsw	x9, [sp, #0x24]
4008ff48: 8b091109     	add	x9, x8, x9, lsl #4
4008ff4c: 52800048     	mov	w8, #0x2                // =2
4008ff50: 79201928     	strh	w8, [x9, #0x100c]
4008ff54: f85e03a8     	ldur	x8, [x29, #-0x20]
4008ff58: b98027e9     	ldrsw	x9, [sp, #0x24]
4008ff5c: 8b091109     	add	x9, x8, x9, lsl #4
4008ff60: 2a1f03e8     	mov	w8, wzr
4008ff64: 79201d28     	strh	w8, [x9, #0x100e]
4008ff68: b98027e8     	ldrsw	x8, [sp, #0x24]
4008ff6c: f85e03a9     	ldur	x9, [x29, #-0x20]
4008ff70: 8b080529     	add	x9, x9, x8, lsl #1
4008ff74: 79280928     	strh	w8, [x9, #0x1404]
4008ff78: 14000001     	b	0x4008ff7c <virtio_input_init+0x2dc>
4008ff7c: b94027e8     	ldr	w8, [sp, #0x24]
4008ff80: 11000508     	add	w8, w8, #0x1
4008ff84: b90027e8     	str	w8, [sp, #0x24]
4008ff88: 17ffffdf     	b	0x4008ff04 <virtio_input_init+0x264>
4008ff8c: d5033fbf     	dmb	sy
4008ff90: f85e03a9     	ldur	x9, [x29, #-0x20]
4008ff94: 52800808     	mov	w8, #0x40               // =64
4008ff98: 79280528     	strh	w8, [x9, #0x1402]
4008ff9c: d5033fbf     	dmb	sy
4008ffa0: b85dc3a8     	ldur	w8, [x29, #-0x24]
4008ffa4: 321e0108     	orr	w8, w8, #0x4
4008ffa8: b81dc3a8     	stur	w8, [x29, #-0x24]
4008ffac: f85f03a0     	ldur	x0, [x29, #-0x10]
4008ffb0: b85dc3a2     	ldur	w2, [x29, #-0x24]
4008ffb4: 52800e01     	mov	w1, #0x70               // =112
4008ffb8: 97fffef2     	bl	0x4008fb80 <reg_write32>
4008ffbc: f85f03a0     	ldur	x0, [x29, #-0x10]
4008ffc0: 52800a01     	mov	w1, #0x50               // =80
4008ffc4: 2a1f03e2     	mov	w2, wzr
4008ffc8: 97fffeee     	bl	0x4008fb80 <reg_write32>
4008ffcc: f85e03a8     	ldur	x8, [x29, #-0x20]
4008ffd0: b9400900     	ldr	w0, [x8, #0x8]
4008ffd4: 97ffd387     	bl	0x40084df0 <gic_enable_interrupt>
4008ffd8: d0004389     	adrp	x9, 0x40901000 <input_lock>
4008ffdc: b9400528     	ldr	w8, [x9, #0x4]
4008ffe0: 11000508     	add	w8, w8, #0x1
4008ffe4: b9000528     	str	w8, [x9, #0x4]
4008ffe8: 14000001     	b	0x4008ffec <virtio_input_init+0x34c>
4008ffec: 14000001     	b	0x4008fff0 <virtio_input_init+0x350>
4008fff0: b85fc3a8     	ldur	w8, [x29, #-0x4]
4008fff4: 11000508     	add	w8, w8, #0x1
4008fff8: b81fc3a8     	stur	w8, [x29, #-0x4]
4008fffc: 17ffff34     	b	0x4008fccc <virtio_input_init+0x2c>
40090000: b0004388     	adrp	x8, 0x40901000 <input_lock>
40090004: b9400508     	ldr	w8, [x8, #0x4]
40090008: 71000508     	subs	w8, w8, #0x1
4009000c: 5a9fa3e0     	csetm	w0, lt
40090010: a9457bfd     	ldp	x29, x30, [sp, #0x50]
40090014: 910183ff     	add	sp, sp, #0x60
40090018: d65f03c0     	ret
4009001c: 00000000     	udf	#0x0

0000000040090020 <virtio_input_test_suite>:
40090020: a9bf7bfd     	stp	x29, x30, [sp, #-0x10]!
40090024: 910003fd     	mov	x29, sp
40090028: d503201f     	nop
4009002c: 30012780     	adr	x0, 0x4009251d <UART0_FR+0x19f5>
40090030: 97ffd4bc     	bl	0x40085320 <uart_puts>
40090034: 94000003     	bl	0x40090040 <test_virtio_input_get_events>
40090038: a8c17bfd     	ldp	x29, x30, [sp], #0x10
4009003c: d65f03c0     	ret

0000000040090040 <test_virtio_input_get_events>:
40090040: d101c3ff     	sub	sp, sp, #0x70
40090044: a9067bfd     	stp	x29, x30, [sp, #0x60]
40090048: 910183fd     	add	x29, sp, #0x60
4009004c: d0000000     	adrp	x0, 0x40092000 <UART0_FR+0x14d8>
40090050: 91021000     	add	x0, x0, #0x84
40090054: 97ffd4b3     	bl	0x40085320 <uart_puts>
40090058: d0000c89     	adrp	x9, 0x40222000 <syscall_tasks+0x7f8>
4009005c: b9400928     	ldr	w8, [x9, #0x8]
40090060: 11000508     	add	w8, w8, #0x1
40090064: b9000928     	str	w8, [x9, #0x8]
40090068: 910043e0     	add	x0, sp, #0x10
4009006c: 52800141     	mov	w1, #0xa                // =10
40090070: 97fffed0     	bl	0x4008fbb0 <virtio_input_get_events>
40090074: b9000fe0     	str	w0, [sp, #0xc]
40090078: b9400fe8     	ldr	w8, [sp, #0xc]
4009007c: 36f80148     	tbz	w8, #0x1f, 0x400900a4 <test_virtio_input_get_events+0x64>
40090080: 14000001     	b	0x40090084 <test_virtio_input_get_events+0x44>
40090084: d0000000     	adrp	x0, 0x40092000 <UART0_FR+0x14d8>
40090088: 91292c00     	add	x0, x0, #0xa4b
4009008c: 97ffd4a5     	bl	0x40085320 <uart_puts>
40090090: d0000c89     	adrp	x9, 0x40222000 <syscall_tasks+0x7f8>
40090094: b9400d28     	ldr	w8, [x9, #0xc]
40090098: 11000508     	add	w8, w8, #0x1
4009009c: b9000d28     	str	w8, [x9, #0xc]
400900a0: 14000001     	b	0x400900a4 <test_virtio_input_get_events+0x64>
400900a4: a9467bfd     	ldp	x29, x30, [sp, #0x60]
400900a8: 9101c3ff     	add	sp, sp, #0x70
400900ac: d65f03c0     	ret

00000000400900b0 <virtio_net_get_mac>:
400900b0: d10043ff     	sub	sp, sp, #0x10
400900b4: f90007e0     	str	x0, [sp, #0x8]
400900b8: 2a1f03e8     	mov	w8, wzr
400900bc: b90007e8     	str	w8, [sp, #0x4]
400900c0: 14000001     	b	0x400900c4 <virtio_net_get_mac+0x14>
400900c4: b94007e8     	ldr	w8, [sp, #0x4]
400900c8: 71001508     	subs	w8, w8, #0x5
400900cc: 540001ac     	b.gt	0x40090100 <virtio_net_get_mac+0x50>
400900d0: 14000001     	b	0x400900d4 <virtio_net_get_mac+0x24>
400900d4: b98007ea     	ldrsw	x10, [sp, #0x4]
400900d8: f0004408     	adrp	x8, 0x40913000 <local_mac>
400900dc: 91000108     	add	x8, x8, #0x0
400900e0: 386a6908     	ldrb	w8, [x8, x10]
400900e4: f94007e9     	ldr	x9, [sp, #0x8]
400900e8: 382a6928     	strb	w8, [x9, x10]
400900ec: 14000001     	b	0x400900f0 <virtio_net_get_mac+0x40>
400900f0: b94007e8     	ldr	w8, [sp, #0x4]
400900f4: 11000508     	add	w8, w8, #0x1
400900f8: b90007e8     	str	w8, [sp, #0x4]
400900fc: 17fffff2     	b	0x400900c4 <virtio_net_get_mac+0x14>
40090100: 910043ff     	add	sp, sp, #0x10
40090104: d65f03c0     	ret
40090108: d503201f     	nop
4009010c: d503201f     	nop

0000000040090110 <virtio_net_init>:
40090110: d10143ff     	sub	sp, sp, #0x50
40090114: a9047bfd     	stp	x29, x30, [sp, #0x40]
40090118: 910103fd     	add	x29, sp, #0x40
4009011c: f0004400     	adrp	x0, 0x40913000 <local_mac>
40090120: 91002000     	add	x0, x0, #0x8
40090124: 97ffd35f     	bl	0x40084ea0 <spinlock_init>
40090128: f0004400     	adrp	x0, 0x40913000 <local_mac>
4009012c: 91003000     	add	x0, x0, #0xc
40090130: 97ffd35c     	bl	0x40084ea0 <spinlock_init>
40090134: 2a1f03e8     	mov	w8, wzr
40090138: b81f83a8     	stur	w8, [x29, #-0x8]
4009013c: 14000001     	b	0x40090140 <virtio_net_init+0x30>
40090140: b85f83a8     	ldur	w8, [x29, #-0x8]
40090144: 71007d08     	subs	w8, w8, #0x1f
40090148: 5400048c     	b.gt	0x400901d8 <virtio_net_init+0xc8>
4009014c: 14000001     	b	0x40090150 <virtio_net_init+0x40>
40090150: b85f83a8     	ldur	w8, [x29, #-0x8]
40090154: 53175909     	lsl	w9, w8, #9
40090158: 52a14008     	mov	w8, #0xa000000          // =167772160
4009015c: 8b29c108     	add	x8, x8, w9, sxtw
40090160: f81f03a8     	stur	x8, [x29, #-0x10]
40090164: f85f03a8     	ldur	x8, [x29, #-0x10]
40090168: b9400108     	ldr	w8, [x8]
4009016c: b81ec3a8     	stur	w8, [x29, #-0x14]
40090170: f85f03a8     	ldur	x8, [x29, #-0x10]
40090174: b9400908     	ldr	w8, [x8, #0x8]
40090178: b81e83a8     	stur	w8, [x29, #-0x18]
4009017c: b85ec3a8     	ldur	w8, [x29, #-0x14]
40090180: 528d2ec9     	mov	w9, #0x6976             // =26998
40090184: 72ae8e49     	movk	w9, #0x7472, lsl #16
40090188: 6b090108     	subs	w8, w8, w9
4009018c: 540001c1     	b.ne	0x400901c4 <virtio_net_init+0xb4>
40090190: 14000001     	b	0x40090194 <virtio_net_init+0x84>
40090194: b85e83a8     	ldur	w8, [x29, #-0x18]
40090198: 71000508     	subs	w8, w8, #0x1
4009019c: 54000141     	b.ne	0x400901c4 <virtio_net_init+0xb4>
400901a0: 14000001     	b	0x400901a4 <virtio_net_init+0x94>
400901a4: f85f03a8     	ldur	x8, [x29, #-0x10]
400901a8: f0004409     	adrp	x9, 0x40913000 <local_mac>
400901ac: f9000928     	str	x8, [x9, #0x10]
400901b0: b85f83a8     	ldur	w8, [x29, #-0x8]
400901b4: 1100c108     	add	w8, w8, #0x30
400901b8: d0000009     	adrp	x9, 0x40092000 <UART0_FR+0x14d8>
400901bc: b90b7d28     	str	w8, [x9, #0xb7c]
400901c0: 14000006     	b	0x400901d8 <virtio_net_init+0xc8>
400901c4: 14000001     	b	0x400901c8 <virtio_net_init+0xb8>
400901c8: b85f83a8     	ldur	w8, [x29, #-0x8]
400901cc: 11000508     	add	w8, w8, #0x1
400901d0: b81f83a8     	stur	w8, [x29, #-0x8]
400901d4: 17ffffdb     	b	0x40090140 <virtio_net_init+0x30>
400901d8: f0004408     	adrp	x8, 0x40913000 <local_mac>
400901dc: f9400908     	ldr	x8, [x8, #0x10]
400901e0: b5000108     	cbnz	x8, 0x40090200 <virtio_net_init+0xf0>
400901e4: 14000001     	b	0x400901e8 <virtio_net_init+0xd8>
400901e8: d503201f     	nop
400901ec: 50005060     	adr	x0, 0x40090bfa <UART0_FR+0xd2>
400901f0: 97ffd44c     	bl	0x40085320 <uart_puts>
400901f4: 12800008     	mov	w8, #-0x1               // =-1
400901f8: b81fc3a8     	stur	w8, [x29, #-0x4]
400901fc: 140000a8     	b	0x4009049c <virtio_net_init+0x38c>
40090200: 2a1f03e8     	mov	w8, wzr
40090204: b9000fe8     	str	w8, [sp, #0xc]
40090208: b81e43a8     	stur	w8, [x29, #-0x1c]
4009020c: b85e43a1     	ldur	w1, [x29, #-0x1c]
40090210: 52800e00     	mov	w0, #0x70               // =112
40090214: b90017e0     	str	w0, [sp, #0x14]
40090218: 940000a6     	bl	0x400904b0 <reg_write32>
4009021c: b94017e0     	ldr	w0, [sp, #0x14]
40090220: b85e43a8     	ldur	w8, [x29, #-0x1c]
40090224: 32000108     	orr	w8, w8, #0x1
40090228: b81e43a8     	stur	w8, [x29, #-0x1c]
4009022c: b85e43a1     	ldur	w1, [x29, #-0x1c]
40090230: 940000a0     	bl	0x400904b0 <reg_write32>
40090234: b94017e0     	ldr	w0, [sp, #0x14]
40090238: b85e43a8     	ldur	w8, [x29, #-0x1c]
4009023c: 321f0108     	orr	w8, w8, #0x2
40090240: b81e43a8     	stur	w8, [x29, #-0x1c]
40090244: b85e43a1     	ldur	w1, [x29, #-0x1c]
40090248: 9400009a     	bl	0x400904b0 <reg_write32>
4009024c: 52800480     	mov	w0, #0x24               // =36
40090250: b9000be0     	str	w0, [sp, #0x8]
40090254: 52800021     	mov	w1, #0x1                // =1
40090258: b90007e1     	str	w1, [sp, #0x4]
4009025c: 94000095     	bl	0x400904b0 <reg_write32>
40090260: b94007e1     	ldr	w1, [sp, #0x4]
40090264: 52800400     	mov	w0, #0x20               // =32
40090268: b90013e0     	str	w0, [sp, #0x10]
4009026c: 94000091     	bl	0x400904b0 <reg_write32>
40090270: b9400be0     	ldr	w0, [sp, #0x8]
40090274: b9400fe1     	ldr	w1, [sp, #0xc]
40090278: 9400008e     	bl	0x400904b0 <reg_write32>
4009027c: b94013e1     	ldr	w1, [sp, #0x10]
40090280: 2a0103e0     	mov	w0, w1
40090284: 9400008b     	bl	0x400904b0 <reg_write32>
40090288: b94017e0     	ldr	w0, [sp, #0x14]
4009028c: b85e43a8     	ldur	w8, [x29, #-0x1c]
40090290: 321d0108     	orr	w8, w8, #0x8
40090294: b81e43a8     	stur	w8, [x29, #-0x1c]
40090298: b85e43a1     	ldur	w1, [x29, #-0x1c]
4009029c: 94000085     	bl	0x400904b0 <reg_write32>
400902a0: b94017e0     	ldr	w0, [sp, #0x14]
400902a4: 9400008f     	bl	0x400904e0 <reg_read32>
400902a8: 371800a0     	tbnz	w0, #0x3, 0x400902bc <virtio_net_init+0x1ac>
400902ac: 14000001     	b	0x400902b0 <virtio_net_init+0x1a0>
400902b0: 12800008     	mov	w8, #-0x1               // =-1
400902b4: b81fc3a8     	stur	w8, [x29, #-0x4]
400902b8: 14000079     	b	0x4009049c <virtio_net_init+0x38c>
400902bc: 2a1f03e8     	mov	w8, wzr
400902c0: b90023e8     	str	w8, [sp, #0x20]
400902c4: 14000001     	b	0x400902c8 <virtio_net_init+0x1b8>
400902c8: b94023e8     	ldr	w8, [sp, #0x20]
400902cc: 71001508     	subs	w8, w8, #0x5
400902d0: 540001cc     	b.gt	0x40090308 <virtio_net_init+0x1f8>
400902d4: 14000001     	b	0x400902d8 <virtio_net_init+0x1c8>
400902d8: b94023e8     	ldr	w8, [sp, #0x20]
400902dc: 11040100     	add	w0, w8, #0x100
400902e0: 94000088     	bl	0x40090500 <reg_read8>
400902e4: b98023e9     	ldrsw	x9, [sp, #0x20]
400902e8: f0004408     	adrp	x8, 0x40913000 <local_mac>
400902ec: 91000108     	add	x8, x8, #0x0
400902f0: 38296900     	strb	w0, [x8, x9]
400902f4: 14000001     	b	0x400902f8 <virtio_net_init+0x1e8>
400902f8: b94023e8     	ldr	w8, [sp, #0x20]
400902fc: 11000508     	add	w8, w8, #0x1
40090300: b90023e8     	str	w8, [sp, #0x20]
40090304: 17fffff1     	b	0x400902c8 <virtio_net_init+0x1b8>
40090308: d0000000     	adrp	x0, 0x40092000 <UART0_FR+0x14d8>
4009030c: 91086c00     	add	x0, x0, #0x21b
40090310: 97ffd404     	bl	0x40085320 <uart_puts>
40090314: 2a1f03e8     	mov	w8, wzr
40090318: b9001fe8     	str	w8, [sp, #0x1c]
4009031c: 14000001     	b	0x40090320 <virtio_net_init+0x210>
40090320: b9401fe8     	ldr	w8, [sp, #0x1c]
40090324: 71001508     	subs	w8, w8, #0x5
40090328: 540002ac     	b.gt	0x4009037c <virtio_net_init+0x26c>
4009032c: 14000001     	b	0x40090330 <virtio_net_init+0x220>
40090330: b9801fe9     	ldrsw	x9, [sp, #0x1c]
40090334: f0004408     	adrp	x8, 0x40913000 <local_mac>
40090338: 91000108     	add	x8, x8, #0x0
4009033c: 38696908     	ldrb	w8, [x8, x9]
40090340: 2a0803e0     	mov	w0, w8
40090344: 97ffd467     	bl	0x400854e0 <uart_print_hex>
40090348: b9401fe8     	ldr	w8, [sp, #0x1c]
4009034c: 71001108     	subs	w8, w8, #0x4
40090350: 540000cc     	b.gt	0x40090368 <virtio_net_init+0x258>
40090354: 14000001     	b	0x40090358 <virtio_net_init+0x248>
40090358: b0000000     	adrp	x0, 0x40091000 <UART0_FR+0x4d8>
4009035c: 912f8c00     	add	x0, x0, #0xbe3
40090360: 97ffd3f0     	bl	0x40085320 <uart_puts>
40090364: 14000001     	b	0x40090368 <virtio_net_init+0x258>
40090368: 14000001     	b	0x4009036c <virtio_net_init+0x25c>
4009036c: b9401fe8     	ldr	w8, [sp, #0x1c]
40090370: 11000508     	add	w8, w8, #0x1
40090374: b9001fe8     	str	w8, [sp, #0x1c]
40090378: 17ffffea     	b	0x40090320 <virtio_net_init+0x210>
4009037c: b0000000     	adrp	x0, 0x40091000 <UART0_FR+0x4d8>
40090380: 913b0800     	add	x0, x0, #0xec2
40090384: 97ffd3e7     	bl	0x40085320 <uart_puts>
40090388: 52800500     	mov	w0, #0x28               // =40
4009038c: 52820001     	mov	w1, #0x1000             // =4096
40090390: 94000048     	bl	0x400904b0 <reg_write32>
40090394: 52800600     	mov	w0, #0x30               // =48
40090398: 2a1f03e1     	mov	w1, wzr
4009039c: 94000045     	bl	0x400904b0 <reg_write32>
400903a0: 52800680     	mov	w0, #0x34               // =52
400903a4: 9400004f     	bl	0x400904e0 <reg_read32>
400903a8: b9001be0     	str	w0, [sp, #0x18]
400903ac: b9401be8     	ldr	w8, [sp, #0x18]
400903b0: 340000c8     	cbz	w8, 0x400903c8 <virtio_net_init+0x2b8>
400903b4: 14000001     	b	0x400903b8 <virtio_net_init+0x2a8>
400903b8: b9401be8     	ldr	w8, [sp, #0x18]
400903bc: 71003d08     	subs	w8, w8, #0xf
400903c0: 540000a8     	b.hi	0x400903d4 <virtio_net_init+0x2c4>
400903c4: 14000001     	b	0x400903c8 <virtio_net_init+0x2b8>
400903c8: 12800008     	mov	w8, #-0x1               // =-1
400903cc: b81fc3a8     	stur	w8, [x29, #-0x4]
400903d0: 14000033     	b	0x4009049c <virtio_net_init+0x38c>
400903d4: 52800700     	mov	w0, #0x38               // =56
400903d8: 52800201     	mov	w1, #0x10               // =16
400903dc: 94000035     	bl	0x400904b0 <reg_write32>
400903e0: 52800780     	mov	w0, #0x3c               // =60
400903e4: 52820001     	mov	w1, #0x1000             // =4096
400903e8: 94000032     	bl	0x400904b0 <reg_write32>
400903ec: 90004428     	adrp	x8, 0x40914000 <rx_vq>
400903f0: 91000108     	add	x8, x8, #0x0
400903f4: d34cfd08     	lsr	x8, x8, #12
400903f8: 2a0803e1     	mov	w1, w8
400903fc: 52800800     	mov	w0, #0x40               // =64
40090400: 9400002c     	bl	0x400904b0 <reg_write32>
40090404: 52800600     	mov	w0, #0x30               // =48
40090408: 52800021     	mov	w1, #0x1                // =1
4009040c: 94000029     	bl	0x400904b0 <reg_write32>
40090410: 52800680     	mov	w0, #0x34               // =52
40090414: 94000033     	bl	0x400904e0 <reg_read32>
40090418: b9001be0     	str	w0, [sp, #0x18]
4009041c: b9401be8     	ldr	w8, [sp, #0x18]
40090420: 340000c8     	cbz	w8, 0x40090438 <virtio_net_init+0x328>
40090424: 14000001     	b	0x40090428 <virtio_net_init+0x318>
40090428: b9401be8     	ldr	w8, [sp, #0x18]
4009042c: 71003d08     	subs	w8, w8, #0xf
40090430: 540000a8     	b.hi	0x40090444 <virtio_net_init+0x334>
40090434: 14000001     	b	0x40090438 <virtio_net_init+0x328>
40090438: 12800008     	mov	w8, #-0x1               // =-1
4009043c: b81fc3a8     	stur	w8, [x29, #-0x4]
40090440: 14000017     	b	0x4009049c <virtio_net_init+0x38c>
40090444: 52800700     	mov	w0, #0x38               // =56
40090448: 52800201     	mov	w1, #0x10               // =16
4009044c: 94000019     	bl	0x400904b0 <reg_write32>
40090450: 52800780     	mov	w0, #0x3c               // =60
40090454: 52820001     	mov	w1, #0x1000             // =4096
40090458: 94000016     	bl	0x400904b0 <reg_write32>
4009045c: d0004428     	adrp	x8, 0x40916000 <tx_vq>
40090460: 91000108     	add	x8, x8, #0x0
40090464: d34cfd08     	lsr	x8, x8, #12
40090468: 2a0803e1     	mov	w1, w8
4009046c: 52800800     	mov	w0, #0x40               // =64
40090470: 94000010     	bl	0x400904b0 <reg_write32>
40090474: b85e43a8     	ldur	w8, [x29, #-0x1c]
40090478: 321e0108     	orr	w8, w8, #0x4
4009047c: b81e43a8     	stur	w8, [x29, #-0x1c]
40090480: b85e43a1     	ldur	w1, [x29, #-0x1c]
40090484: 52800e00     	mov	w0, #0x70               // =112
40090488: 9400000a     	bl	0x400904b0 <reg_write32>
4009048c: 94000025     	bl	0x40090520 <fill_rx_descriptors>
40090490: 2a1f03e8     	mov	w8, wzr
40090494: b81fc3a8     	stur	w8, [x29, #-0x4]
40090498: 14000001     	b	0x4009049c <virtio_net_init+0x38c>
4009049c: b85fc3a0     	ldur	w0, [x29, #-0x4]
400904a0: a9447bfd     	ldp	x29, x30, [sp, #0x40]
400904a4: 910143ff     	add	sp, sp, #0x50
400904a8: d65f03c0     	ret
400904ac: d503201f     	nop

00000000400904b0 <reg_write32>:
400904b0: d10043ff     	sub	sp, sp, #0x10
400904b4: b9000fe0     	str	w0, [sp, #0xc]
400904b8: b9000be1     	str	w1, [sp, #0x8]
400904bc: b9400be8     	ldr	w8, [sp, #0x8]
400904c0: f0004409     	adrp	x9, 0x40913000 <local_mac>
400904c4: f9400929     	ldr	x9, [x9, #0x10]
400904c8: b9400fea     	ldr	w10, [sp, #0xc]
400904cc: b82a6928     	str	w8, [x9, x10]
400904d0: 910043ff     	add	sp, sp, #0x10
400904d4: d65f03c0     	ret
400904d8: d503201f     	nop
400904dc: d503201f     	nop

00000000400904e0 <reg_read32>:
400904e0: d10043ff     	sub	sp, sp, #0x10
400904e4: b9000fe0     	str	w0, [sp, #0xc]
400904e8: f0004408     	adrp	x8, 0x40913000 <local_mac>
400904ec: f9400908     	ldr	x8, [x8, #0x10]
400904f0: b9400fe9     	ldr	w9, [sp, #0xc]
400904f4: b8696900     	ldr	w0, [x8, x9]
400904f8: 910043ff     	add	sp, sp, #0x10
400904fc: d65f03c0     	ret

0000000040090500 <reg_read8>:
40090500: d10043ff     	sub	sp, sp, #0x10
40090504: b9000fe0     	str	w0, [sp, #0xc]
40090508: f0004408     	adrp	x8, 0x40913000 <local_mac>
4009050c: f9400908     	ldr	x8, [x8, #0x10]
40090510: b9400fe9     	ldr	w9, [sp, #0xc]
40090514: 38696900     	ldrb	w0, [x8, x9]
40090518: 910043ff     	add	sp, sp, #0x10
4009051c: d65f03c0     	ret

0000000040090520 <fill_rx_descriptors>:
40090520: d100c3ff     	sub	sp, sp, #0x30
40090524: a9027bfd     	stp	x29, x30, [sp, #0x20]
40090528: 910083fd     	add	x29, sp, #0x20
4009052c: 2a1f03e8     	mov	w8, wzr
40090530: b81fc3a8     	stur	w8, [x29, #-0x4]
40090534: 14000001     	b	0x40090538 <fill_rx_descriptors+0x18>
40090538: b85fc3a8     	ldur	w8, [x29, #-0x4]
4009053c: 71001d08     	subs	w8, w8, #0x7
40090540: 5400082c     	b.gt	0x40090644 <fill_rx_descriptors+0x124>
40090544: 14000001     	b	0x40090548 <fill_rx_descriptors+0x28>
40090548: b89fc3a8     	ldursw	x8, [x29, #-0x4]
4009054c: 2a0803e9     	mov	w9, w8
40090550: 52800148     	mov	w8, #0xa                // =10
40090554: 2a0803e0     	mov	w0, w8
40090558: 2a0003ea     	mov	w10, w0
4009055c: b000446b     	adrp	x11, 0x4091d000 <rx_hdrs>
40090560: 9100016b     	add	x11, x11, #0x0
40090564: 9b2a2d2a     	smaddl	x10, w9, w10, x11
40090568: 531f792b     	lsl	w11, w9, #1
4009056c: 2a0b03e9     	mov	w9, w11
40090570: 937c7d2b     	sbfiz	x11, x9, #4, #32
40090574: 90004429     	adrp	x9, 0x40914000 <rx_vq>
40090578: 91000129     	add	x9, x9, #0x0
4009057c: f9000be9     	str	x9, [sp, #0x10]
40090580: f82b692a     	str	x10, [x9, x11]
40090584: b85fc3aa     	ldur	w10, [x29, #-0x4]
40090588: 531f794a     	lsl	w10, w10, #1
4009058c: 8b2ad12a     	add	x10, x9, w10, sxtw #4
40090590: b9000948     	str	w8, [x10, #0x8]
40090594: b85fc3a8     	ldur	w8, [x29, #-0x4]
40090598: 531f7908     	lsl	w8, w8, #1
4009059c: 8b28d12a     	add	x10, x9, w8, sxtw #4
400905a0: 52800068     	mov	w8, #0x3                // =3
400905a4: 79001948     	strh	w8, [x10, #0xc]
400905a8: b85fc3ab     	ldur	w11, [x29, #-0x4]
400905ac: 531f796a     	lsl	w10, w11, #1
400905b0: 52800028     	mov	w8, #0x1                // =1
400905b4: 331f7968     	bfi	w8, w11, #1, #31
400905b8: 8b2ad12a     	add	x10, x9, w10, sxtw #4
400905bc: 79001d48     	strh	w8, [x10, #0xe]
400905c0: b89fc3ab     	ldursw	x11, [x29, #-0x4]
400905c4: 2a0b03ea     	mov	w10, w11
400905c8: b0004448     	adrp	x8, 0x40919000 <rx_buffers>
400905cc: 91000108     	add	x8, x8, #0x0
400905d0: 8b0b2d08     	add	x8, x8, x11, lsl #11
400905d4: 531f794a     	lsl	w10, w10, #1
400905d8: 8b2ad12a     	add	x10, x9, w10, sxtw #4
400905dc: f9000948     	str	x8, [x10, #0x10]
400905e0: b85fc3a8     	ldur	w8, [x29, #-0x4]
400905e4: 531f7908     	lsl	w8, w8, #1
400905e8: 8b28d12a     	add	x10, x9, w8, sxtw #4
400905ec: 52810008     	mov	w8, #0x800              // =2048
400905f0: b9001948     	str	w8, [x10, #0x18]
400905f4: b85fc3a8     	ldur	w8, [x29, #-0x4]
400905f8: 531f7908     	lsl	w8, w8, #1
400905fc: 8b28d12a     	add	x10, x9, w8, sxtw #4
40090600: 52800048     	mov	w8, #0x2                // =2
40090604: 79003948     	strh	w8, [x10, #0x1c]
40090608: b85fc3a8     	ldur	w8, [x29, #-0x4]
4009060c: 531f7908     	lsl	w8, w8, #1
40090610: 8b28d12a     	add	x10, x9, w8, sxtw #4
40090614: 2a1f03e8     	mov	w8, wzr
40090618: 79003d48     	strh	w8, [x10, #0x1e]
4009061c: b89fc3aa     	ldursw	x10, [x29, #-0x4]
40090620: 2a0a03e8     	mov	w8, w10
40090624: 531f7908     	lsl	w8, w8, #1
40090628: 8b0a0529     	add	x9, x9, x10, lsl #1
4009062c: 79020928     	strh	w8, [x9, #0x104]
40090630: 14000001     	b	0x40090634 <fill_rx_descriptors+0x114>
40090634: b85fc3a8     	ldur	w8, [x29, #-0x4]
40090638: 11000508     	add	w8, w8, #0x1
4009063c: b81fc3a8     	stur	w8, [x29, #-0x4]
40090640: 17ffffbe     	b	0x40090538 <fill_rx_descriptors+0x18>
40090644: d5033fbf     	dmb	sy
40090648: 90004429     	adrp	x9, 0x40914000 <rx_vq>
4009064c: 52800108     	mov	w8, #0x8                // =8
40090650: 79020528     	strh	w8, [x9, #0x102]
40090654: d5033fbf     	dmb	sy
40090658: 52800600     	mov	w0, #0x30               // =48
4009065c: 2a1f03e1     	mov	w1, wzr
40090660: b9000fe1     	str	w1, [sp, #0xc]
40090664: 97ffff93     	bl	0x400904b0 <reg_write32>
40090668: b9400fe1     	ldr	w1, [sp, #0xc]
4009066c: 52800a00     	mov	w0, #0x50               // =80
40090670: 97ffff90     	bl	0x400904b0 <reg_write32>
40090674: a9427bfd     	ldp	x29, x30, [sp, #0x20]
40090678: 9100c3ff     	add	sp, sp, #0x30
4009067c: d65f03c0     	ret

0000000040090680 <virtio_net_send>:
40090680: d10143ff     	sub	sp, sp, #0x50
40090684: a9047bfd     	stp	x29, x30, [sp, #0x40]
40090688: 910103fd     	add	x29, sp, #0x40
4009068c: f81f03a0     	stur	x0, [x29, #-0x10]
40090690: b81ec3a1     	stur	w1, [x29, #-0x14]
40090694: f0004400     	adrp	x0, 0x40913000 <local_mac>
40090698: 91003000     	add	x0, x0, #0xc
4009069c: 97ffd21d     	bl	0x40084f10 <spinlock_acquire_irqsave>
400906a0: f90013e0     	str	x0, [sp, #0x20]
400906a4: f0004408     	adrp	x8, 0x40913000 <local_mac>
400906a8: f9400908     	ldr	x8, [x8, #0x10]
400906ac: b5000128     	cbnz	x8, 0x400906d0 <virtio_net_send+0x50>
400906b0: 14000001     	b	0x400906b4 <virtio_net_send+0x34>
400906b4: f94013e1     	ldr	x1, [sp, #0x20]
400906b8: f0004400     	adrp	x0, 0x40913000 <local_mac>
400906bc: 91003000     	add	x0, x0, #0xc
400906c0: 97ffd224     	bl	0x40084f50 <spinlock_release_irqrestore>
400906c4: 12800008     	mov	w8, #-0x1               // =-1
400906c8: b81fc3a8     	stur	w8, [x29, #-0x4]
400906cc: 1400006d     	b	0x40090880 <virtio_net_send+0x200>
400906d0: 2a1f03e8     	mov	w8, wzr
400906d4: b9001fe8     	str	w8, [sp, #0x1c]
400906d8: 14000001     	b	0x400906dc <virtio_net_send+0x5c>
400906dc: b9801fe8     	ldrsw	x8, [sp, #0x1c]
400906e0: f1002508     	subs	x8, x8, #0x9
400906e4: 54000188     	b.hi	0x40090714 <virtio_net_send+0x94>
400906e8: 14000001     	b	0x400906ec <virtio_net_send+0x6c>
400906ec: b9801fea     	ldrsw	x10, [sp, #0x1c]
400906f0: 90004449     	adrp	x9, 0x40918000 <tx_hdr>
400906f4: 91000129     	add	x9, x9, #0x0
400906f8: 2a1f03e8     	mov	w8, wzr
400906fc: 382a6928     	strb	w8, [x9, x10]
40090700: 14000001     	b	0x40090704 <virtio_net_send+0x84>
40090704: b9401fe8     	ldr	w8, [sp, #0x1c]
40090708: 11000508     	add	w8, w8, #0x1
4009070c: b9001fe8     	str	w8, [sp, #0x1c]
40090710: 17fffff3     	b	0x400906dc <virtio_net_send+0x5c>
40090714: d0004429     	adrp	x9, 0x40916000 <tx_vq>
40090718: 91000129     	add	x9, x9, #0x0
4009071c: f90007e9     	str	x9, [sp, #0x8]
40090720: 79420528     	ldrh	w8, [x9, #0x102]
40090724: 531f0908     	ubfiz	w8, w8, #1, #3
40090728: 790037e8     	strh	w8, [sp, #0x1a]
4009072c: 794037e8     	ldrh	w8, [sp, #0x1a]
40090730: d37ced0a     	lsl	x10, x8, #4
40090734: 90004448     	adrp	x8, 0x40918000 <tx_hdr>
40090738: 91000108     	add	x8, x8, #0x0
4009073c: f82a6928     	str	x8, [x9, x10]
40090740: 794037e8     	ldrh	w8, [sp, #0x1a]
40090744: 8b08112a     	add	x10, x9, x8, lsl #4
40090748: 52800148     	mov	w8, #0xa                // =10
4009074c: b9000948     	str	w8, [x10, #0x8]
40090750: 794037e8     	ldrh	w8, [sp, #0x1a]
40090754: 8b081128     	add	x8, x9, x8, lsl #4
40090758: 52800021     	mov	w1, #0x1                // =1
4009075c: b90017e1     	str	w1, [sp, #0x14]
40090760: 79001901     	strh	w1, [x8, #0xc]
40090764: 794037ea     	ldrh	w10, [sp, #0x1a]
40090768: 11000548     	add	w8, w10, #0x1
4009076c: 2a0a03e0     	mov	w0, w10
40090770: 2a0003ea     	mov	w10, w0
40090774: 8b2a312a     	add	x10, x9, w10, uxth #4
40090778: 79001d48     	strh	w8, [x10, #0xe]
4009077c: f85f03a8     	ldur	x8, [x29, #-0x10]
40090780: 794037ea     	ldrh	w10, [sp, #0x1a]
40090784: 1100054b     	add	w11, w10, #0x1
40090788: 2a0b03ea     	mov	w10, w11
4009078c: d37c7d4a     	ubfiz	x10, x10, #4, #32
40090790: f82a6928     	str	x8, [x9, x10]
40090794: b85ec3a8     	ldur	w8, [x29, #-0x14]
40090798: 794037ea     	ldrh	w10, [sp, #0x1a]
4009079c: 1100054a     	add	w10, w10, #0x1
400907a0: 8b2a512a     	add	x10, x9, w10, uxtw #4
400907a4: b9000948     	str	w8, [x10, #0x8]
400907a8: 794037e8     	ldrh	w8, [sp, #0x1a]
400907ac: 11000508     	add	w8, w8, #0x1
400907b0: 8b28512a     	add	x10, x9, w8, uxtw #4
400907b4: 2a1f03e8     	mov	w8, wzr
400907b8: 79001948     	strh	w8, [x10, #0xc]
400907bc: 794037ea     	ldrh	w10, [sp, #0x1a]
400907c0: 1100054a     	add	w10, w10, #0x1
400907c4: 8b2a512a     	add	x10, x9, w10, uxtw #4
400907c8: 79001d48     	strh	w8, [x10, #0xe]
400907cc: 79420528     	ldrh	w8, [x9, #0x102]
400907d0: 12000d08     	and	w8, w8, #0xf
400907d4: 8b28452a     	add	x10, x9, w8, uxtw #1
400907d8: 794037e8     	ldrh	w8, [sp, #0x1a]
400907dc: 79020948     	strh	w8, [x10, #0x104]
400907e0: d5033fbf     	dmb	sy
400907e4: 79420528     	ldrh	w8, [x9, #0x102]
400907e8: 11000508     	add	w8, w8, #0x1
400907ec: 79020528     	strh	w8, [x9, #0x102]
400907f0: d5033fbf     	dmb	sy
400907f4: 52800600     	mov	w0, #0x30               // =48
400907f8: 97ffff2e     	bl	0x400904b0 <reg_write32>
400907fc: b94017e1     	ldr	w1, [sp, #0x14]
40090800: 52800a00     	mov	w0, #0x50               // =80
40090804: 97ffff2b     	bl	0x400904b0 <reg_write32>
40090808: 14000001     	b	0x4009080c <virtio_net_send+0x18c>
4009080c: f0004428     	adrp	x8, 0x40917000 <tx_vq+0x1000>
40090810: 79400508     	ldrh	w8, [x8, #0x2]
40090814: 90004449     	adrp	x9, 0x40918000 <tx_hdr>
40090818: 79401529     	ldrh	w9, [x9, #0xa]
4009081c: 6b090108     	subs	w8, w8, w9
40090820: 54000181     	b.ne	0x40090850 <virtio_net_send+0x1d0>
40090824: 14000001     	b	0x40090828 <virtio_net_send+0x1a8>
40090828: f94013e1     	ldr	x1, [sp, #0x20]
4009082c: f0004400     	adrp	x0, 0x40913000 <local_mac>
40090830: 91003000     	add	x0, x0, #0xc
40090834: f90003e0     	str	x0, [sp]
40090838: 97ffd1c6     	bl	0x40084f50 <spinlock_release_irqrestore>
4009083c: 97ffeab9     	bl	0x4008b320 <process_sleep>
40090840: f94003e0     	ldr	x0, [sp]
40090844: 97ffd1b3     	bl	0x40084f10 <spinlock_acquire_irqsave>
40090848: f90013e0     	str	x0, [sp, #0x20]
4009084c: 17fffff0     	b	0x4009080c <virtio_net_send+0x18c>
40090850: f0004428     	adrp	x8, 0x40917000 <tx_vq+0x1000>
40090854: 79400508     	ldrh	w8, [x8, #0x2]
40090858: 90004449     	adrp	x9, 0x40918000 <tx_hdr>
4009085c: 79001528     	strh	w8, [x9, #0xa]
40090860: d5033fbf     	dmb	sy
40090864: f94013e1     	ldr	x1, [sp, #0x20]
40090868: f0004400     	adrp	x0, 0x40913000 <local_mac>
4009086c: 91003000     	add	x0, x0, #0xc
40090870: 97ffd1b8     	bl	0x40084f50 <spinlock_release_irqrestore>
40090874: 2a1f03e8     	mov	w8, wzr
40090878: b81fc3a8     	stur	w8, [x29, #-0x4]
4009087c: 14000001     	b	0x40090880 <virtio_net_send+0x200>
40090880: b85fc3a0     	ldur	w0, [x29, #-0x4]
40090884: a9447bfd     	ldp	x29, x30, [sp, #0x40]
40090888: 910143ff     	add	sp, sp, #0x50
4009088c: d65f03c0     	ret

0000000040090890 <virtio_net_handle_irq>:
40090890: d10103ff     	sub	sp, sp, #0x40
40090894: a9037bfd     	stp	x29, x30, [sp, #0x30]
40090898: 9100c3fd     	add	x29, sp, #0x30
4009089c: f0004400     	adrp	x0, 0x40913000 <local_mac>
400908a0: 91002000     	add	x0, x0, #0x8
400908a4: 97ffd19b     	bl	0x40084f10 <spinlock_acquire_irqsave>
400908a8: f81f83a0     	stur	x0, [x29, #-0x8]
400908ac: f0004408     	adrp	x8, 0x40913000 <local_mac>
400908b0: f9400908     	ldr	x8, [x8, #0x10]
400908b4: b50000e8     	cbnz	x8, 0x400908d0 <virtio_net_handle_irq+0x40>
400908b8: 14000001     	b	0x400908bc <virtio_net_handle_irq+0x2c>
400908bc: f85f83a1     	ldur	x1, [x29, #-0x8]
400908c0: f0004400     	adrp	x0, 0x40913000 <local_mac>
400908c4: 91002000     	add	x0, x0, #0x8
400908c8: 97ffd1a2     	bl	0x40084f50 <spinlock_release_irqrestore>
400908cc: 14000053     	b	0x40090a18 <virtio_net_handle_irq+0x188>
400908d0: 52800c00     	mov	w0, #0x60               // =96
400908d4: 97ffff03     	bl	0x400904e0 <reg_read32>
400908d8: b81f43a0     	stur	w0, [x29, #-0xc]
400908dc: b85f43a8     	ldur	w8, [x29, #-0xc]
400908e0: 340000c8     	cbz	w8, 0x400908f8 <virtio_net_handle_irq+0x68>
400908e4: 14000001     	b	0x400908e8 <virtio_net_handle_irq+0x58>
400908e8: b85f43a1     	ldur	w1, [x29, #-0xc]
400908ec: 52800c80     	mov	w0, #0x64               // =100
400908f0: 97fffef0     	bl	0x400904b0 <reg_write32>
400908f4: 14000001     	b	0x400908f8 <virtio_net_handle_irq+0x68>
400908f8: 14000001     	b	0x400908fc <virtio_net_handle_irq+0x6c>
400908fc: 90004448     	adrp	x8, 0x40918000 <tx_hdr>
40090900: 79401908     	ldrh	w8, [x8, #0xc]
40090904: b0004429     	adrp	x9, 0x40915000 <rx_vq+0x1000>
40090908: 79400529     	ldrh	w9, [x9, #0x2]
4009090c: 6b090108     	subs	w8, w8, w9
40090910: 540007a0     	b.eq	0x40090a04 <virtio_net_handle_irq+0x174>
40090914: 14000001     	b	0x40090918 <virtio_net_handle_irq+0x88>
40090918: d5033fbf     	dmb	sy
4009091c: 90004448     	adrp	x8, 0x40918000 <tx_hdr>
40090920: 79401908     	ldrh	w8, [x8, #0xc]
40090924: 12000d08     	and	w8, w8, #0xf
40090928: 781f23a8     	sturh	w8, [x29, #-0xe]
4009092c: 785f23a8     	ldurh	w8, [x29, #-0xe]
40090930: d37df109     	lsl	x9, x8, #3
40090934: b0004428     	adrp	x8, 0x40915000 <rx_vq+0x1000>
40090938: 91001108     	add	x8, x8, #0x4
4009093c: b8696909     	ldr	w9, [x8, x9]
40090940: b81ec3a9     	stur	w9, [x29, #-0x14]
40090944: 785f23a9     	ldurh	w9, [x29, #-0xe]
40090948: 8b090d08     	add	x8, x8, x9, lsl #3
4009094c: b9400508     	ldr	w8, [x8, #0x4]
40090950: b9001be8     	str	w8, [sp, #0x18]
40090954: b85ec3a8     	ldur	w8, [x29, #-0x14]
40090958: 53017d08     	lsr	w8, w8, #1
4009095c: b90017e8     	str	w8, [sp, #0x14]
40090960: b9401be8     	ldr	w8, [sp, #0x18]
40090964: 71002d08     	subs	w8, w8, #0xb
40090968: 540001a3     	b.lo	0x4009099c <virtio_net_handle_irq+0x10c>
4009096c: 14000001     	b	0x40090970 <virtio_net_handle_irq+0xe0>
40090970: b9401be8     	ldr	w8, [sp, #0x18]
40090974: 71002908     	subs	w8, w8, #0xa
40090978: b90013e8     	str	w8, [sp, #0x10]
4009097c: b94017e8     	ldr	w8, [sp, #0x14]
40090980: 2a0803e9     	mov	w9, w8
40090984: b0004448     	adrp	x8, 0x40919000 <rx_buffers>
40090988: 91000108     	add	x8, x8, #0x0
4009098c: 8b092d00     	add	x0, x8, x9, lsl #11
40090990: b94013e1     	ldr	w1, [sp, #0x10]
40090994: 97ffd6d7     	bl	0x400864f0 <net_rx_packet>
40090998: 14000001     	b	0x4009099c <virtio_net_handle_irq+0x10c>
4009099c: 90004429     	adrp	x9, 0x40914000 <rx_vq>
400909a0: 91040129     	add	x9, x9, #0x100
400909a4: 79400528     	ldrh	w8, [x9, #0x2]
400909a8: 12000d08     	and	w8, w8, #0xf
400909ac: 79001fe8     	strh	w8, [sp, #0xe]
400909b0: b85ec3a8     	ldur	w8, [x29, #-0x14]
400909b4: 79401fea     	ldrh	w10, [sp, #0xe]
400909b8: 8b0a052a     	add	x10, x9, x10, lsl #1
400909bc: 79000948     	strh	w8, [x10, #0x4]
400909c0: d5033fbf     	dmb	sy
400909c4: 79400528     	ldrh	w8, [x9, #0x2]
400909c8: 11000508     	add	w8, w8, #0x1
400909cc: 79000528     	strh	w8, [x9, #0x2]
400909d0: d5033fbf     	dmb	sy
400909d4: 90004449     	adrp	x9, 0x40918000 <tx_hdr>
400909d8: 79401928     	ldrh	w8, [x9, #0xc]
400909dc: 11000508     	add	w8, w8, #0x1
400909e0: 79001928     	strh	w8, [x9, #0xc]
400909e4: 52800600     	mov	w0, #0x30               // =48
400909e8: 2a1f03e1     	mov	w1, wzr
400909ec: b9000be1     	str	w1, [sp, #0x8]
400909f0: 97fffeb0     	bl	0x400904b0 <reg_write32>
400909f4: b9400be1     	ldr	w1, [sp, #0x8]
400909f8: 52800a00     	mov	w0, #0x50               // =80
400909fc: 97fffead     	bl	0x400904b0 <reg_write32>
40090a00: 17ffffbf     	b	0x400908fc <virtio_net_handle_irq+0x6c>
40090a04: f85f83a1     	ldur	x1, [x29, #-0x8]
40090a08: f0004400     	adrp	x0, 0x40913000 <local_mac>
40090a0c: 91002000     	add	x0, x0, #0x8
40090a10: 97ffd150     	bl	0x40084f50 <spinlock_release_irqrestore>
40090a14: 14000001     	b	0x40090a18 <virtio_net_handle_irq+0x188>
40090a18: a9437bfd     	ldp	x29, x30, [sp, #0x30]
40090a1c: 910103ff     	add	sp, sp, #0x40
40090a20: d65f03c0     	ret
		...

0000000040090a30 <virtio_net_test>:
40090a30: d10083ff     	sub	sp, sp, #0x20
40090a34: a9017bfd     	stp	x29, x30, [sp, #0x10]
40090a38: 910043fd     	add	x29, sp, #0x10
40090a3c: d1001ba0     	sub	x0, x29, #0x6
40090a40: 97fffd9c     	bl	0x400900b0 <virtio_net_get_mac>
40090a44: 52800028     	mov	w8, #0x1                // =1
40090a48: b90007e8     	str	w8, [sp, #0x4]
40090a4c: 2a1f03e8     	mov	w8, wzr
40090a50: b90003e8     	str	w8, [sp]
40090a54: 14000001     	b	0x40090a58 <virtio_net_test+0x28>
40090a58: b94003e8     	ldr	w8, [sp]
40090a5c: 71001508     	subs	w8, w8, #0x5
40090a60: 540001ec     	b.gt	0x40090a9c <virtio_net_test+0x6c>
40090a64: 14000001     	b	0x40090a68 <virtio_net_test+0x38>
40090a68: b98003e9     	ldrsw	x9, [sp]
40090a6c: d1001ba8     	sub	x8, x29, #0x6
40090a70: 38696908     	ldrb	w8, [x8, x9]
40090a74: 340000a8     	cbz	w8, 0x40090a88 <virtio_net_test+0x58>
40090a78: 14000001     	b	0x40090a7c <virtio_net_test+0x4c>
40090a7c: 2a1f03e8     	mov	w8, wzr
40090a80: b90007e8     	str	w8, [sp, #0x4]
40090a84: 14000001     	b	0x40090a88 <virtio_net_test+0x58>
40090a88: 14000001     	b	0x40090a8c <virtio_net_test+0x5c>
40090a8c: b94003e8     	ldr	w8, [sp]
40090a90: 11000508     	add	w8, w8, #0x1
40090a94: b90003e8     	str	w8, [sp]
40090a98: 17fffff0     	b	0x40090a58 <virtio_net_test+0x28>
40090a9c: b94007e8     	ldr	w8, [sp, #0x4]
40090aa0: 34000208     	cbz	w8, 0x40090ae0 <virtio_net_test+0xb0>
40090aa4: 14000001     	b	0x40090aa8 <virtio_net_test+0x78>
40090aa8: 14000001     	b	0x40090aac <virtio_net_test+0x7c>
40090aac: d503201f     	nop
40090ab0: 10010400     	adr	x0, 0x40092b30 <UART0_FR+0x2008>
40090ab4: 97ffd21b     	bl	0x40085320 <uart_puts>
40090ab8: 52800280     	mov	w0, #0x14               // =20
40090abc: 97ffd235     	bl	0x40085390 <print_int>
40090ac0: b0000000     	adrp	x0, 0x40091000 <UART0_FR+0x4d8>
40090ac4: 913b0800     	add	x0, x0, #0xec2
40090ac8: 97ffd216     	bl	0x40085320 <uart_puts>
40090acc: d0000c89     	adrp	x9, 0x40222000 <syscall_tasks+0x7f8>
40090ad0: b9400d28     	ldr	w8, [x9, #0xc]
40090ad4: 11000508     	add	w8, w8, #0x1
40090ad8: b9000d28     	str	w8, [x9, #0xc]
40090adc: 14000003     	b	0x40090ae8 <virtio_net_test+0xb8>
40090ae0: 14000001     	b	0x40090ae4 <virtio_net_test+0xb4>
40090ae4: 14000001     	b	0x40090ae8 <virtio_net_test+0xb8>
40090ae8: a9417bfd     	ldp	x29, x30, [sp, #0x10]
40090aec: 910083ff     	add	sp, sp, #0x20
40090af0: d65f03c0     	ret
40090af4: d503201f     	nop
40090af8: d503201f     	nop
40090afc: d503201f     	nop

0000000040090b00 <virtio_net_test_suite>:
40090b00: a9bf7bfd     	stp	x29, x30, [sp, #-0x10]!
40090b04: 910003fd     	mov	x29, sp
40090b08: 90000000     	adrp	x0, 0x40090000 <virtio_input_init+0x360>
40090b0c: 91358400     	add	x0, x0, #0xd61
40090b10: 97ffd204     	bl	0x40085320 <uart_puts>
40090b14: 97ffffc7     	bl	0x40090a30 <virtio_net_test>
40090b18: a8c17bfd     	ldp	x29, x30, [sp], #0x10
40090b1c: d65f03c0     	ret
